2026-06-28 12:56:33 DEBUG cic.cs.unb.ca.jnetpcap.worker.ReadPcapFileWorker    Working on... C:\Users\Lenovo\Desktop\hybrid_ids_final_ir_integration\uploads\benign-25MB.pcap
2026-06-28 12:56:33 DEBUG cic.cs.unb.ca.jnetpcap.PacketReader    Read All packets on C:\Users\Lenovo\Desktop\hybrid_ids_final_ir_integration\uploads\benign-25MB.pcap
2026-06-28 12:57:50 ERROR cic.cs.unb.ca.jnetpcap.PacketReader    Error while opening file for capture: bad dump file format
2026-06-28 12:57:51 ERROR cic.cs.unb.ca.jnetpcap.PacketReader    Error while opening file for capture: bad dump file format
2026-06-28 12:58:08 DEBUG cic.cs.unb.ca.jnetpcap.worker.ReadPcapFileWorker    Working on... C:\Users\Lenovo\Desktop\hybrid_ids_final_ir_integration\uploads\bruteforce.pcap
2026-06-28 12:58:08 INFO  cic.cs.unb.ca.jnetpcap.FlowGenerator    Forward flow closed due to FIN Flag
2026-06-28 12:58:08 DEBUG cic.cs.unb.ca.jnetpcap.FlowGenerator    FlagFIN current has 1 flow
2026-06-28 12:58:08 INFO  cic.cs.unb.ca.jnetpcap.FlowGenerator    Forward flow closed due to FIN Flag
2026-06-28 12:58:08 DEBUG cic.cs.unb.ca.jnetpcap.FlowGenerator    FlagFIN current has 2 flow
2026-06-28 12:58:08 DEBUG cic.cs.unb.ca.jnetpcap.FlowGenerator    FlagFIN current has 3 flow
2026-06-28 12:58:08 DEBUG cic.cs.unb.ca.jnetpcap.FlowGenerator    FlagFIN current has 4 flow
2026-06-28 12:58:08 DEBUG cic.cs.unb.ca.jnetpcap.FlowGenerator    FlagFIN current has 4 flow
2026-06-28 12:58:08 DEBUG cic.cs.unb.ca.jnetpcap.FlowGenerator    FlagFIN current has 5 flow
2026-06-28 12:58:08 INFO  cic.cs.unb.ca.jnetpcap.FlowGenerator    Forward flow closed due to FIN Flag
2026-06-28 12:58:08 DEBUG cic.cs.unb.ca.jnetpcap.FlowGenerator    FlagFIN current has 5 flow
2026-06-28 12:58:08 INFO  cic.cs.unb.ca.jnetpcap.FlowGenerator    Forward flow closed due to FIN Flag
2026-06-28 12:58:08 DEBUG cic.cs.unb.ca.jnetpcap.FlowGenerator    FlagFIN current has 6 flow
2026-06-28 12:58:08 INFO  cic.cs.unb.ca.jnetpcap.FlowGenerator    Forward flow closed due to FIN Flag
2026-06-28 12:58:08 DEBUG cic.cs.unb.ca.jnetpcap.FlowGenerator    FlagFIN current has 7 flow
2026-06-28 12:58:08 INFO  cic.cs.unb.ca.jnetpcap.FlowGenerator    Forward flow closed due to FIN Flag
2026-06-28 12:58:08 DEBUG cic.cs.unb.ca.jnetpcap.FlowGenerator    FlagFIN current has 8 flow
2026-06-28 12:58:08 INFO  cic.cs.unb.ca.jnetpcap.FlowGenerator    Forward flow closed due to FIN Flag
2026-06-28 12:58:08 DEBUG cic.cs.unb.ca.jnetpcap.FlowGenerator    FlagFIN current has 9 flow
2026-06-28 12:58:08 INFO  cic.cs.unb.ca.jnetpcap.FlowGenerator    Forward flow closed due to FIN Flag
2026-06-28 12:58:08 DEBUG cic.cs.unb.ca.jnetpcap.FlowGenerator    FlagFIN current has 10 flow
2026-06-28 12:58:08 INFO  cic.cs.unb.ca.jnetpcap.FlowGenerator    Forward flow closed due to FIN Flag
2026-06-28 12:58:08 DEBUG cic.cs.unb.ca.jnetpcap.FlowGenerator    FlagFIN current has 11 flow
2026-06-28 12:58:08 INFO  cic.cs.unb.ca.jnetpcap.FlowGenerator    Forward flow closed due to FIN Flag
2026-06-28 12:58:08 DEBUG cic.cs.unb.ca.jnetpcap.FlowGenerator    FlagFIN current has 12 flow
2026-06-28 12:58:08 INFO  cic.cs.unb.ca.jnetpcap.FlowGenerator    Forward flow closed due to FIN Flag
2026-06-28 12:58:08 DEBUG cic.cs.unb.ca.jnetpcap.FlowGenerator    FlagFIN current has 13 flow
2026-06-28 12:58:08 INFO  cic.cs.unb.ca.jnetpcap.FlowGenerator    Forward flow closed due to FIN Flag
2026-06-28 12:58:08 DEBUG cic.cs.unb.ca.jnetpcap.FlowGenerator    FlagFIN current has 14 flow
2026-06-28 12:58:08 INFO  cic.cs.unb.ca.jnetpcap.FlowGenerator    Forward flow closed due to FIN Flag
2026-06-28 12:58:08 DEBUG cic.cs.unb.ca.jnetpcap.FlowGenerator    FlagFIN current has 15 flow
2026-06-28 12:58:08 INFO  cic.cs.unb.ca.jnetpcap.FlowGenerator    Forward flow closed due to FIN Flag
2026-06-28 12:58:08 DEBUG cic.cs.unb.ca.jnetpcap.FlowGenerator    FlagFIN current has 16 flow
2026-06-28 12:58:08 INFO  cic.cs.unb.ca.jnetpcap.FlowGenerator    Forward flow closed due to FIN Flag
2026-06-28 12:58:08 DEBUG cic.cs.unb.ca.jnetpcap.FlowGenerator    FlagFIN current has 17 flow
2026-06-28 12:58:08 INFO  cic.cs.unb.ca.jnetpcap.FlowGenerator    Forward flow closed due to FIN Flag
2026-06-28 12:58:08 DEBUG cic.cs.unb.ca.jnetpcap.FlowGenerator    FlagFIN current has 18 flow
2026-06-28 12:58:08 INFO  cic.cs.unb.ca.jnetpcap.FlowGenerator    Forward flow closed due to FIN Flag
2026-06-28 12:58:08 DEBUG cic.cs.unb.ca.jnetpcap.FlowGenerator    FlagFIN current has 19 flow
2026-06-28 12:58:08 INFO  cic.cs.unb.ca.jnetpcap.FlowGenerator    Forward flow closed due to FIN Flag
2026-06-28 12:58:08 DEBUG cic.cs.unb.ca.jnetpcap.FlowGenerator    FlagFIN current has 20 flow
2026-06-28 12:58:08 INFO  cic.cs.unb.ca.jnetpcap.FlowGenerator    Forward flow closed due to FIN Flag
2026-06-28 12:58:08 DEBUG cic.cs.unb.ca.jnetpcap.FlowGenerator    FlagFIN current has 21 flow
2026-06-28 12:58:08 INFO  cic.cs.unb.ca.jnetpcap.FlowGenerator    Forward flow closed due to FIN Flag
2026-06-28 12:58:08 DEBUG cic.cs.unb.ca.jnetpcap.FlowGenerator    FlagFIN current has 22 flow
2026-06-28 12:58:08 INFO  cic.cs.unb.ca.jnetpcap.FlowGenerator    Forward flow closed due to FIN Flag
2026-06-28 12:58:08 DEBUG cic.cs.unb.ca.jnetpcap.FlowGenerator    FlagFIN current has 23 flow
2026-06-28 12:58:08 INFO  cic.cs.unb.ca.jnetpcap.FlowGenerator    Forward flow closed due to FIN Flag
2026-06-28 12:58:08 DEBUG cic.cs.unb.ca.jnetpcap.FlowGenerator    FlagFIN current has 24 flow
2026-06-28 12:58:08 INFO  cic.cs.unb.ca.jnetpcap.FlowGenerator    Forward flow closed due to FIN Flag
2026-06-28 12:58:08 DEBUG cic.cs.unb.ca.jnetpcap.FlowGenerator    FlagFIN current has 25 flow
2026-06-28 12:58:08 INFO  cic.cs.unb.ca.jnetpcap.FlowGenerator    Forward flow closed due to FIN Flag
2026-06-28 12:58:08 DEBUG cic.cs.unb.ca.jnetpcap.FlowGenerator    FlagFIN current has 26 flow
2026-06-28 12:58:08 INFO  cic.cs.unb.ca.jnetpcap.FlowGenerator    Forward flow closed due to FIN Flag
2026-06-28 12:58:08 DEBUG cic.cs.unb.ca.jnetpcap.FlowGenerator    FlagFIN current has 27 flow
2026-06-28 12:58:08 INFO  cic.cs.unb.ca.jnetpcap.FlowGenerator    Forward flow closed due to FIN Flag
2026-06-28 12:58:08 DEBUG cic.cs.unb.ca.jnetpcap.FlowGenerator    FlagFIN current has 28 flow
2026-06-28 12:58:08 INFO  cic.cs.unb.ca.jnetpcap.FlowGenerator    Forward flow closed due to FIN Flag
2026-06-28 12:58:08 DEBUG cic.cs.unb.ca.jnetpcap.FlowGenerator    FlagFIN current has 29 flow
2026-06-28 12:58:08 INFO  cic.cs.unb.ca.jnetpcap.FlowGenerator    Forward flow closed due to FIN Flag
2026-06-28 12:58:08 DEBUG cic.cs.unb.ca.jnetpcap.FlowGenerator    FlagFIN current has 30 flow
2026-06-28 12:58:08 DEBUG cic.cs.unb.ca.jnetpcap.PacketReader    Read All packets on C:\Users\Lenovo\Desktop\hybrid_ids_final_ir_integration\uploads\bruteforce.pcap
2026-06-28 13:13:55 DEBUG cic.cs.unb.ca.jnetpcap.worker.ReadPcapFileWorker    Working on... C:\Users\Lenovo\Desktop\hybrid_ids_final_ir_integration\uploads\web_attack(bruteforce).pcap
2026-06-28 13:13:55 DEBUG cic.cs.unb.ca.jnetpcap.PacketReader    Invalid [0,48,48) range.
JMemory: JMemory@2345bf5da86class org.jnetpcap.protocol.network.Ip4: size=20 bytes
JMemory: owner=nio.JMemoryPool$Block.class(size=32768/offset=32086)
********************************************************************************
0000:*dc a6 32 f8  6a 3c e4 5f  01 96 47 65  08 06 00 01    ..2.j<._..Ge....
0010: 08 00 06 04  00 01 e4 5f  01 96 47 65  c0 a8 00 65    ......._..Ge...e
0020: 00 00 00 00  00 00 c0 a8  00 03                       ..........      


2026-06-28 13:13:55 DEBUG cic.cs.unb.ca.jnetpcap.PacketReader    null
********************************************************************************
0000:*e4 5f 01 96  47 65 dc a6  32 f8 6a 3c  08 06 00 01*   ._..Ge..2.j<....
0010: 08 00 06 04  00 02 dc a6  32 f8 6a 3c  c0 a8 00 03    ........2.j<....
0020: e4 5f 01 96  47 65 c0 a8  00 65*                      ._..Ge...e      


2026-06-28 13:13:55 DEBUG cic.cs.unb.ca.jnetpcap.PacketReader    null
********************************************************************************
0000:*33 33 00 00  00 01 72 5d  cc cd 13 20* 86 dd 60 00    33....r]... ..`.
0010: 00 00 00 24  00 01 fe 80  00 00 00 00  00 00 70 5d    ...$..........p]
0020: cc ff fe cd  13 20 ff 02  00 00 00 00  00 00 00 00    ..... ..........
0030: 00 00 00 00  00 01 3a 00  05 02 00 00  01 00 82 00    ......:.........
0040: 2c f1 03 e8  00 00 00 00  00 00 00 00  00 00 00 00    ,...............
0050: 00 00 00 00  00 00 00 00  00 00*                      ..........      


2026-06-28 13:13:55 DEBUG cic.cs.unb.ca.jnetpcap.PacketReader    null
********************************************************************************
0000:*33 33 00 00  00 16 e4 5f  01 96 47 65* 86 dd 60 00    33....._..Ge..`.
0010: 00 00 00 38  00 01 fe 80  00 00 00 00  00 00 f8 d0    ...8............
0020: 36 ba 92 4b  e0 c2 ff 02  00 00 00 00  00 00 00 00    6..K............
0030: 00 00 00 00  00 16 3a 00  05 02 00 00  01 00 8f 00    ......:.........
0040: ed 4e 00 00  00 02 02 00  00 00 ff 02  00 00 00 00    .N..............
0050: 00 00 00 00  00 01 ff 4b  e0 c2 02 00  00 00 ff 02    .......K........
0060: 00 00 00 00  00 00 00 00  00 00 00 00  00 fb*         ..............  


2026-06-28 13:13:55 DEBUG cic.cs.unb.ca.jnetpcap.PacketReader    null
********************************************************************************
0000:*e4 5f 01 96  47 65 dc a6  32 f8 6a 3c  08 06 00 01*   ._..Ge..2.j<....
0010: 08 00 06 04  00 01 dc a6  32 f8 6a 3c  c0 a8 00 03    ........2.j<....
0020: 00 00 00 00  00 00 c0 a8  00 65*                      .........e      


2026-06-28 13:13:55 DEBUG cic.cs.unb.ca.jnetpcap.PacketReader    Invalid [0,48,48) range.
JMemory: JMemory@2345c2f65ecclass org.jnetpcap.protocol.network.Ip4: size=16 bytes
JMemory: owner=nio.JMemoryPool$Block.class(size=32768/offset=25964)
********************************************************************************
0000:*dc a6 32 f8  6a 3c e4 5f  01 96 47 65  08 06 00 01    ..2.j<._..Ge....
0010: 08 00 06 04  00 02 e4 5f  01 96 47 65  c0 a8 00 65    ......._..Ge...e
0020: dc a6 32 f8  6a 3c c0 a8  00 03                       ..2.j<....      


2026-06-28 13:13:55 DEBUG cic.cs.unb.ca.jnetpcap.PacketReader    Invalid [0,48,48) range.
JMemory: JMemory@2345c30894eclass org.jnetpcap.protocol.network.Ip4: size=20 bytes
JMemory: owner=nio.JMemoryPool$Block.class(size=32768/offset=2206)
********************************************************************************
0000:*dc a6 32 f8  6a 3c e4 5f  01 96 47 65  08 06 00 01    ..2.j<._..Ge....
0010: 08 00 06 04  00 01 e4 5f  01 96 47 65  c0 a8 00 65    ......._..Ge...e
0020: 00 00 00 00  00 00 c0 a8  00 03                       ..........      


2026-06-28 13:13:55 DEBUG cic.cs.unb.ca.jnetpcap.PacketReader    null
********************************************************************************
0000:*e4 5f 01 96  47 65 dc a6  32 f8 6a 3c  08 06 00 01*   ._..Ge..2.j<....
0010: 08 00 06 04  00 02 dc a6  32 f8 6a 3c  c0 a8 00 03    ........2.j<....
0020: e4 5f 01 96  47 65 c0 a8  00 65*                      ._..Ge...e      


2026-06-28 13:13:55 DEBUG cic.cs.unb.ca.jnetpcap.PacketReader    Invalid [0,48,48) range.
JMemory: JMemory@2345c336e0aclass org.jnetpcap.protocol.network.Ip4: size=20 bytes
JMemory: owner=nio.JMemoryPool$Block.class(size=32768/offset=27914)
********************************************************************************
0000:*dc a6 32 f8  6a 3c e4 5f  01 96 47 65  08 06 00 01    ..2.j<._..Ge....
0010: 08 00 06 04  00 01 e4 5f  01 96 47 65  c0 a8 00 65    ......._..Ge...e
0020: 00 00 00 00  00 00 c0 a8  00 03                       ..........      


2026-06-28 13:13:55 DEBUG cic.cs.unb.ca.jnetpcap.PacketReader    null
********************************************************************************
0000:*e4 5f 01 96  47 65 dc a6  32 f8 6a 3c  08 06 00 01*   ._..Ge..2.j<....
0010: 08 00 06 04  00 02 dc a6  32 f8 6a 3c  c0 a8 00 03    ........2.j<....
0020: e4 5f 01 96  47 65 c0 a8  00 65*                      ._..Ge...e      


2026-06-28 13:13:55 DEBUG cic.cs.unb.ca.jnetpcap.PacketReader    null
********************************************************************************
0000:*e4 5f 01 96  47 65 dc a6  32 f8 6a 3c  08 06 00 01*   ._..Ge..2.j<....
0010: 08 00 06 04  00 01 dc a6  32 f8 6a 3c  c0 a8 00 03    ........2.j<....
0020: 00 00 00 00  00 00 c0 a8  00 65*                      .........e      


2026-06-28 13:13:55 DEBUG cic.cs.unb.ca.jnetpcap.PacketReader    Invalid [0,48,48) range.
JMemory: JMemory@2345c342938class org.jnetpcap.protocol.network.Ip4: size=16 bytes
JMemory: owner=nio.JMemoryPool$Block.class(size=32768/offset=10264)
********************************************************************************
0000:*dc a6 32 f8  6a 3c e4 5f  01 96 47 65  08 06 00 01    ..2.j<._..Ge....
0010: 08 00 06 04  00 02 e4 5f  01 96 47 65  c0 a8 00 65    ......._..Ge...e
0020: dc a6 32 f8  6a 3c c0 a8  00 03                       ..2.j<....      


2026-06-28 13:13:55 DEBUG cic.cs.unb.ca.jnetpcap.PacketReader    null
********************************************************************************
0000:*33 33 00 00  00 01 72 5d  cc cd 13 20* 86 dd 60 00    33....r]... ..`.
0010: 00 00 00 24  00 01 fe 80  00 00 00 00  00 00 70 5d    ...$..........p]
0020: cc ff fe cd  13 20 ff 02  00 00 00 00  00 00 00 00    ..... ..........
0030: 00 00 00 00  00 01 3a 00  05 02 00 00  01 00 82 00    ......:.........
0040: 2c f1 03 e8  00 00 00 00  00 00 00 00  00 00 00 00    ,...............
0050: 00 00 00 00  00 00 00 00  00 00*                      ..........      


2026-06-28 13:13:55 DEBUG cic.cs.unb.ca.jnetpcap.PacketReader    null
********************************************************************************
0000:*33 33 00 00  00 16 e4 5f  01 96 47 65* 86 dd 60 00    33....._..Ge..`.
0010: 00 00 00 38  00 01 fe 80  00 00 00 00  00 00 f8 d0    ...8............
0020: 36 ba 92 4b  e0 c2 ff 02  00 00 00 00  00 00 00 00    6..K............
0030: 00 00 00 00  00 16 3a 00  05 02 00 00  01 00 8f 00    ......:.........
0040: ed 4e 00 00  00 02 02 00  00 00 ff 02  00 00 00 00    .N..............
0050: 00 00 00 00  00 01 ff 4b  e0 c2 02 00  00 00 ff 02    .......K........
0060: 00 00 00 00  00 00 00 00  00 00 00 00  00 fb*         ..............  


2026-06-28 13:13:55 DEBUG cic.cs.unb.ca.jnetpcap.PacketReader    Invalid [0,48,48) range.
JMemory: JMemory@2345c36818eclass org.jnetpcap.protocol.network.Ip4: size=20 bytes
JMemory: owner=nio.JMemoryPool$Block.class(size=32768/offset=30)
********************************************************************************
0000:*dc a6 32 f8  6a 3c e4 5f  01 96 47 65  08 06 00 01    ..2.j<._..Ge....
0010: 08 00 06 04  00 01 e4 5f  01 96 47 65  c0 a8 00 65    ......._..Ge...e
0020: 00 00 00 00  00 00 c0 a8  00 03                       ..........      


2026-06-28 13:13:55 DEBUG cic.cs.unb.ca.jnetpcap.PacketReader    null
********************************************************************************
0000:*e4 5f 01 96  47 65 dc a6  32 f8 6a 3c  08 06 00 01*   ._..Ge..2.j<....
0010: 08 00 06 04  00 02 dc a6  32 f8 6a 3c  c0 a8 00 03    ........2.j<....
0020: e4 5f 01 96  47 65 c0 a8  00 65*                      ._..Ge...e      


2026-06-28 13:13:55 DEBUG cic.cs.unb.ca.jnetpcap.PacketReader    null
********************************************************************************
0000:*e4 5f 01 96  47 65 dc a6  32 f8 6a 3c  08 06 00 01*   ._..Ge..2.j<....
0010: 08 00 06 04  00 01 dc a6  32 f8 6a 3c  c0 a8 00 03    ........2.j<....
0020: 00 00 00 00  00 00 c0 a8  00 65*                      .........e      


2026-06-28 13:13:55 DEBUG cic.cs.unb.ca.jnetpcap.PacketReader    Invalid [0,48,48) range.
JMemory: JMemory@2345c3935f4class org.jnetpcap.protocol.network.Ip4: size=16 bytes
JMemory: owner=nio.JMemoryPool$Block.class(size=32768/offset=13364)
********************************************************************************
0000:*dc a6 32 f8  6a 3c e4 5f  01 96 47 65  08 06 00 01    ..2.j<._..Ge....
0010: 08 00 06 04  00 02 e4 5f  01 96 47 65  c0 a8 00 65    ......._..Ge...e
0020: dc a6 32 f8  6a 3c c0 a8  00 03                       ..2.j<....      


2026-06-28 13:13:55 DEBUG cic.cs.unb.ca.jnetpcap.PacketReader    Invalid [0,48,48) range.
JMemory: JMemory@2345c396842class org.jnetpcap.protocol.network.Ip4: size=20 bytes
JMemory: owner=nio.JMemoryPool$Block.class(size=32768/offset=26242)
********************************************************************************
0000:*dc a6 32 f8  6a 3c e4 5f  01 96 47 65  08 06 00 01    ..2.j<._..Ge....
0010: 08 00 06 04  00 01 e4 5f  01 96 47 65  c0 a8 00 65    ......._..Ge...e
0020: 00 00 00 00  00 00 c0 a8  00 03                       ..........      


2026-06-28 13:13:55 DEBUG cic.cs.unb.ca.jnetpcap.PacketReader    null
********************************************************************************
0000:*e4 5f 01 96  47 65 dc a6  32 f8 6a 3c  08 06 00 01*   ._..Ge..2.j<....
0010: 08 00 06 04  00 02 dc a6  32 f8 6a 3c  c0 a8 00 03    ........2.j<....
0020: e4 5f 01 96  47 65 c0 a8  00 65*                      ._..Ge...e      


2026-06-28 13:13:55 DEBUG cic.cs.unb.ca.jnetpcap.PacketReader    Invalid [0,48,48) range.
JMemory: JMemory@2345c3992a0class org.jnetpcap.protocol.network.Ip4: size=42 bytes
JMemory: owner=nio.JMemoryPool$Block.class(size=32768/offset=4304)
********************************************************************************
0000:*dc a6 32 f8  6a 3c e4 5f  01 96 47 65  08 06 00 01    ..2.j<._..Ge....
0010: 08 00 06 04  00 02 e4 5f  01 96 47 65  c0 a8 00 65    ......._..Ge...e
0020: dc a6 32 f8  6a 3c c0 a8  00 03                       ..2.j<....      


2026-06-28 13:13:55 DEBUG cic.cs.unb.ca.jnetpcap.PacketReader    null
********************************************************************************
0000:*33 33 00 00  00 01 72 5d  cc cd 13 20* 86 dd 60 00    33....r]... ..`.
0010: 00 00 00 24  00 01 fe 80  00 00 00 00  00 00 70 5d    ...$..........p]
0020: cc ff fe cd  13 20 ff 02  00 00 00 00  00 00 00 00    ..... ..........
0030: 00 00 00 00  00 01 3a 00  05 02 00 00  01 00 82 00    ......:.........
0040: 2c f1 03 e8  00 00 00 00  00 00 00 00  00 00 00 00    ,...............
0050: 00 00 00 00  00 00 00 00  00 00*                      ..........      


2026-06-28 13:13:55 DEBUG cic.cs.unb.ca.jnetpcap.PacketReader    null
********************************************************************************
0000:*33 33 00 00  00 16 e4 5f  01 96 47 65* 86 dd 60 00    33....._..Ge..`.
0010: 00 00 00 38  00 01 fe 80  00 00 00 00  00 00 f8 d0    ...8............
0020: 36 ba 92 4b  e0 c2 ff 02  00 00 00 00  00 00 00 00    6..K............
0030: 00 00 00 00  00 16 3a 00  05 02 00 00  01 00 8f 00    ......:.........
0040: ed 4e 00 00  00 02 02 00  00 00 ff 02  00 00 00 00    .N..............
0050: 00 00 00 00  00 01 ff 4b  e0 c2 02 00  00 00 ff 02    .......K........
0060: 00 00 00 00  00 00 00 00  00 00 00 00  00 fb*         ..............  


2026-06-28 13:13:55 DEBUG cic.cs.unb.ca.jnetpcap.PacketReader    Invalid [0,48,48) range.
JMemory: JMemory@2345c3c6dfaclass org.jnetpcap.protocol.network.Ip4: size=20 bytes
JMemory: owner=nio.JMemoryPool$Block.class(size=32768/offset=27610)
********************************************************************************
0000:*dc a6 32 f8  6a 3c e4 5f  01 96 47 65  08 06 00 01    ..2.j<._..Ge....
0010: 08 00 06 04  00 01 e4 5f  01 96 47 65  c0 a8 00 65    ......._..Ge...e
0020: 00 00 00 00  00 00 c0 a8  00 03                       ..........      


2026-06-28 13:13:55 DEBUG cic.cs.unb.ca.jnetpcap.PacketReader    null
********************************************************************************
0000:*e4 5f 01 96  47 65 dc a6  32 f8 6a 3c  08 06 00 01*   ._..Ge..2.j<....
0010: 08 00 06 04  00 02 dc a6  32 f8 6a 3c  c0 a8 00 03    ........2.j<....
0020: e4 5f 01 96  47 65 c0 a8  00 65*                      ._..Ge...e      


2026-06-28 13:13:55 DEBUG cic.cs.unb.ca.jnetpcap.PacketReader    null
********************************************************************************
0000:*e4 5f 01 96  47 65 dc a6  32 f8 6a 3c  08 06 00 01*   ._..Ge..2.j<....
0010: 08 00 06 04  00 01 dc a6  32 f8 6a 3c  c0 a8 00 03    ........2.j<....
0020: 00 00 00 00  00 00 c0 a8  00 65*                      .........e      


2026-06-28 13:13:55 DEBUG cic.cs.unb.ca.jnetpcap.PacketReader    Invalid [0,48,48) range.
JMemory: JMemory@2345c3e87e0class org.jnetpcap.protocol.network.Ip4: size=16 bytes
JMemory: owner=nio.JMemoryPool$Block.class(size=32768/offset=1392)
********************************************************************************
0000:*dc a6 32 f8  6a 3c e4 5f  01 96 47 65  08 06 00 01    ..2.j<._..Ge....
0010: 08 00 06 04  00 02 e4 5f  01 96 47 65  c0 a8 00 65    ......._..Ge...e
0020: dc a6 32 f8  6a 3c c0 a8  00 03                       ..2.j<....      


2026-06-28 13:13:55 DEBUG cic.cs.unb.ca.jnetpcap.PacketReader    Invalid [0,48,48) range.
JMemory: JMemory@2345c3f7e92class org.jnetpcap.protocol.network.Ip4: size=20 bytes
JMemory: owner=nio.JMemoryPool$Block.class(size=32768/offset=31762)
********************************************************************************
0000:*dc a6 32 f8  6a 3c e4 5f  01 96 47 65  08 06 00 01    ..2.j<._..Ge....
0010: 08 00 06 04  00 01 e4 5f  01 96 47 65  c0 a8 00 65    ......._..Ge...e
0020: 00 00 00 00  00 00 c0 a8  00 03                       ..........      


2026-06-28 13:13:55 DEBUG cic.cs.unb.ca.jnetpcap.PacketReader    null
********************************************************************************
0000:*e4 5f 01 96  47 65 dc a6  32 f8 6a 3c  08 06 00 01*   ._..Ge..2.j<....
0010: 08 00 06 04  00 02 dc a6  32 f8 6a 3c  c0 a8 00 03    ........2.j<....
0020: e4 5f 01 96  47 65 c0 a8  00 65*                      ._..Ge...e      


2026-06-28 13:13:55 DEBUG cic.cs.unb.ca.jnetpcap.PacketReader    Invalid [0,48,48) range.
JMemory: JMemory@2345c4266e6class org.jnetpcap.protocol.network.Ip4: size=20 bytes
JMemory: owner=nio.JMemoryPool$Block.class(size=32768/offset=25606)
********************************************************************************
0000:*dc a6 32 f8  6a 3c e4 5f  01 96 47 65  08 06 00 01    ..2.j<._..Ge....
0010: 08 00 06 04  00 01 e4 5f  01 96 47 65  c0 a8 00 65    ......._..Ge...e
0020: 00 00 00 00  00 00 c0 a8  00 03                       ..........      


2026-06-28 13:13:55 DEBUG cic.cs.unb.ca.jnetpcap.PacketReader    null
********************************************************************************
0000:*e4 5f 01 96  47 65 dc a6  32 f8 6a 3c  08 06 00 01*   ._..Ge..2.j<....
0010: 08 00 06 04  00 02 dc a6  32 f8 6a 3c  c0 a8 00 03    ........2.j<....
0020: e4 5f 01 96  47 65 c0 a8  00 65*                      ._..Ge...e      


2026-06-28 13:13:55 DEBUG cic.cs.unb.ca.jnetpcap.PacketReader    null
********************************************************************************
0000:*e4 5f 01 96  47 65 dc a6  32 f8 6a 3c  08 06 00 01*   ._..Ge..2.j<....
0010: 08 00 06 04  00 01 dc a6  32 f8 6a 3c  c0 a8 00 03    ........2.j<....
0020: 00 00 00 00  00 00 c0 a8  00 65*                      .........e      


2026-06-28 13:13:55 DEBUG cic.cs.unb.ca.jnetpcap.PacketReader    Invalid [0,48,48) range.
JMemory: JMemory@2345c3fced0class org.jnetpcap.protocol.network.Ip4: size=16 bytes
JMemory: owner=nio.JMemoryPool$Block.class(size=32768/offset=19520)
********************************************************************************
0000:*dc a6 32 f8  6a 3c e4 5f  01 96 47 65  08 06 00 01    ..2.j<._..Ge....
0010: 08 00 06 04  00 02 e4 5f  01 96 47 65  c0 a8 00 65    ......._..Ge...e
0020: dc a6 32 f8  6a 3c c0 a8  00 03                       ..2.j<....      


2026-06-28 13:13:55 DEBUG cic.cs.unb.ca.jnetpcap.PacketReader    null
********************************************************************************
0000:*33 33 00 00  00 01 72 5d  cc cd 13 20* 86 dd 60 00    33....r]... ..`.
0010: 00 00 00 24  00 01 fe 80  00 00 00 00  00 00 70 5d    ...$..........p]
0020: cc ff fe cd  13 20 ff 02  00 00 00 00  00 00 00 00    ..... ..........
0030: 00 00 00 00  00 01 3a 00  05 02 00 00  01 00 82 00    ......:.........
0040: 2c f1 03 e8  00 00 00 00  00 00 00 00  00 00 00 00    ,...............
0050: 00 00 00 00  00 00 00 00  00 00*                      ..........      


2026-06-28 13:13:55 DEBUG cic.cs.unb.ca.jnetpcap.PacketReader    null
********************************************************************************
0000:*33 33 00 00  00 16 e4 5f  01 96 47 65* 86 dd 60 00    33....._..Ge..`.
0010: 00 00 00 38  00 01 fe 80  00 00 00 00  00 00 f8 d0    ...8............
0020: 36 ba 92 4b  e0 c2 ff 02  00 00 00 00  00 00 00 00    6..K............
0030: 00 00 00 00  00 16 3a 00  05 02 00 00  01 00 8f 00    ......:.........
0040: ed 4e 00 00  00 02 02 00  00 00 ff 02  00 00 00 00    .N..............
0050: 00 00 00 00  00 01 ff 4b  e0 c2 02 00  00 00 ff 02    .......K........
0060: 00 00 00 00  00 00 00 00  00 00 00 00  00 fb*         ..............  


2026-06-28 13:13:55 DEBUG cic.cs.unb.ca.jnetpcap.PacketReader    Invalid [0,48,48) range.
JMemory: JMemory@2345c41f71aclass org.jnetpcap.protocol.network.Ip4: size=20 bytes
JMemory: owner=nio.JMemoryPool$Block.class(size=32768/offset=29770)
********************************************************************************
0000:*dc a6 32 f8  6a 3c e4 5f  01 96 47 65  08 06 00 01    ..2.j<._..Ge....
0010: 08 00 06 04  00 01 e4 5f  01 96 47 65  c0 a8 00 65    ......._..Ge...e
0020: 00 00 00 00  00 00 c0 a8  00 03                       ..........      


2026-06-28 13:13:55 DEBUG cic.cs.unb.ca.jnetpcap.PacketReader    null
********************************************************************************
0000:*e4 5f 01 96  47 65 dc a6  32 f8 6a 3c  08 06 00 01*   ._..Ge..2.j<....
0010: 08 00 06 04  00 02 dc a6  32 f8 6a 3c  c0 a8 00 03    ........2.j<....
0020: e4 5f 01 96  47 65 c0 a8  00 65*                      ._..Ge...e      


2026-06-28 13:13:55 DEBUG cic.cs.unb.ca.jnetpcap.PacketReader    null
********************************************************************************
0000:*e4 5f 01 96  47 65 dc a6  32 f8 6a 3c  08 06 00 01*   ._..Ge..2.j<....
0010: 08 00 06 04  00 01 dc a6  32 f8 6a 3c  c0 a8 00 03    ........2.j<....
0020: 00 00 00 00  00 00 c0 a8  00 65*                      .........e      


2026-06-28 13:13:55 DEBUG cic.cs.unb.ca.jnetpcap.PacketReader    Invalid [0,48,48) range.
JMemory: JMemory@2345bf62858class org.jnetpcap.protocol.network.Ip4: size=16 bytes
JMemory: owner=nio.JMemoryPool$Block.class(size=32768/offset=19224)
********************************************************************************
0000:*dc a6 32 f8  6a 3c e4 5f  01 96 47 65  08 06 00 01    ..2.j<._..Ge....
0010: 08 00 06 04  00 02 e4 5f  01 96 47 65  c0 a8 00 65    ......._..Ge...e
0020: dc a6 32 f8  6a 3c c0 a8  00 03                       ..2.j<....      


2026-06-28 13:13:55 DEBUG cic.cs.unb.ca.jnetpcap.PacketReader    Invalid [0,48,48) range.
JMemory: JMemory@2345bf6473eclass org.jnetpcap.protocol.network.Ip4: size=20 bytes
JMemory: owner=nio.JMemoryPool$Block.class(size=32768/offset=27134)
********************************************************************************
0000:*dc a6 32 f8  6a 3c e4 5f  01 96 47 65  08 06 00 01    ..2.j<._..Ge....
0010: 08 00 06 04  00 01 e4 5f  01 96 47 65  c0 a8 00 65    ......._..Ge...e
0020: 00 00 00 00  00 00 c0 a8  00 03                       ..........      


2026-06-28 13:13:55 DEBUG cic.cs.unb.ca.jnetpcap.PacketReader    null
********************************************************************************
0000:*e4 5f 01 96  47 65 dc a6  32 f8 6a 3c  08 06 00 01*   ._..Ge..2.j<....
0010: 08 00 06 04  00 02 dc a6  32 f8 6a 3c  c0 a8 00 03    ........2.j<....
0020: e4 5f 01 96  47 65 c0 a8  00 65*                      ._..Ge...e      


2026-06-28 13:13:55 DEBUG cic.cs.unb.ca.jnetpcap.PacketReader    Invalid [0,48,48) range.
JMemory: JMemory@2345bf6e35cclass org.jnetpcap.protocol.network.Ip4: size=42 bytes
JMemory: owner=nio.JMemoryPool$Block.class(size=32768/offset=1532)
********************************************************************************
0000:*dc a6 32 f8  6a 3c e4 5f  01 96 47 65  08 06 00 01    ..2.j<._..Ge....
0010: 08 00 06 04  00 02 e4 5f  01 96 47 65  c0 a8 00 65    ......._..Ge...e
0020: dc a6 32 f8  6a 3c c0 a8  00 03                       ..2.j<....      


2026-06-28 13:13:55 DEBUG cic.cs.unb.ca.jnetpcap.PacketReader    null
********************************************************************************
0000:*e4 5f 01 96  47 65 70 5d  cc dd 13 23  08 06 00 01*   ._..Gep]...#....
0010: 08 00 06 04  00 01 70 5d  cc dd 13 23  c0 a8 00 01    ......p]...#....
0020: 00 00 00 00  00 00 c0 a8  00 65*                      .........e      


2026-06-28 13:13:55 DEBUG cic.cs.unb.ca.jnetpcap.PacketReader    null
********************************************************************************
0000:*e4 5f 01 96  47 65 70 5d  cc dd 13 23  08 06 00 01*   ._..Gep]...#....
0010: 08 00 06 04  00 02 70 5d  cc dd 13 23  c0 a8 00 01    ......p]...#....
0020: e4 5f 01 96  47 65 c0 a8  00 65*                      ._..Ge...e      


2026-06-28 13:13:55 DEBUG cic.cs.unb.ca.jnetpcap.PacketReader    null
********************************************************************************
0000:*33 33 00 00  00 01 72 5d  cc cd 13 20* 86 dd 60 00    33....r]... ..`.
0010: 00 00 00 24  00 01 fe 80  00 00 00 00  00 00 70 5d    ...$..........p]
0020: cc ff fe cd  13 20 ff 02  00 00 00 00  00 00 00 00    ..... ..........
0030: 00 00 00 00  00 01 3a 00  05 02 00 00  01 00 82 00    ......:.........
0040: 2c f1 03 e8  00 00 00 00  00 00 00 00  00 00 00 00    ,...............
0050: 00 00 00 00  00 00 00 00  00 00*                      ..........      


2026-06-28 13:13:55 DEBUG cic.cs.unb.ca.jnetpcap.PacketReader    null
********************************************************************************
0000:*33 33 00 00  00 16 e4 5f  01 96 47 65* 86 dd 60 00    33....._..Ge..`.
0010: 00 00 00 38  00 01 fe 80  00 00 00 00  00 00 f8 d0    ...8............
0020: 36 ba 92 4b  e0 c2 ff 02  00 00 00 00  00 00 00 00    6..K............
0030: 00 00 00 00  00 16 3a 00  05 02 00 00  01 00 8f 00    ......:.........
0040: ed 4e 00 00  00 02 02 00  00 00 ff 02  00 00 00 00    .N..............
0050: 00 00 00 00  00 01 ff 4b  e0 c2 02 00  00 00 ff 02    .......K........
0060: 00 00 00 00  00 00 00 00  00 00 00 00  00 fb*         ..............  


2026-06-28 13:13:55 DEBUG cic.cs.unb.ca.jnetpcap.PacketReader    Invalid [0,48,48) range.
JMemory: JMemory@2345c446a9eclass org.jnetpcap.protocol.network.Ip4: size=20 bytes
JMemory: owner=nio.JMemoryPool$Block.class(size=32768/offset=26494)
********************************************************************************
0000:*dc a6 32 f8  6a 3c e4 5f  01 96 47 65  08 06 00 01    ..2.j<._..Ge....
0010: 08 00 06 04  00 01 e4 5f  01 96 47 65  c0 a8 00 65    ......._..Ge...e
0020: 00 00 00 00  00 00 c0 a8  00 03                       ..........      


2026-06-28 13:13:55 DEBUG cic.cs.unb.ca.jnetpcap.PacketReader    null
********************************************************************************
0000:*e4 5f 01 96  47 65 dc a6  32 f8 6a 3c  08 06 00 01*   ._..Ge..2.j<....
0010: 08 00 06 04  00 02 dc a6  32 f8 6a 3c  c0 a8 00 03    ........2.j<....
0020: e4 5f 01 96  47 65 c0 a8  00 65*                      ._..Ge...e      


2026-06-28 13:13:55 DEBUG cic.cs.unb.ca.jnetpcap.PacketReader    null
********************************************************************************
0000:*e4 5f 01 96  47 65 dc a6  32 f8 6a 3c  08 06 00 01*   ._..Ge..2.j<....
0010: 08 00 06 04  00 01 dc a6  32 f8 6a 3c  c0 a8 00 03    ........2.j<....
0020: 00 00 00 00  00 00 c0 a8  00 65*                      .........e      


2026-06-28 13:13:55 DEBUG cic.cs.unb.ca.jnetpcap.PacketReader    Invalid [0,48,48) range.
JMemory: JMemory@2345c46df18class org.jnetpcap.protocol.network.Ip4: size=16 bytes
JMemory: owner=nio.JMemoryPool$Block.class(size=32768/offset=23464)
********************************************************************************
0000:*dc a6 32 f8  6a 3c e4 5f  01 96 47 65  08 06 00 01    ..2.j<._..Ge....
0010: 08 00 06 04  00 02 e4 5f  01 96 47 65  c0 a8 00 65    ......._..Ge...e
0020: dc a6 32 f8  6a 3c c0 a8  00 03                       ..2.j<....      


2026-06-28 13:13:55 DEBUG cic.cs.unb.ca.jnetpcap.PacketReader    Invalid [0,48,48) range.
JMemory: JMemory@2345c4776e2class org.jnetpcap.protocol.network.Ip4: size=20 bytes
JMemory: owner=nio.JMemoryPool$Block.class(size=32768/offset=29538)
********************************************************************************
0000:*dc a6 32 f8  6a 3c e4 5f  01 96 47 65  08 06 00 01    ..2.j<._..Ge....
0010: 08 00 06 04  00 01 e4 5f  01 96 47 65  c0 a8 00 65    ......._..Ge...e
0020: 00 00 00 00  00 00 c0 a8  00 03                       ..........      


2026-06-28 13:13:55 DEBUG cic.cs.unb.ca.jnetpcap.PacketReader    null
********************************************************************************
0000:*e4 5f 01 96  47 65 dc a6  32 f8 6a 3c  08 06 00 01*   ._..Ge..2.j<....
0010: 08 00 06 04  00 02 dc a6  32 f8 6a 3c  c0 a8 00 03    ........2.j<....
0020: e4 5f 01 96  47 65 c0 a8  00 65*                      ._..Ge...e      


2026-06-28 13:13:55 DEBUG cic.cs.unb.ca.jnetpcap.PacketReader    Invalid [0,48,48) range.
JMemory: JMemory@2345c4a5a8eclass org.jnetpcap.protocol.network.Ip4: size=20 bytes
JMemory: owner=nio.JMemoryPool$Block.class(size=32768/offset=22190)
********************************************************************************
0000:*dc a6 32 f8  6a 3c e4 5f  01 96 47 65  08 06 00 01    ..2.j<._..Ge....
0010: 08 00 06 04  00 01 e4 5f  01 96 47 65  c0 a8 00 65    ......._..Ge...e
0020: 00 00 00 00  00 00 c0 a8  00 03                       ..........      


2026-06-28 13:13:55 DEBUG cic.cs.unb.ca.jnetpcap.PacketReader    null
********************************************************************************
0000:*e4 5f 01 96  47 65 dc a6  32 f8 6a 3c  08 06 00 01*   ._..Ge..2.j<....
0010: 08 00 06 04  00 02 dc a6  32 f8 6a 3c  c0 a8 00 03    ........2.j<....
0020: e4 5f 01 96  47 65 c0 a8  00 65*                      ._..Ge...e      


2026-06-28 13:13:55 DEBUG cic.cs.unb.ca.jnetpcap.PacketReader    null
********************************************************************************
0000:*33 33 00 00  00 01 72 5d  cc cd 13 20* 86 dd 60 00    33....r]... ..`.
0010: 00 00 00 24  00 01 fe 80  00 00 00 00  00 00 70 5d    ...$..........p]
0020: cc ff fe cd  13 20 ff 02  00 00 00 00  00 00 00 00    ..... ..........
0030: 00 00 00 00  00 01 3a 00  05 02 00 00  01 00 82 00    ......:.........
0040: 2c f1 03 e8  00 00 00 00  00 00 00 00  00 00 00 00    ,...............
0050: 00 00 00 00  00 00 00 00  00 00*                      ..........      


2026-06-28 13:13:55 DEBUG cic.cs.unb.ca.jnetpcap.PacketReader    null
********************************************************************************
0000:*33 33 00 00  00 16 e4 5f  01 96 47 65* 86 dd 60 00    33....._..Ge..`.
0010: 00 00 00 38  00 01 fe 80  00 00 00 00  00 00 f8 d0    ...8............
0020: 36 ba 92 4b  e0 c2 ff 02  00 00 00 00  00 00 00 00    6..K............
0030: 00 00 00 00  00 16 3a 00  05 02 00 00  01 00 8f 00    ......:.........
0040: ed 4e 00 00  00 02 02 00  00 00 ff 02  00 00 00 00    .N..............
0050: 00 00 00 00  00 01 ff 4b  e0 c2 02 00  00 00 ff 02    .......K........
0060: 00 00 00 00  00 00 00 00  00 00 00 00  00 fb*         ..............  


2026-06-28 13:13:55 DEBUG cic.cs.unb.ca.jnetpcap.PacketReader    null
********************************************************************************
0000:*e4 5f 01 96  47 65 dc a6  32 f8 6a 3c  08 06 00 01*   ._..Ge..2.j<....
0010: 08 00 06 04  00 01 dc a6  32 f8 6a 3c  c0 a8 00 03    ........2.j<....
0020: 00 00 00 00  00 00 c0 a8  00 65*                      .........e      


2026-06-28 13:13:55 DEBUG cic.cs.unb.ca.jnetpcap.PacketReader    Invalid [0,48,48) range.
JMemory: JMemory@2345c4ba518class org.jnetpcap.protocol.network.Ip4: size=16 bytes
JMemory: owner=nio.JMemoryPool$Block.class(size=32768/offset=8456)
********************************************************************************
0000:*dc a6 32 f8  6a 3c e4 5f  01 96 47 65  08 06 00 01    ..2.j<._..Ge....
0010: 08 00 06 04  00 02 e4 5f  01 96 47 65  c0 a8 00 65    ......._..Ge...e
0020: dc a6 32 f8  6a 3c c0 a8  00 03                       ..2.j<....      


2026-06-28 13:13:55 DEBUG cic.cs.unb.ca.jnetpcap.PacketReader    null
********************************************************************************
0000:*33 33 00 00  00 fb 8c 88  2b 40 07 be* 86 dd 60 0a    33......+@....`.
0010: 8e 35 00 24  11 01 fe 80  00 00 00 00  00 00 67 bd    .5.$..........g.
0020: 69 35 c9 5b  bf cb ff 02  00 00 00 00  00 00 00 00    i5.[............
0030: 00 00 00 00  00 fb 14 e9  14 e9 00 24  68 89 00 00    ...........$h...
0040: 00 00 00 01  00 00 00 00  00 00 04 77  70 61 64 05    ...........wpad.
0050: 6c 6f 63 61  6c 00 00 01  00 01*                      local.....      


2026-06-28 13:13:55 DEBUG cic.cs.unb.ca.jnetpcap.PacketReader    null
********************************************************************************
0000:*33 33 00 00  00 fb 8c 88  2b 40 07 be* 86 dd 60 0a    33......+@....`.
0010: 8e 35 00 24  11 01 fe 80  00 00 00 00  00 00 67 bd    .5.$..........g.
0020: 69 35 c9 5b  bf cb ff 02  00 00 00 00  00 00 00 00    i5.[............
0030: 00 00 00 00  00 fb 14 e9  14 e9 00 24  68 6e 00 00    ...........$hn..
0040: 00 00 00 01  00 00 00 00  00 00 04 77  70 61 64 05    ...........wpad.
0050: 6c 6f 63 61  6c 00 00 1c  00 01*                      local.....      


2026-06-28 13:13:55 DEBUG cic.cs.unb.ca.jnetpcap.PacketReader    null
********************************************************************************
0000:*33 33 00 00  00 fb 8c 88  2b 40 07 be* 86 dd 60 0a    33......+@....`.
0010: 8e 35 00 24  11 01 fe 80  00 00 00 00  00 00 67 bd    .5.$..........g.
0020: 69 35 c9 5b  bf cb ff 02  00 00 00 00  00 00 00 00    i5.[............
0030: 00 00 00 00  00 fb 14 e9  14 e9 00 24  68 89 00 00    ...........$h...
0040: 00 00 00 01  00 00 00 00  00 00 04 77  70 61 64 05    ...........wpad.
0050: 6c 6f 63 61  6c 00 00 01  00 01*                      local.....      


2026-06-28 13:13:55 DEBUG cic.cs.unb.ca.jnetpcap.PacketReader    null
********************************************************************************
0000:*33 33 00 00  00 fb 8c 88  2b 40 07 be* 86 dd 60 0a    33......+@....`.
0010: 8e 35 00 24  11 01 fe 80  00 00 00 00  00 00 67 bd    .5.$..........g.
0020: 69 35 c9 5b  bf cb ff 02  00 00 00 00  00 00 00 00    i5.[............
0030: 00 00 00 00  00 fb 14 e9  14 e9 00 24  68 6e 00 00    ...........$hn..
0040: 00 00 00 01  00 00 00 00  00 00 04 77  70 61 64 05    ...........wpad.
0050: 6c 6f 63 61  6c 00 00 1c  00 01*                      local.....      


2026-06-28 13:13:55 DEBUG cic.cs.unb.ca.jnetpcap.PacketReader    null
********************************************************************************
0000:*33 33 00 00  00 fb 8c 88  2b 40 07 be* 86 dd 60 0a    33......+@....`.
0010: 8e 35 00 24  11 01 fe 80  00 00 00 00  00 00 67 bd    .5.$..........g.
0020: 69 35 c9 5b  bf cb ff 02  00 00 00 00  00 00 00 00    i5.[............
0030: 00 00 00 00  00 fb 14 e9  14 e9 00 24  68 89 00 00    ...........$h...
0040: 00 00 00 01  00 00 00 00  00 00 04 77  70 61 64 05    ...........wpad.
0050: 6c 6f 63 61  6c 00 00 01  00 01*                      local.....      


2026-06-28 13:13:55 DEBUG cic.cs.unb.ca.jnetpcap.PacketReader    null
********************************************************************************
0000:*33 33 00 00  00 fb 8c 88  2b 40 07 be* 86 dd 60 0a    33......+@....`.
0010: 8e 35 00 24  11 01 fe 80  00 00 00 00  00 00 67 bd    .5.$..........g.
0020: 69 35 c9 5b  bf cb ff 02  00 00 00 00  00 00 00 00    i5.[............
0030: 00 00 00 00  00 fb 14 e9  14 e9 00 24  68 89 00 00    ...........$h...
0040: 00 00 00 01  00 00 00 00  00 00 04 77  70 61 64 05    ...........wpad.
0050: 6c 6f 63 61  6c 00 00 01  00 01*                      local.....      


2026-06-28 13:13:55 DEBUG cic.cs.unb.ca.jnetpcap.PacketReader    null
********************************************************************************
0000:*33 33 00 00  00 fb 8c 88  2b 40 07 be* 86 dd 60 0a    33......+@....`.
0010: 8e 35 00 24  11 01 fe 80  00 00 00 00  00 00 67 bd    .5.$..........g.
0020: 69 35 c9 5b  bf cb ff 02  00 00 00 00  00 00 00 00    i5.[............
0030: 00 00 00 00  00 fb 14 e9  14 e9 00 24  68 6e 00 00    ...........$hn..
0040: 00 00 00 01  00 00 00 00  00 00 04 77  70 61 64 05    ...........wpad.
0050: 6c 6f 63 61  6c 00 00 1c  00 01*                      local.....      


2026-06-28 13:13:55 DEBUG cic.cs.unb.ca.jnetpcap.PacketReader    null
********************************************************************************
0000:*33 33 00 00  00 fb 8c 88  2b 40 07 be* 86 dd 60 0a    33......+@....`.
0010: 8e 35 00 24  11 01 fe 80  00 00 00 00  00 00 67 bd    .5.$..........g.
0020: 69 35 c9 5b  bf cb ff 02  00 00 00 00  00 00 00 00    i5.[............
0030: 00 00 00 00  00 fb 14 e9  14 e9 00 24  68 6e 00 00    ...........$hn..
0040: 00 00 00 01  00 00 00 00  00 00 04 77  70 61 64 05    ...........wpad.
0050: 6c 6f 63 61  6c 00 00 1c  00 01*                      local.....      


2026-06-28 13:13:55 DEBUG cic.cs.unb.ca.jnetpcap.PacketReader    null
********************************************************************************
0000:*33 33 00 00  00 fb e4 5f  01 96 47 65* 86 dd 60 08    33....._..Ge..`.
0010: 6f c5 00 35  11 ff fe 80  00 00 00 00  00 00 f8 d0    o..5............
0020: 36 ba 92 4b  e0 c2 ff 02  00 00 00 00  00 00 00 00    6..K............
0030: 00 00 00 00  00 fb 14 e9  14 e9 00 35  33 1f 00 00    ...........53..
0040: 00 00 00 02  00 00 00 00  00 00 05 5f  69 70 70 73    ..........._ipps
0050: 04 5f 74 63  70 05 6c 6f  63 61 6c 00  00 0c 00 01    ._tcp.local.....
0060: 04 5f 69 70  70 c0 12 00  0c 00 01*                   ._ipp......     


2026-06-28 13:13:55 DEBUG cic.cs.unb.ca.jnetpcap.PacketReader    Invalid [0,48,48) range.
JMemory: JMemory@2345c4d7038class org.jnetpcap.protocol.network.Ip4: size=20 bytes
JMemory: owner=nio.JMemoryPool$Block.class(size=32768/offset=27640)
********************************************************************************
0000:*dc a6 32 f8  6a 3c e4 5f  01 96 47 65  08 06 00 01    ..2.j<._..Ge....
0010: 08 00 06 04  00 01 e4 5f  01 96 47 65  c0 a8 00 65    ......._..Ge...e
0020: 00 00 00 00  00 00 c0 a8  00 03                       ..........      


2026-06-28 13:13:55 DEBUG cic.cs.unb.ca.jnetpcap.PacketReader    null
********************************************************************************
0000:*e4 5f 01 96  47 65 dc a6  32 f8 6a 3c  08 06 00 01*   ._..Ge..2.j<....
0010: 08 00 06 04  00 02 dc a6  32 f8 6a 3c  c0 a8 00 03    ........2.j<....
0020: e4 5f 01 96  47 65 c0 a8  00 65*                      ._..Ge...e      


2026-06-28 13:13:55 DEBUG cic.cs.unb.ca.jnetpcap.PacketReader    Invalid [0,48,48) range.
JMemory: JMemory@2345c30e10aclass org.jnetpcap.protocol.network.Ip4: size=20 bytes
JMemory: owner=nio.JMemoryPool$Block.class(size=32768/offset=24666)
********************************************************************************
0000:*dc a6 32 f8  6a 3c e4 5f  01 96 47 65  08 06 00 01    ..2.j<._..Ge....
0010: 08 00 06 04  00 01 e4 5f  01 96 47 65  c0 a8 00 65    ......._..Ge...e
0020: 00 00 00 00  00 00 c0 a8  00 03                       ..........      


2026-06-28 13:13:55 DEBUG cic.cs.unb.ca.jnetpcap.PacketReader    null
********************************************************************************
0000:*e4 5f 01 96  47 65 dc a6  32 f8 6a 3c  08 06 00 01*   ._..Ge..2.j<....
0010: 08 00 06 04  00 02 dc a6  32 f8 6a 3c  c0 a8 00 03    ........2.j<....
0020: e4 5f 01 96  47 65 c0 a8  00 65*                      ._..Ge...e      


2026-06-28 13:13:55 DEBUG cic.cs.unb.ca.jnetpcap.PacketReader    null
********************************************************************************
0000:*e4 5f 01 96  47 65 dc a6  32 f8 6a 3c  08 06 00 01*   ._..Ge..2.j<....
0010: 08 00 06 04  00 01 dc a6  32 f8 6a 3c  c0 a8 00 03    ........2.j<....
0020: 00 00 00 00  00 00 c0 a8  00 65*                      .........e      


2026-06-28 13:13:55 DEBUG cic.cs.unb.ca.jnetpcap.PacketReader    Invalid [0,48,48) range.
JMemory: JMemory@2345c30ef54class org.jnetpcap.protocol.network.Ip4: size=16 bytes
JMemory: owner=nio.JMemoryPool$Block.class(size=32768/offset=28324)
********************************************************************************
0000:*dc a6 32 f8  6a 3c e4 5f  01 96 47 65  08 06 00 01    ..2.j<._..Ge....
0010: 08 00 06 04  00 02 e4 5f  01 96 47 65  c0 a8 00 65    ......._..Ge...e
0020: dc a6 32 f8  6a 3c c0 a8  00 03                       ..2.j<....      


2026-06-28 13:13:55 DEBUG cic.cs.unb.ca.jnetpcap.PacketReader    Invalid [0,48,48) range.
JMemory: JMemory@2345c318fb8class org.jnetpcap.protocol.network.Ip4: size=42 bytes
JMemory: owner=nio.JMemoryPool$Block.class(size=32768/offset=3816)
********************************************************************************
0000:*dc a6 32 f8  6a 3c e4 5f  01 96 47 65  08 06 00 01    ..2.j<._..Ge....
0010: 08 00 06 04  00 02 e4 5f  01 96 47 65  c0 a8 00 65    ......._..Ge...e
0020: dc a6 32 f8  6a 3c c0 a8  00 03                       ..2.j<....      


2026-06-28 13:13:55 DEBUG cic.cs.unb.ca.jnetpcap.PacketReader    null
********************************************************************************
0000:*33 33 00 00  00 01 72 5d  cc cd 13 20* 86 dd 60 00    33....r]... ..`.
0010: 00 00 00 24  00 01 fe 80  00 00 00 00  00 00 70 5d    ...$..........p]
0020: cc ff fe cd  13 20 ff 02  00 00 00 00  00 00 00 00    ..... ..........
0030: 00 00 00 00  00 01 3a 00  05 02 00 00  01 00 82 00    ......:.........
0040: 2c f1 03 e8  00 00 00 00  00 00 00 00  00 00 00 00    ,...............
0050: 00 00 00 00  00 00 00 00  00 00*                      ..........      


2026-06-28 13:13:55 DEBUG cic.cs.unb.ca.jnetpcap.PacketReader    null
********************************************************************************
0000:*33 33 00 00  00 16 e4 5f  01 96 47 65* 86 dd 60 00    33....._..Ge..`.
0010: 00 00 00 38  00 01 fe 80  00 00 00 00  00 00 f8 d0    ...8............
0020: 36 ba 92 4b  e0 c2 ff 02  00 00 00 00  00 00 00 00    6..K............
0030: 00 00 00 00  00 16 3a 00  05 02 00 00  01 00 8f 00    ......:.........
0040: ed 4e 00 00  00 02 02 00  00 00 ff 02  00 00 00 00    .N..............
0050: 00 00 00 00  00 01 ff 4b  e0 c2 02 00  00 00 ff 02    .......K........
0060: 00 00 00 00  00 00 00 00  00 00 00 00  00 fb*         ..............  


2026-06-28 13:13:55 DEBUG cic.cs.unb.ca.jnetpcap.PacketReader    Invalid [0,48,48) range.
JMemory: JMemory@2345c33d5d2class org.jnetpcap.protocol.network.Ip4: size=20 bytes
JMemory: owner=nio.JMemoryPool$Block.class(size=32768/offset=21698)
********************************************************************************
0000:*dc a6 32 f8  6a 3c e4 5f  01 96 47 65  08 06 00 01    ..2.j<._..Ge....
0010: 08 00 06 04  00 01 e4 5f  01 96 47 65  c0 a8 00 65    ......._..Ge...e
0020: 00 00 00 00  00 00 c0 a8  00 03                       ..........      


2026-06-28 13:13:55 DEBUG cic.cs.unb.ca.jnetpcap.PacketReader    null
********************************************************************************
0000:*e4 5f 01 96  47 65 dc a6  32 f8 6a 3c  08 06 00 01*   ._..Ge..2.j<....
0010: 08 00 06 04  00 02 dc a6  32 f8 6a 3c  c0 a8 00 03    ........2.j<....
0020: e4 5f 01 96  47 65 c0 a8  00 65*                      ._..Ge...e      


2026-06-28 13:13:55 DEBUG cic.cs.unb.ca.jnetpcap.PacketReader    null
********************************************************************************
0000:*e4 5f 01 96  47 65 dc a6  32 f8 6a 3c  08 06 00 01*   ._..Ge..2.j<....
0010: 08 00 06 04  00 01 dc a6  32 f8 6a 3c  c0 a8 00 03    ........2.j<....
0020: 00 00 00 00  00 00 c0 a8  00 65*                      .........e      


2026-06-28 13:13:55 DEBUG cic.cs.unb.ca.jnetpcap.PacketReader    Invalid [0,48,48) range.
JMemory: JMemory@2345c366190class org.jnetpcap.protocol.network.Ip4: size=16 bytes
JMemory: owner=nio.JMemoryPool$Block.class(size=32768/offset=24624)
********************************************************************************
0000:*dc a6 32 f8  6a 3c e4 5f  01 96 47 65  08 06 00 01    ..2.j<._..Ge....
0010: 08 00 06 04  00 02 e4 5f  01 96 47 65  c0 a8 00 65    ......._..Ge...e
0020: dc a6 32 f8  6a 3c c0 a8  00 03                       ..2.j<....      


2026-06-28 13:13:55 DEBUG cic.cs.unb.ca.jnetpcap.PacketReader    Invalid [0,48,48) range.
JMemory: JMemory@2345c36e06aclass org.jnetpcap.protocol.network.Ip4: size=20 bytes
JMemory: owner=nio.JMemoryPool$Block.class(size=32768/offset=24314)
********************************************************************************
0000:*dc a6 32 f8  6a 3c e4 5f  01 96 47 65  08 06 00 01    ..2.j<._..Ge....
0010: 08 00 06 04  00 01 e4 5f  01 96 47 65  c0 a8 00 65    ......._..Ge...e
0020: 00 00 00 00  00 00 c0 a8  00 03                       ..........      


2026-06-28 13:13:55 DEBUG cic.cs.unb.ca.jnetpcap.PacketReader    null
********************************************************************************
0000:*e4 5f 01 96  47 65 dc a6  32 f8 6a 3c  08 06 00 01*   ._..Ge..2.j<....
0010: 08 00 06 04  00 02 dc a6  32 f8 6a 3c  c0 a8 00 03    ........2.j<....
0020: e4 5f 01 96  47 65 c0 a8  00 65*                      ._..Ge...e      


2026-06-28 13:13:55 DEBUG cic.cs.unb.ca.jnetpcap.PacketReader    Invalid [0,48,48) range.
JMemory: JMemory@2345c39cd2aclass org.jnetpcap.protocol.network.Ip4: size=20 bytes
JMemory: owner=nio.JMemoryPool$Block.class(size=32768/offset=19290)
********************************************************************************
0000:*dc a6 32 f8  6a 3c e4 5f  01 96 47 65  08 06 00 01    ..2.j<._..Ge....
0010: 08 00 06 04  00 01 e4 5f  01 96 47 65  c0 a8 00 65    ......._..Ge...e
0020: 00 00 00 00  00 00 c0 a8  00 03                       ..........      


2026-06-28 13:13:55 DEBUG cic.cs.unb.ca.jnetpcap.PacketReader    null
********************************************************************************
0000:*e4 5f 01 96  47 65 dc a6  32 f8 6a 3c  08 06 00 01*   ._..Ge..2.j<....
0010: 08 00 06 04  00 02 dc a6  32 f8 6a 3c  c0 a8 00 03    ........2.j<....
0020: e4 5f 01 96  47 65 c0 a8  00 65*                      ._..Ge...e      


2026-06-28 13:13:55 DEBUG cic.cs.unb.ca.jnetpcap.PacketReader    null
********************************************************************************
0000:*33 33 00 00  00 01 72 5d  cc cd 13 20* 86 dd 60 00    33....r]... ..`.
0010: 00 00 00 24  00 01 fe 80  00 00 00 00  00 00 70 5d    ...$..........p]
0020: cc ff fe cd  13 20 ff 02  00 00 00 00  00 00 00 00    ..... ..........
0030: 00 00 00 00  00 01 3a 00  05 02 00 00  01 00 82 00    ......:.........
0040: 2c f1 03 e8  00 00 00 00  00 00 00 00  00 00 00 00    ,...............
0050: 00 00 00 00  00 00 00 00  00 00*                      ..........      


2026-06-28 13:13:55 DEBUG cic.cs.unb.ca.jnetpcap.PacketReader    null
********************************************************************************
0000:*33 33 00 00  00 16 e4 5f  01 96 47 65* 86 dd 60 00    33....._..Ge..`.
0010: 00 00 00 38  00 01 fe 80  00 00 00 00  00 00 f8 d0    ...8............
0020: 36 ba 92 4b  e0 c2 ff 02  00 00 00 00  00 00 00 00    6..K............
0030: 00 00 00 00  00 16 3a 00  05 02 00 00  01 00 8f 00    ......:.........
0040: ed 4e 00 00  00 02 02 00  00 00 ff 02  00 00 00 00    .N..............
0050: 00 00 00 00  00 01 ff 4b  e0 c2 02 00  00 00 ff 02    .......K........
0060: 00 00 00 00  00 00 00 00  00 00 00 00  00 fb*         ..............  


2026-06-28 13:13:55 DEBUG cic.cs.unb.ca.jnetpcap.PacketReader    null
********************************************************************************
0000:*e4 5f 01 96  47 65 dc a6  32 f8 6a 3c  08 06 00 01*   ._..Ge..2.j<....
0010: 08 00 06 04  00 01 dc a6  32 f8 6a 3c  c0 a8 00 03    ........2.j<....
0020: 00 00 00 00  00 00 c0 a8  00 65*                      .........e      


2026-06-28 13:13:55 DEBUG cic.cs.unb.ca.jnetpcap.PacketReader    Invalid [0,48,48) range.
JMemory: JMemory@2345c3b3bb8class org.jnetpcap.protocol.network.Ip4: size=16 bytes
JMemory: owner=nio.JMemoryPool$Block.class(size=32768/offset=14776)
********************************************************************************
0000:*dc a6 32 f8  6a 3c e4 5f  01 96 47 65  08 06 00 01    ..2.j<._..Ge....
0010: 08 00 06 04  00 02 e4 5f  01 96 47 65  c0 a8 00 65    ......._..Ge...e
0020: dc a6 32 f8  6a 3c c0 a8  00 03                       ..2.j<....      


2026-06-28 13:13:55 DEBUG cic.cs.unb.ca.jnetpcap.PacketReader    Invalid [0,48,48) range.
JMemory: JMemory@2345c3cdaa6class org.jnetpcap.protocol.network.Ip4: size=20 bytes
JMemory: owner=nio.JMemoryPool$Block.class(size=32768/offset=22646)
********************************************************************************
0000:*dc a6 32 f8  6a 3c e4 5f  01 96 47 65  08 06 00 01    ..2.j<._..Ge....
0010: 08 00 06 04  00 01 e4 5f  01 96 47 65  c0 a8 00 65    ......._..Ge...e
0020: 00 00 00 00  00 00 c0 a8  00 03                       ..........      


2026-06-28 13:13:55 DEBUG cic.cs.unb.ca.jnetpcap.PacketReader    null
********************************************************************************
0000:*e4 5f 01 96  47 65 dc a6  32 f8 6a 3c  08 06 00 01*   ._..Ge..2.j<....
0010: 08 00 06 04  00 02 dc a6  32 f8 6a 3c  c0 a8 00 03    ........2.j<....
0020: e4 5f 01 96  47 65 c0 a8  00 65*                      ._..Ge...e      


2026-06-28 13:13:55 DEBUG cic.cs.unb.ca.jnetpcap.PacketReader    Invalid [0,48,48) range.
JMemory: JMemory@2345c4fdc7eclass org.jnetpcap.protocol.network.Ip4: size=20 bytes
JMemory: owner=nio.JMemoryPool$Block.class(size=32768/offset=23534)
********************************************************************************
0000:*dc a6 32 f8  6a 3c e4 5f  01 96 47 65  08 06 00 01    ..2.j<._..Ge....
0010: 08 00 06 04  00 01 e4 5f  01 96 47 65  c0 a8 00 65    ......._..Ge...e
0020: 00 00 00 00  00 00 c0 a8  00 03                       ..........      


2026-06-28 13:13:55 DEBUG cic.cs.unb.ca.jnetpcap.PacketReader    null
********************************************************************************
0000:*e4 5f 01 96  47 65 dc a6  32 f8 6a 3c  08 06 00 01*   ._..Ge..2.j<....
0010: 08 00 06 04  00 02 dc a6  32 f8 6a 3c  c0 a8 00 03    ........2.j<....
0020: e4 5f 01 96  47 65 c0 a8  00 65*                      ._..Ge...e      


2026-06-28 13:13:55 DEBUG cic.cs.unb.ca.jnetpcap.PacketReader    null
********************************************************************************
0000:*e4 5f 01 96  47 65 dc a6  32 f8 6a 3c  08 06 00 01*   ._..Ge..2.j<....
0010: 08 00 06 04  00 01 dc a6  32 f8 6a 3c  c0 a8 00 03    ........2.j<....
0020: 00 00 00 00  00 00 c0 a8  00 65*                      .........e      


2026-06-28 13:13:55 DEBUG cic.cs.unb.ca.jnetpcap.PacketReader    Invalid [0,48,48) range.
JMemory: JMemory@2345c5007a4class org.jnetpcap.protocol.network.Ip4: size=16 bytes
JMemory: owner=nio.JMemoryPool$Block.class(size=32768/offset=1796)
********************************************************************************
0000:*dc a6 32 f8  6a 3c e4 5f  01 96 47 65  08 06 00 01    ..2.j<._..Ge....
0010: 08 00 06 04  00 02 e4 5f  01 96 47 65  c0 a8 00 65    ......._..Ge...e
0020: dc a6 32 f8  6a 3c c0 a8  00 03                       ..2.j<....      


2026-06-28 13:13:55 DEBUG cic.cs.unb.ca.jnetpcap.PacketReader    Invalid [0,48,48) range.
JMemory: JMemory@2345c509df8class org.jnetpcap.protocol.network.Ip4: size=42 bytes
JMemory: owner=nio.JMemoryPool$Block.class(size=32768/offset=7496)
********************************************************************************
0000:*dc a6 32 f8  6a 3c e4 5f  01 96 47 65  08 06 00 01    ..2.j<._..Ge....
0010: 08 00 06 04  00 02 e4 5f  01 96 47 65  c0 a8 00 65    ......._..Ge...e
0020: dc a6 32 f8  6a 3c c0 a8  00 03                       ..2.j<....      


2026-06-28 13:13:55 DEBUG cic.cs.unb.ca.jnetpcap.PacketReader    null
********************************************************************************
0000:*33 33 00 00  00 01 72 5d  cc cd 13 20* 86 dd 60 00    33....r]... ..`.
0010: 00 00 00 24  00 01 fe 80  00 00 00 00  00 00 70 5d    ...$..........p]
0020: cc ff fe cd  13 20 ff 02  00 00 00 00  00 00 00 00    ..... ..........
0030: 00 00 00 00  00 01 3a 00  05 02 00 00  01 00 82 00    ......:.........
0040: 2c f1 03 e8  00 00 00 00  00 00 00 00  00 00 00 00    ,...............
0050: 00 00 00 00  00 00 00 00  00 00*                      ..........      


2026-06-28 13:13:55 DEBUG cic.cs.unb.ca.jnetpcap.PacketReader    null
********************************************************************************
0000:*33 33 00 00  00 16 e4 5f  01 96 47 65* 86 dd 60 00    33....._..Ge..`.
0010: 00 00 00 38  00 01 fe 80  00 00 00 00  00 00 f8 d0    ...8............
0020: 36 ba 92 4b  e0 c2 ff 02  00 00 00 00  00 00 00 00    6..K............
0030: 00 00 00 00  00 16 3a 00  05 02 00 00  01 00 8f 00    ......:.........
0040: ed 4e 00 00  00 02 02 00  00 00 ff 02  00 00 00 00    .N..............
0050: 00 00 00 00  00 01 ff 4b  e0 c2 02 00  00 00 ff 02    .......K........
0060: 00 00 00 00  00 00 00 00  00 00 00 00  00 fb*         ..............  


2026-06-28 13:13:55 DEBUG cic.cs.unb.ca.jnetpcap.PacketReader    Invalid [0,48,48) range.
JMemory: JMemory@2345c52cfceclass org.jnetpcap.protocol.network.Ip4: size=20 bytes
JMemory: owner=nio.JMemoryPool$Block.class(size=32768/offset=20190)
********************************************************************************
0000:*dc a6 32 f8  6a 3c e4 5f  01 96 47 65  08 06 00 01    ..2.j<._..Ge....
0010: 08 00 06 04  00 01 e4 5f  01 96 47 65  c0 a8 00 65    ......._..Ge...e
0020: 00 00 00 00  00 00 c0 a8  00 03                       ..........      


2026-06-28 13:13:55 DEBUG cic.cs.unb.ca.jnetpcap.PacketReader    null
********************************************************************************
0000:*e4 5f 01 96  47 65 dc a6  32 f8 6a 3c  08 06 00 01*   ._..Ge..2.j<....
0010: 08 00 06 04  00 02 dc a6  32 f8 6a 3c  c0 a8 00 03    ........2.j<....
0020: e4 5f 01 96  47 65 c0 a8  00 65*                      ._..Ge...e      


2026-06-28 13:13:55 DEBUG cic.cs.unb.ca.jnetpcap.PacketReader    null
********************************************************************************
0000:*e4 5f 01 96  47 65 dc a6  32 f8 6a 3c  08 06 00 01*   ._..Ge..2.j<....
0010: 08 00 06 04  00 01 dc a6  32 f8 6a 3c  c0 a8 00 03    ........2.j<....
0020: 00 00 00 00  00 00 c0 a8  00 65*                      .........e      


2026-06-28 13:13:55 DEBUG cic.cs.unb.ca.jnetpcap.PacketReader    Invalid [0,48,48) range.
JMemory: JMemory@2345c54dd60class org.jnetpcap.protocol.network.Ip4: size=16 bytes
JMemory: owner=nio.JMemoryPool$Block.class(size=32768/offset=23600)
********************************************************************************
0000:*dc a6 32 f8  6a 3c e4 5f  01 96 47 65  08 06 00 01    ..2.j<._..Ge....
0010: 08 00 06 04  00 02 e4 5f  01 96 47 65  c0 a8 00 65    ......._..Ge...e
0020: dc a6 32 f8  6a 3c c0 a8  00 03                       ..2.j<....      


2026-06-28 13:13:55 DEBUG cic.cs.unb.ca.jnetpcap.PacketReader    Invalid [0,48,48) range.
JMemory: JMemory@2345c55de9aclass org.jnetpcap.protocol.network.Ip4: size=20 bytes
JMemory: owner=nio.JMemoryPool$Block.class(size=32768/offset=23882)
********************************************************************************
0000:*dc a6 32 f8  6a 3c e4 5f  01 96 47 65  08 06 00 01    ..2.j<._..Ge....
0010: 08 00 06 04  00 01 e4 5f  01 96 47 65  c0 a8 00 65    ......._..Ge...e
0020: 00 00 00 00  00 00 c0 a8  00 03                       ..........      


2026-06-28 13:13:55 DEBUG cic.cs.unb.ca.jnetpcap.PacketReader    null
********************************************************************************
0000:*e4 5f 01 96  47 65 dc a6  32 f8 6a 3c  08 06 00 01*   ._..Ge..2.j<....
0010: 08 00 06 04  00 02 dc a6  32 f8 6a 3c  c0 a8 00 03    ........2.j<....
0020: e4 5f 01 96  47 65 c0 a8  00 65*                      ._..Ge...e      


2026-06-28 13:13:55 DEBUG cic.cs.unb.ca.jnetpcap.PacketReader    null
********************************************************************************
0000:*e4 5f 01 96  47 65 dc a6  32 f8 6a 3c  08 06 00 01*   ._..Ge..2.j<....
0010: 08 00 06 04  00 01 dc a6  32 f8 6a 3c  c0 a8 00 03    ........2.j<....
0020: 00 00 00 00  00 00 c0 a8  00 65*                      .........e      


2026-06-28 13:13:55 DEBUG cic.cs.unb.ca.jnetpcap.PacketReader    Invalid [0,48,48) range.
JMemory: JMemory@2345c5769fcclass org.jnetpcap.protocol.network.Ip4: size=16 bytes
JMemory: owner=nio.JMemoryPool$Block.class(size=32768/offset=26748)
********************************************************************************
0000:*dc a6 32 f8  6a 3c e4 5f  01 96 47 65  08 06 00 01    ..2.j<._..Ge....
0010: 08 00 06 04  00 02 e4 5f  01 96 47 65  c0 a8 00 65    ......._..Ge...e
0020: dc a6 32 f8  6a 3c c0 a8  00 03                       ..2.j<....      


2026-06-28 13:13:55 DEBUG cic.cs.unb.ca.jnetpcap.PacketReader    Invalid [0,48,48) range.
JMemory: JMemory@2345c58b34eclass org.jnetpcap.protocol.network.Ip4: size=20 bytes
JMemory: owner=nio.JMemoryPool$Block.class(size=32768/offset=12702)
********************************************************************************
0000:*dc a6 32 f8  6a 3c e4 5f  01 96 47 65  08 06 00 01    ..2.j<._..Ge....
0010: 08 00 06 04  00 01 e4 5f  01 96 47 65  c0 a8 00 65    ......._..Ge...e
0020: 00 00 00 00  00 00 c0 a8  00 03                       ..........      


2026-06-28 13:13:55 DEBUG cic.cs.unb.ca.jnetpcap.PacketReader    null
********************************************************************************
0000:*e4 5f 01 96  47 65 dc a6  32 f8 6a 3c  08 06 00 01*   ._..Ge..2.j<....
0010: 08 00 06 04  00 02 dc a6  32 f8 6a 3c  c0 a8 00 03    ........2.j<....
0020: e4 5f 01 96  47 65 c0 a8  00 65*                      ._..Ge...e      


2026-06-28 13:13:55 DEBUG cic.cs.unb.ca.jnetpcap.PacketReader    null
********************************************************************************
0000:*33 33 00 00  00 01 72 5d  cc cd 13 20* 86 dd 60 00    33....r]... ..`.
0010: 00 00 00 24  00 01 fe 80  00 00 00 00  00 00 70 5d    ...$..........p]
0020: cc ff fe cd  13 20 ff 02  00 00 00 00  00 00 00 00    ..... ..........
0030: 00 00 00 00  00 01 3a 00  05 02 00 00  01 00 82 00    ......:.........
0040: 2c f1 03 e8  00 00 00 00  00 00 00 00  00 00 00 00    ,...............
0050: 00 00 00 00  00 00 00 00  00 00*                      ..........      


2026-06-28 13:13:55 DEBUG cic.cs.unb.ca.jnetpcap.PacketReader    null
********************************************************************************
0000:*33 33 00 00  00 16 e4 5f  01 96 47 65* 86 dd 60 00    33....._..Ge..`.
0010: 00 00 00 38  00 01 fe 80  00 00 00 00  00 00 f8 d0    ...8............
0020: 36 ba 92 4b  e0 c2 ff 02  00 00 00 00  00 00 00 00    6..K............
0030: 00 00 00 00  00 16 3a 00  05 02 00 00  01 00 8f 00    ......:.........
0040: ed 4e 00 00  00 02 02 00  00 00 ff 02  00 00 00 00    .N..............
0050: 00 00 00 00  00 01 ff 4b  e0 c2 02 00  00 00 ff 02    .......K........
0060: 00 00 00 00  00 00 00 00  00 00 00 00  00 fb*         ..............  


2026-06-28 13:13:55 DEBUG cic.cs.unb.ca.jnetpcap.PacketReader    null
********************************************************************************
0000:*e4 5f 01 96  47 65 dc a6  32 f8 6a 3c  08 06 00 01*   ._..Ge..2.j<....
0010: 08 00 06 04  00 01 dc a6  32 f8 6a 3c  c0 a8 00 03    ........2.j<....
0020: 00 00 00 00  00 00 c0 a8  00 65*                      .........e      


2026-06-28 13:13:55 DEBUG cic.cs.unb.ca.jnetpcap.PacketReader    Invalid [0,48,48) range.
JMemory: JMemory@2345c59bdbcclass org.jnetpcap.protocol.network.Ip4: size=16 bytes
JMemory: owner=nio.JMemoryPool$Block.class(size=32768/offset=15340)
********************************************************************************
0000:*dc a6 32 f8  6a 3c e4 5f  01 96 47 65  08 06 00 01    ..2.j<._..Ge....
0010: 08 00 06 04  00 02 e4 5f  01 96 47 65  c0 a8 00 65    ......._..Ge...e
0020: dc a6 32 f8  6a 3c c0 a8  00 03                       ..2.j<....      


2026-06-28 13:13:55 DEBUG cic.cs.unb.ca.jnetpcap.PacketReader    Read All packets on C:\Users\Lenovo\Desktop\hybrid_ids_final_ir_integration\uploads\web_attack(bruteforce).pcap
2026-06-28 14:24:27 DEBUG cic.cs.unb.ca.jnetpcap.worker.ReadPcapFileWorker    Working on... C:\Users\Lenovo\Desktop\hybrid_ids_final_ir_integration\uploads\portscan.pcap
2026-06-28 14:24:27 DEBUG cic.cs.unb.ca.jnetpcap.PacketReader    Read All packets on C:\Users\Lenovo\Desktop\hybrid_ids_final_ir_integration\uploads\portscan.pcap
2026-06-28 14:24:42 DEBUG cic.cs.unb.ca.jnetpcap.worker.ReadPcapFileWorker    Working on... C:\Users\Lenovo\Desktop\hybrid_ids_final_ir_integration\uploads\bruteforce.pcap
2026-06-28 14:24:42 INFO  cic.cs.unb.ca.jnetpcap.FlowGenerator    Forward flow closed due to FIN Flag
2026-06-28 14:24:42 DEBUG cic.cs.unb.ca.jnetpcap.FlowGenerator    FlagFIN current has 1 flow
2026-06-28 14:24:42 INFO  cic.cs.unb.ca.jnetpcap.FlowGenerator    Forward flow closed due to FIN Flag
2026-06-28 14:24:42 DEBUG cic.cs.unb.ca.jnetpcap.FlowGenerator    FlagFIN current has 2 flow
2026-06-28 14:24:42 DEBUG cic.cs.unb.ca.jnetpcap.FlowGenerator    FlagFIN current has 3 flow
2026-06-28 14:24:42 DEBUG cic.cs.unb.ca.jnetpcap.FlowGenerator    FlagFIN current has 4 flow
2026-06-28 14:24:42 DEBUG cic.cs.unb.ca.jnetpcap.FlowGenerator    FlagFIN current has 4 flow
2026-06-28 14:24:42 DEBUG cic.cs.unb.ca.jnetpcap.FlowGenerator    FlagFIN current has 5 flow
2026-06-28 14:24:42 INFO  cic.cs.unb.ca.jnetpcap.FlowGenerator    Forward flow closed due to FIN Flag
2026-06-28 14:24:42 DEBUG cic.cs.unb.ca.jnetpcap.FlowGenerator    FlagFIN current has 5 flow
2026-06-28 14:24:42 INFO  cic.cs.unb.ca.jnetpcap.FlowGenerator    Forward flow closed due to FIN Flag
2026-06-28 14:24:42 DEBUG cic.cs.unb.ca.jnetpcap.FlowGenerator    FlagFIN current has 6 flow
2026-06-28 14:24:42 INFO  cic.cs.unb.ca.jnetpcap.FlowGenerator    Forward flow closed due to FIN Flag
2026-06-28 14:24:42 DEBUG cic.cs.unb.ca.jnetpcap.FlowGenerator    FlagFIN current has 7 flow
2026-06-28 14:24:42 INFO  cic.cs.unb.ca.jnetpcap.FlowGenerator    Forward flow closed due to FIN Flag
2026-06-28 14:24:42 DEBUG cic.cs.unb.ca.jnetpcap.FlowGenerator    FlagFIN current has 8 flow
2026-06-28 14:24:42 INFO  cic.cs.unb.ca.jnetpcap.FlowGenerator    Forward flow closed due to FIN Flag
2026-06-28 14:24:42 DEBUG cic.cs.unb.ca.jnetpcap.FlowGenerator    FlagFIN current has 9 flow
2026-06-28 14:24:42 INFO  cic.cs.unb.ca.jnetpcap.FlowGenerator    Forward flow closed due to FIN Flag
2026-06-28 14:24:42 DEBUG cic.cs.unb.ca.jnetpcap.FlowGenerator    FlagFIN current has 10 flow
2026-06-28 14:24:42 INFO  cic.cs.unb.ca.jnetpcap.FlowGenerator    Forward flow closed due to FIN Flag
2026-06-28 14:24:42 DEBUG cic.cs.unb.ca.jnetpcap.FlowGenerator    FlagFIN current has 11 flow
2026-06-28 14:24:42 INFO  cic.cs.unb.ca.jnetpcap.FlowGenerator    Forward flow closed due to FIN Flag
2026-06-28 14:24:42 DEBUG cic.cs.unb.ca.jnetpcap.FlowGenerator    FlagFIN current has 12 flow
2026-06-28 14:24:42 INFO  cic.cs.unb.ca.jnetpcap.FlowGenerator    Forward flow closed due to FIN Flag
2026-06-28 14:24:42 DEBUG cic.cs.unb.ca.jnetpcap.FlowGenerator    FlagFIN current has 13 flow
2026-06-28 14:24:42 INFO  cic.cs.unb.ca.jnetpcap.FlowGenerator    Forward flow closed due to FIN Flag
2026-06-28 14:24:42 DEBUG cic.cs.unb.ca.jnetpcap.FlowGenerator    FlagFIN current has 14 flow
2026-06-28 14:24:42 INFO  cic.cs.unb.ca.jnetpcap.FlowGenerator    Forward flow closed due to FIN Flag
2026-06-28 14:24:42 DEBUG cic.cs.unb.ca.jnetpcap.FlowGenerator    FlagFIN current has 15 flow
2026-06-28 14:24:42 INFO  cic.cs.unb.ca.jnetpcap.FlowGenerator    Forward flow closed due to FIN Flag
2026-06-28 14:24:42 DEBUG cic.cs.unb.ca.jnetpcap.FlowGenerator    FlagFIN current has 16 flow
2026-06-28 14:24:42 INFO  cic.cs.unb.ca.jnetpcap.FlowGenerator    Forward flow closed due to FIN Flag
2026-06-28 14:24:42 DEBUG cic.cs.unb.ca.jnetpcap.FlowGenerator    FlagFIN current has 17 flow
2026-06-28 14:24:42 INFO  cic.cs.unb.ca.jnetpcap.FlowGenerator    Forward flow closed due to FIN Flag
2026-06-28 14:24:42 DEBUG cic.cs.unb.ca.jnetpcap.FlowGenerator    FlagFIN current has 18 flow
2026-06-28 14:24:42 INFO  cic.cs.unb.ca.jnetpcap.FlowGenerator    Forward flow closed due to FIN Flag
2026-06-28 14:24:42 DEBUG cic.cs.unb.ca.jnetpcap.FlowGenerator    FlagFIN current has 19 flow
2026-06-28 14:24:42 INFO  cic.cs.unb.ca.jnetpcap.FlowGenerator    Forward flow closed due to FIN Flag
2026-06-28 14:24:42 DEBUG cic.cs.unb.ca.jnetpcap.FlowGenerator    FlagFIN current has 20 flow
2026-06-28 14:24:42 INFO  cic.cs.unb.ca.jnetpcap.FlowGenerator    Forward flow closed due to FIN Flag
2026-06-28 14:24:42 DEBUG cic.cs.unb.ca.jnetpcap.FlowGenerator    FlagFIN current has 21 flow
2026-06-28 14:24:42 INFO  cic.cs.unb.ca.jnetpcap.FlowGenerator    Forward flow closed due to FIN Flag
2026-06-28 14:24:42 DEBUG cic.cs.unb.ca.jnetpcap.FlowGenerator    FlagFIN current has 22 flow
2026-06-28 14:24:42 INFO  cic.cs.unb.ca.jnetpcap.FlowGenerator    Forward flow closed due to FIN Flag
2026-06-28 14:24:42 DEBUG cic.cs.unb.ca.jnetpcap.FlowGenerator    FlagFIN current has 23 flow
2026-06-28 14:24:42 INFO  cic.cs.unb.ca.jnetpcap.FlowGenerator    Forward flow closed due to FIN Flag
2026-06-28 14:24:42 DEBUG cic.cs.unb.ca.jnetpcap.FlowGenerator    FlagFIN current has 24 flow
2026-06-28 14:24:42 INFO  cic.cs.unb.ca.jnetpcap.FlowGenerator    Forward flow closed due to FIN Flag
2026-06-28 14:24:42 DEBUG cic.cs.unb.ca.jnetpcap.FlowGenerator    FlagFIN current has 25 flow
2026-06-28 14:24:42 INFO  cic.cs.unb.ca.jnetpcap.FlowGenerator    Forward flow closed due to FIN Flag
2026-06-28 14:24:42 DEBUG cic.cs.unb.ca.jnetpcap.FlowGenerator    FlagFIN current has 26 flow
2026-06-28 14:24:42 INFO  cic.cs.unb.ca.jnetpcap.FlowGenerator    Forward flow closed due to FIN Flag
2026-06-28 14:24:42 DEBUG cic.cs.unb.ca.jnetpcap.FlowGenerator    FlagFIN current has 27 flow
2026-06-28 14:24:42 INFO  cic.cs.unb.ca.jnetpcap.FlowGenerator    Forward flow closed due to FIN Flag
2026-06-28 14:24:42 DEBUG cic.cs.unb.ca.jnetpcap.FlowGenerator    FlagFIN current has 28 flow
2026-06-28 14:24:42 INFO  cic.cs.unb.ca.jnetpcap.FlowGenerator    Forward flow closed due to FIN Flag
2026-06-28 14:24:42 DEBUG cic.cs.unb.ca.jnetpcap.FlowGenerator    FlagFIN current has 29 flow
2026-06-28 14:24:42 INFO  cic.cs.unb.ca.jnetpcap.FlowGenerator    Forward flow closed due to FIN Flag
2026-06-28 14:24:42 DEBUG cic.cs.unb.ca.jnetpcap.FlowGenerator    FlagFIN current has 30 flow
2026-06-28 14:24:42 DEBUG cic.cs.unb.ca.jnetpcap.PacketReader    Read All packets on C:\Users\Lenovo\Desktop\hybrid_ids_final_ir_integration\uploads\bruteforce.pcap
2026-06-28 14:25:02 DEBUG cic.cs.unb.ca.jnetpcap.worker.ReadPcapFileWorker    Working on... C:\Users\Lenovo\Desktop\hybrid_ids_final_ir_integration\uploads\web_attack(bruteforce).pcap
2026-06-28 14:25:02 DEBUG cic.cs.unb.ca.jnetpcap.PacketReader    Invalid [0,48,48) range.
JMemory: JMemory@1f5381ed976class org.jnetpcap.protocol.network.Ip4: size=20 bytes
JMemory: owner=nio.JMemoryPool$Block.class(size=32768/offset=32086)
********************************************************************************
0000:*dc a6 32 f8  6a 3c e4 5f  01 96 47 65  08 06 00 01    ..2.j<._..Ge....
0010: 08 00 06 04  00 01 e4 5f  01 96 47 65  c0 a8 00 65    ......._..Ge...e
0020: 00 00 00 00  00 00 c0 a8  00 03                       ..........      


2026-06-28 14:25:02 DEBUG cic.cs.unb.ca.jnetpcap.PacketReader    null
********************************************************************************
0000:*e4 5f 01 96  47 65 dc a6  32 f8 6a 3c  08 06 00 01*   ._..Ge..2.j<....
0010: 08 00 06 04  00 02 dc a6  32 f8 6a 3c  c0 a8 00 03    ........2.j<....
0020: e4 5f 01 96  47 65 c0 a8  00 65*                      ._..Ge...e      


2026-06-28 14:25:02 DEBUG cic.cs.unb.ca.jnetpcap.PacketReader    null
********************************************************************************
0000:*33 33 00 00  00 01 72 5d  cc cd 13 20* 86 dd 60 00    33....r]... ..`.
0010: 00 00 00 24  00 01 fe 80  00 00 00 00  00 00 70 5d    ...$..........p]
0020: cc ff fe cd  13 20 ff 02  00 00 00 00  00 00 00 00    ..... ..........
0030: 00 00 00 00  00 01 3a 00  05 02 00 00  01 00 82 00    ......:.........
0040: 2c f1 03 e8  00 00 00 00  00 00 00 00  00 00 00 00    ,...............
0050: 00 00 00 00  00 00 00 00  00 00*                      ..........      


2026-06-28 14:25:02 DEBUG cic.cs.unb.ca.jnetpcap.PacketReader    null
********************************************************************************
0000:*33 33 00 00  00 16 e4 5f  01 96 47 65* 86 dd 60 00    33....._..Ge..`.
0010: 00 00 00 38  00 01 fe 80  00 00 00 00  00 00 f8 d0    ...8............
0020: 36 ba 92 4b  e0 c2 ff 02  00 00 00 00  00 00 00 00    6..K............
0030: 00 00 00 00  00 16 3a 00  05 02 00 00  01 00 8f 00    ......:.........
0040: ed 4e 00 00  00 02 02 00  00 00 ff 02  00 00 00 00    .N..............
0050: 00 00 00 00  00 01 ff 4b  e0 c2 02 00  00 00 ff 02    .......K........
0060: 00 00 00 00  00 00 00 00  00 00 00 00  00 fb*         ..............  


2026-06-28 14:25:02 DEBUG cic.cs.unb.ca.jnetpcap.PacketReader    null
********************************************************************************
0000:*e4 5f 01 96  47 65 dc a6  32 f8 6a 3c  08 06 00 01*   ._..Ge..2.j<....
0010: 08 00 06 04  00 01 dc a6  32 f8 6a 3c  c0 a8 00 03    ........2.j<....
0020: 00 00 00 00  00 00 c0 a8  00 65*                      .........e      


2026-06-28 14:25:02 DEBUG cic.cs.unb.ca.jnetpcap.PacketReader    Invalid [0,48,48) range.
JMemory: JMemory@1f5385165ecclass org.jnetpcap.protocol.network.Ip4: size=16 bytes
JMemory: owner=nio.JMemoryPool$Block.class(size=32768/offset=25964)
********************************************************************************
0000:*dc a6 32 f8  6a 3c e4 5f  01 96 47 65  08 06 00 01    ..2.j<._..Ge....
0010: 08 00 06 04  00 02 e4 5f  01 96 47 65  c0 a8 00 65    ......._..Ge...e
0020: dc a6 32 f8  6a 3c c0 a8  00 03                       ..2.j<....      


2026-06-28 14:25:02 DEBUG cic.cs.unb.ca.jnetpcap.PacketReader    Invalid [0,48,48) range.
JMemory: JMemory@1f53852894eclass org.jnetpcap.protocol.network.Ip4: size=20 bytes
JMemory: owner=nio.JMemoryPool$Block.class(size=32768/offset=2206)
********************************************************************************
0000:*dc a6 32 f8  6a 3c e4 5f  01 96 47 65  08 06 00 01    ..2.j<._..Ge....
0010: 08 00 06 04  00 01 e4 5f  01 96 47 65  c0 a8 00 65    ......._..Ge...e
0020: 00 00 00 00  00 00 c0 a8  00 03                       ..........      


2026-06-28 14:25:02 DEBUG cic.cs.unb.ca.jnetpcap.PacketReader    null
********************************************************************************
0000:*e4 5f 01 96  47 65 dc a6  32 f8 6a 3c  08 06 00 01*   ._..Ge..2.j<....
0010: 08 00 06 04  00 02 dc a6  32 f8 6a 3c  c0 a8 00 03    ........2.j<....
0020: e4 5f 01 96  47 65 c0 a8  00 65*                      ._..Ge...e      


2026-06-28 14:25:02 DEBUG cic.cs.unb.ca.jnetpcap.PacketReader    Invalid [0,48,48) range.
JMemory: JMemory@1f538556e0aclass org.jnetpcap.protocol.network.Ip4: size=20 bytes
JMemory: owner=nio.JMemoryPool$Block.class(size=32768/offset=27914)
********************************************************************************
0000:*dc a6 32 f8  6a 3c e4 5f  01 96 47 65  08 06 00 01    ..2.j<._..Ge....
0010: 08 00 06 04  00 01 e4 5f  01 96 47 65  c0 a8 00 65    ......._..Ge...e
0020: 00 00 00 00  00 00 c0 a8  00 03                       ..........      


2026-06-28 14:25:02 DEBUG cic.cs.unb.ca.jnetpcap.PacketReader    null
********************************************************************************
0000:*e4 5f 01 96  47 65 dc a6  32 f8 6a 3c  08 06 00 01*   ._..Ge..2.j<....
0010: 08 00 06 04  00 02 dc a6  32 f8 6a 3c  c0 a8 00 03    ........2.j<....
0020: e4 5f 01 96  47 65 c0 a8  00 65*                      ._..Ge...e      


2026-06-28 14:25:02 DEBUG cic.cs.unb.ca.jnetpcap.PacketReader    null
********************************************************************************
0000:*e4 5f 01 96  47 65 dc a6  32 f8 6a 3c  08 06 00 01*   ._..Ge..2.j<....
0010: 08 00 06 04  00 01 dc a6  32 f8 6a 3c  c0 a8 00 03    ........2.j<....
0020: 00 00 00 00  00 00 c0 a8  00 65*                      .........e      


2026-06-28 14:25:02 DEBUG cic.cs.unb.ca.jnetpcap.PacketReader    Invalid [0,48,48) range.
JMemory: JMemory@1f538562938class org.jnetpcap.protocol.network.Ip4: size=16 bytes
JMemory: owner=nio.JMemoryPool$Block.class(size=32768/offset=10264)
********************************************************************************
0000:*dc a6 32 f8  6a 3c e4 5f  01 96 47 65  08 06 00 01    ..2.j<._..Ge....
0010: 08 00 06 04  00 02 e4 5f  01 96 47 65  c0 a8 00 65    ......._..Ge...e
0020: dc a6 32 f8  6a 3c c0 a8  00 03                       ..2.j<....      


2026-06-28 14:25:02 DEBUG cic.cs.unb.ca.jnetpcap.PacketReader    null
********************************************************************************
0000:*33 33 00 00  00 01 72 5d  cc cd 13 20* 86 dd 60 00    33....r]... ..`.
0010: 00 00 00 24  00 01 fe 80  00 00 00 00  00 00 70 5d    ...$..........p]
0020: cc ff fe cd  13 20 ff 02  00 00 00 00  00 00 00 00    ..... ..........
0030: 00 00 00 00  00 01 3a 00  05 02 00 00  01 00 82 00    ......:.........
0040: 2c f1 03 e8  00 00 00 00  00 00 00 00  00 00 00 00    ,...............
0050: 00 00 00 00  00 00 00 00  00 00*                      ..........      


2026-06-28 14:25:02 DEBUG cic.cs.unb.ca.jnetpcap.PacketReader    null
********************************************************************************
0000:*33 33 00 00  00 16 e4 5f  01 96 47 65* 86 dd 60 00    33....._..Ge..`.
0010: 00 00 00 38  00 01 fe 80  00 00 00 00  00 00 f8 d0    ...8............
0020: 36 ba 92 4b  e0 c2 ff 02  00 00 00 00  00 00 00 00    6..K............
0030: 00 00 00 00  00 16 3a 00  05 02 00 00  01 00 8f 00    ......:.........
0040: ed 4e 00 00  00 02 02 00  00 00 ff 02  00 00 00 00    .N..............
0050: 00 00 00 00  00 01 ff 4b  e0 c2 02 00  00 00 ff 02    .......K........
0060: 00 00 00 00  00 00 00 00  00 00 00 00  00 fb*         ..............  


2026-06-28 14:25:02 DEBUG cic.cs.unb.ca.jnetpcap.PacketReader    Invalid [0,48,48) range.
JMemory: JMemory@1f53858818eclass org.jnetpcap.protocol.network.Ip4: size=20 bytes
JMemory: owner=nio.JMemoryPool$Block.class(size=32768/offset=30)
********************************************************************************
0000:*dc a6 32 f8  6a 3c e4 5f  01 96 47 65  08 06 00 01    ..2.j<._..Ge....
0010: 08 00 06 04  00 01 e4 5f  01 96 47 65  c0 a8 00 65    ......._..Ge...e
0020: 00 00 00 00  00 00 c0 a8  00 03                       ..........      


2026-06-28 14:25:02 DEBUG cic.cs.unb.ca.jnetpcap.PacketReader    null
********************************************************************************
0000:*e4 5f 01 96  47 65 dc a6  32 f8 6a 3c  08 06 00 01*   ._..Ge..2.j<....
0010: 08 00 06 04  00 02 dc a6  32 f8 6a 3c  c0 a8 00 03    ........2.j<....
0020: e4 5f 01 96  47 65 c0 a8  00 65*                      ._..Ge...e      


2026-06-28 14:25:02 DEBUG cic.cs.unb.ca.jnetpcap.PacketReader    null
********************************************************************************
0000:*e4 5f 01 96  47 65 dc a6  32 f8 6a 3c  08 06 00 01*   ._..Ge..2.j<....
0010: 08 00 06 04  00 01 dc a6  32 f8 6a 3c  c0 a8 00 03    ........2.j<....
0020: 00 00 00 00  00 00 c0 a8  00 65*                      .........e      


2026-06-28 14:25:02 DEBUG cic.cs.unb.ca.jnetpcap.PacketReader    Invalid [0,48,48) range.
JMemory: JMemory@1f5385b35f4class org.jnetpcap.protocol.network.Ip4: size=16 bytes
JMemory: owner=nio.JMemoryPool$Block.class(size=32768/offset=13364)
********************************************************************************
0000:*dc a6 32 f8  6a 3c e4 5f  01 96 47 65  08 06 00 01    ..2.j<._..Ge....
0010: 08 00 06 04  00 02 e4 5f  01 96 47 65  c0 a8 00 65    ......._..Ge...e
0020: dc a6 32 f8  6a 3c c0 a8  00 03                       ..2.j<....      


2026-06-28 14:25:02 DEBUG cic.cs.unb.ca.jnetpcap.PacketReader    Invalid [0,48,48) range.
JMemory: JMemory@1f5385b6842class org.jnetpcap.protocol.network.Ip4: size=20 bytes
JMemory: owner=nio.JMemoryPool$Block.class(size=32768/offset=26242)
********************************************************************************
0000:*dc a6 32 f8  6a 3c e4 5f  01 96 47 65  08 06 00 01    ..2.j<._..Ge....
0010: 08 00 06 04  00 01 e4 5f  01 96 47 65  c0 a8 00 65    ......._..Ge...e
0020: 00 00 00 00  00 00 c0 a8  00 03                       ..........      


2026-06-28 14:25:02 DEBUG cic.cs.unb.ca.jnetpcap.PacketReader    null
********************************************************************************
0000:*e4 5f 01 96  47 65 dc a6  32 f8 6a 3c  08 06 00 01*   ._..Ge..2.j<....
0010: 08 00 06 04  00 02 dc a6  32 f8 6a 3c  c0 a8 00 03    ........2.j<....
0020: e4 5f 01 96  47 65 c0 a8  00 65*                      ._..Ge...e      


2026-06-28 14:25:02 DEBUG cic.cs.unb.ca.jnetpcap.PacketReader    Invalid [0,48,48) range.
JMemory: JMemory@1f5385b92a0class org.jnetpcap.protocol.network.Ip4: size=42 bytes
JMemory: owner=nio.JMemoryPool$Block.class(size=32768/offset=4304)
********************************************************************************
0000:*dc a6 32 f8  6a 3c e4 5f  01 96 47 65  08 06 00 01    ..2.j<._..Ge....
0010: 08 00 06 04  00 02 e4 5f  01 96 47 65  c0 a8 00 65    ......._..Ge...e
0020: dc a6 32 f8  6a 3c c0 a8  00 03                       ..2.j<....      


2026-06-28 14:25:02 DEBUG cic.cs.unb.ca.jnetpcap.PacketReader    null
********************************************************************************
0000:*33 33 00 00  00 01 72 5d  cc cd 13 20* 86 dd 60 00    33....r]... ..`.
0010: 00 00 00 24  00 01 fe 80  00 00 00 00  00 00 70 5d    ...$..........p]
0020: cc ff fe cd  13 20 ff 02  00 00 00 00  00 00 00 00    ..... ..........
0030: 00 00 00 00  00 01 3a 00  05 02 00 00  01 00 82 00    ......:.........
0040: 2c f1 03 e8  00 00 00 00  00 00 00 00  00 00 00 00    ,...............
0050: 00 00 00 00  00 00 00 00  00 00*                      ..........      


2026-06-28 14:25:02 DEBUG cic.cs.unb.ca.jnetpcap.PacketReader    null
********************************************************************************
0000:*33 33 00 00  00 16 e4 5f  01 96 47 65* 86 dd 60 00    33....._..Ge..`.
0010: 00 00 00 38  00 01 fe 80  00 00 00 00  00 00 f8 d0    ...8............
0020: 36 ba 92 4b  e0 c2 ff 02  00 00 00 00  00 00 00 00    6..K............
0030: 00 00 00 00  00 16 3a 00  05 02 00 00  01 00 8f 00    ......:.........
0040: ed 4e 00 00  00 02 02 00  00 00 ff 02  00 00 00 00    .N..............
0050: 00 00 00 00  00 01 ff 4b  e0 c2 02 00  00 00 ff 02    .......K........
0060: 00 00 00 00  00 00 00 00  00 00 00 00  00 fb*         ..............  


2026-06-28 14:25:02 DEBUG cic.cs.unb.ca.jnetpcap.PacketReader    Invalid [0,48,48) range.
JMemory: JMemory@1f5385e6dfaclass org.jnetpcap.protocol.network.Ip4: size=20 bytes
JMemory: owner=nio.JMemoryPool$Block.class(size=32768/offset=27610)
********************************************************************************
0000:*dc a6 32 f8  6a 3c e4 5f  01 96 47 65  08 06 00 01    ..2.j<._..Ge....
0010: 08 00 06 04  00 01 e4 5f  01 96 47 65  c0 a8 00 65    ......._..Ge...e
0020: 00 00 00 00  00 00 c0 a8  00 03                       ..........      


2026-06-28 14:25:02 DEBUG cic.cs.unb.ca.jnetpcap.PacketReader    null
********************************************************************************
0000:*e4 5f 01 96  47 65 dc a6  32 f8 6a 3c  08 06 00 01*   ._..Ge..2.j<....
0010: 08 00 06 04  00 02 dc a6  32 f8 6a 3c  c0 a8 00 03    ........2.j<....
0020: e4 5f 01 96  47 65 c0 a8  00 65*                      ._..Ge...e      


2026-06-28 14:25:02 DEBUG cic.cs.unb.ca.jnetpcap.PacketReader    null
********************************************************************************
0000:*e4 5f 01 96  47 65 dc a6  32 f8 6a 3c  08 06 00 01*   ._..Ge..2.j<....
0010: 08 00 06 04  00 01 dc a6  32 f8 6a 3c  c0 a8 00 03    ........2.j<....
0020: 00 00 00 00  00 00 c0 a8  00 65*                      .........e      


2026-06-28 14:25:02 DEBUG cic.cs.unb.ca.jnetpcap.PacketReader    Invalid [0,48,48) range.
JMemory: JMemory@1f5386087e0class org.jnetpcap.protocol.network.Ip4: size=16 bytes
JMemory: owner=nio.JMemoryPool$Block.class(size=32768/offset=1392)
********************************************************************************
0000:*dc a6 32 f8  6a 3c e4 5f  01 96 47 65  08 06 00 01    ..2.j<._..Ge....
0010: 08 00 06 04  00 02 e4 5f  01 96 47 65  c0 a8 00 65    ......._..Ge...e
0020: dc a6 32 f8  6a 3c c0 a8  00 03                       ..2.j<....      


2026-06-28 14:25:02 DEBUG cic.cs.unb.ca.jnetpcap.PacketReader    Invalid [0,48,48) range.
JMemory: JMemory@1f538617e92class org.jnetpcap.protocol.network.Ip4: size=20 bytes
JMemory: owner=nio.JMemoryPool$Block.class(size=32768/offset=31762)
********************************************************************************
0000:*dc a6 32 f8  6a 3c e4 5f  01 96 47 65  08 06 00 01    ..2.j<._..Ge....
0010: 08 00 06 04  00 01 e4 5f  01 96 47 65  c0 a8 00 65    ......._..Ge...e
0020: 00 00 00 00  00 00 c0 a8  00 03                       ..........      


2026-06-28 14:25:02 DEBUG cic.cs.unb.ca.jnetpcap.PacketReader    null
********************************************************************************
0000:*e4 5f 01 96  47 65 dc a6  32 f8 6a 3c  08 06 00 01*   ._..Ge..2.j<....
0010: 08 00 06 04  00 02 dc a6  32 f8 6a 3c  c0 a8 00 03    ........2.j<....
0020: e4 5f 01 96  47 65 c0 a8  00 65*                      ._..Ge...e      


2026-06-28 14:25:02 DEBUG cic.cs.unb.ca.jnetpcap.PacketReader    Invalid [0,48,48) range.
JMemory: JMemory@1f5386466e6class org.jnetpcap.protocol.network.Ip4: size=20 bytes
JMemory: owner=nio.JMemoryPool$Block.class(size=32768/offset=25606)
********************************************************************************
0000:*dc a6 32 f8  6a 3c e4 5f  01 96 47 65  08 06 00 01    ..2.j<._..Ge....
0010: 08 00 06 04  00 01 e4 5f  01 96 47 65  c0 a8 00 65    ......._..Ge...e
0020: 00 00 00 00  00 00 c0 a8  00 03                       ..........      


2026-06-28 14:25:02 DEBUG cic.cs.unb.ca.jnetpcap.PacketReader    null
********************************************************************************
0000:*e4 5f 01 96  47 65 dc a6  32 f8 6a 3c  08 06 00 01*   ._..Ge..2.j<....
0010: 08 00 06 04  00 02 dc a6  32 f8 6a 3c  c0 a8 00 03    ........2.j<....
0020: e4 5f 01 96  47 65 c0 a8  00 65*                      ._..Ge...e      


2026-06-28 14:25:02 DEBUG cic.cs.unb.ca.jnetpcap.PacketReader    null
********************************************************************************
0000:*e4 5f 01 96  47 65 dc a6  32 f8 6a 3c  08 06 00 01*   ._..Ge..2.j<....
0010: 08 00 06 04  00 01 dc a6  32 f8 6a 3c  c0 a8 00 03    ........2.j<....
0020: 00 00 00 00  00 00 c0 a8  00 65*                      .........e      


2026-06-28 14:25:02 DEBUG cic.cs.unb.ca.jnetpcap.PacketReader    Invalid [0,48,48) range.
JMemory: JMemory@1f53861ced0class org.jnetpcap.protocol.network.Ip4: size=16 bytes
JMemory: owner=nio.JMemoryPool$Block.class(size=32768/offset=19520)
********************************************************************************
0000:*dc a6 32 f8  6a 3c e4 5f  01 96 47 65  08 06 00 01    ..2.j<._..Ge....
0010: 08 00 06 04  00 02 e4 5f  01 96 47 65  c0 a8 00 65    ......._..Ge...e
0020: dc a6 32 f8  6a 3c c0 a8  00 03                       ..2.j<....      


2026-06-28 14:25:02 DEBUG cic.cs.unb.ca.jnetpcap.PacketReader    null
********************************************************************************
0000:*33 33 00 00  00 01 72 5d  cc cd 13 20* 86 dd 60 00    33....r]... ..`.
0010: 00 00 00 24  00 01 fe 80  00 00 00 00  00 00 70 5d    ...$..........p]
0020: cc ff fe cd  13 20 ff 02  00 00 00 00  00 00 00 00    ..... ..........
0030: 00 00 00 00  00 01 3a 00  05 02 00 00  01 00 82 00    ......:.........
0040: 2c f1 03 e8  00 00 00 00  00 00 00 00  00 00 00 00    ,...............
0050: 00 00 00 00  00 00 00 00  00 00*                      ..........      


2026-06-28 14:25:02 DEBUG cic.cs.unb.ca.jnetpcap.PacketReader    null
********************************************************************************
0000:*33 33 00 00  00 16 e4 5f  01 96 47 65* 86 dd 60 00    33....._..Ge..`.
0010: 00 00 00 38  00 01 fe 80  00 00 00 00  00 00 f8 d0    ...8............
0020: 36 ba 92 4b  e0 c2 ff 02  00 00 00 00  00 00 00 00    6..K............
0030: 00 00 00 00  00 16 3a 00  05 02 00 00  01 00 8f 00    ......:.........
0040: ed 4e 00 00  00 02 02 00  00 00 ff 02  00 00 00 00    .N..............
0050: 00 00 00 00  00 01 ff 4b  e0 c2 02 00  00 00 ff 02    .......K........
0060: 00 00 00 00  00 00 00 00  00 00 00 00  00 fb*         ..............  


2026-06-28 14:25:02 DEBUG cic.cs.unb.ca.jnetpcap.PacketReader    Invalid [0,48,48) range.
JMemory: JMemory@1f53863f71aclass org.jnetpcap.protocol.network.Ip4: size=20 bytes
JMemory: owner=nio.JMemoryPool$Block.class(size=32768/offset=29770)
********************************************************************************
0000:*dc a6 32 f8  6a 3c e4 5f  01 96 47 65  08 06 00 01    ..2.j<._..Ge....
0010: 08 00 06 04  00 01 e4 5f  01 96 47 65  c0 a8 00 65    ......._..Ge...e
0020: 00 00 00 00  00 00 c0 a8  00 03                       ..........      


2026-06-28 14:25:02 DEBUG cic.cs.unb.ca.jnetpcap.PacketReader    null
********************************************************************************
0000:*e4 5f 01 96  47 65 dc a6  32 f8 6a 3c  08 06 00 01*   ._..Ge..2.j<....
0010: 08 00 06 04  00 02 dc a6  32 f8 6a 3c  c0 a8 00 03    ........2.j<....
0020: e4 5f 01 96  47 65 c0 a8  00 65*                      ._..Ge...e      


2026-06-28 14:25:02 DEBUG cic.cs.unb.ca.jnetpcap.PacketReader    null
********************************************************************************
0000:*e4 5f 01 96  47 65 dc a6  32 f8 6a 3c  08 06 00 01*   ._..Ge..2.j<....
0010: 08 00 06 04  00 01 dc a6  32 f8 6a 3c  c0 a8 00 03    ........2.j<....
0020: 00 00 00 00  00 00 c0 a8  00 65*                      .........e      


2026-06-28 14:25:02 DEBUG cic.cs.unb.ca.jnetpcap.PacketReader    Invalid [0,48,48) range.
JMemory: JMemory@1f5381f2748class org.jnetpcap.protocol.network.Ip4: size=16 bytes
JMemory: owner=nio.JMemoryPool$Block.class(size=32768/offset=19224)
********************************************************************************
0000:*dc a6 32 f8  6a 3c e4 5f  01 96 47 65  08 06 00 01    ..2.j<._..Ge....
0010: 08 00 06 04  00 02 e4 5f  01 96 47 65  c0 a8 00 65    ......._..Ge...e
0020: dc a6 32 f8  6a 3c c0 a8  00 03                       ..2.j<....      


2026-06-28 14:25:02 DEBUG cic.cs.unb.ca.jnetpcap.PacketReader    Invalid [0,48,48) range.
JMemory: JMemory@1f5381f462eclass org.jnetpcap.protocol.network.Ip4: size=20 bytes
JMemory: owner=nio.JMemoryPool$Block.class(size=32768/offset=27134)
********************************************************************************
0000:*dc a6 32 f8  6a 3c e4 5f  01 96 47 65  08 06 00 01    ..2.j<._..Ge....
0010: 08 00 06 04  00 01 e4 5f  01 96 47 65  c0 a8 00 65    ......._..Ge...e
0020: 00 00 00 00  00 00 c0 a8  00 03                       ..........      


2026-06-28 14:25:02 DEBUG cic.cs.unb.ca.jnetpcap.PacketReader    null
********************************************************************************
0000:*e4 5f 01 96  47 65 dc a6  32 f8 6a 3c  08 06 00 01*   ._..Ge..2.j<....
0010: 08 00 06 04  00 02 dc a6  32 f8 6a 3c  c0 a8 00 03    ........2.j<....
0020: e4 5f 01 96  47 65 c0 a8  00 65*                      ._..Ge...e      


2026-06-28 14:25:02 DEBUG cic.cs.unb.ca.jnetpcap.PacketReader    Invalid [0,48,48) range.
JMemory: JMemory@1f5381fe24cclass org.jnetpcap.protocol.network.Ip4: size=42 bytes
JMemory: owner=nio.JMemoryPool$Block.class(size=32768/offset=1532)
********************************************************************************
0000:*dc a6 32 f8  6a 3c e4 5f  01 96 47 65  08 06 00 01    ..2.j<._..Ge....
0010: 08 00 06 04  00 02 e4 5f  01 96 47 65  c0 a8 00 65    ......._..Ge...e
0020: dc a6 32 f8  6a 3c c0 a8  00 03                       ..2.j<....      


2026-06-28 14:25:02 DEBUG cic.cs.unb.ca.jnetpcap.PacketReader    null
********************************************************************************
0000:*e4 5f 01 96  47 65 70 5d  cc dd 13 23  08 06 00 01*   ._..Gep]...#....
0010: 08 00 06 04  00 01 70 5d  cc dd 13 23  c0 a8 00 01    ......p]...#....
0020: 00 00 00 00  00 00 c0 a8  00 65*                      .........e      


2026-06-28 14:25:02 DEBUG cic.cs.unb.ca.jnetpcap.PacketReader    null
********************************************************************************
0000:*e4 5f 01 96  47 65 70 5d  cc dd 13 23  08 06 00 01*   ._..Gep]...#....
0010: 08 00 06 04  00 02 70 5d  cc dd 13 23  c0 a8 00 01    ......p]...#....
0020: e4 5f 01 96  47 65 c0 a8  00 65*                      ._..Ge...e      


2026-06-28 14:25:02 DEBUG cic.cs.unb.ca.jnetpcap.PacketReader    null
********************************************************************************
0000:*33 33 00 00  00 01 72 5d  cc cd 13 20* 86 dd 60 00    33....r]... ..`.
0010: 00 00 00 24  00 01 fe 80  00 00 00 00  00 00 70 5d    ...$..........p]
0020: cc ff fe cd  13 20 ff 02  00 00 00 00  00 00 00 00    ..... ..........
0030: 00 00 00 00  00 01 3a 00  05 02 00 00  01 00 82 00    ......:.........
0040: 2c f1 03 e8  00 00 00 00  00 00 00 00  00 00 00 00    ,...............
0050: 00 00 00 00  00 00 00 00  00 00*                      ..........      


2026-06-28 14:25:02 DEBUG cic.cs.unb.ca.jnetpcap.PacketReader    null
********************************************************************************
0000:*33 33 00 00  00 16 e4 5f  01 96 47 65* 86 dd 60 00    33....._..Ge..`.
0010: 00 00 00 38  00 01 fe 80  00 00 00 00  00 00 f8 d0    ...8............
0020: 36 ba 92 4b  e0 c2 ff 02  00 00 00 00  00 00 00 00    6..K............
0030: 00 00 00 00  00 16 3a 00  05 02 00 00  01 00 8f 00    ......:.........
0040: ed 4e 00 00  00 02 02 00  00 00 ff 02  00 00 00 00    .N..............
0050: 00 00 00 00  00 01 ff 4b  e0 c2 02 00  00 00 ff 02    .......K........
0060: 00 00 00 00  00 00 00 00  00 00 00 00  00 fb*         ..............  


2026-06-28 14:25:02 DEBUG cic.cs.unb.ca.jnetpcap.PacketReader    Invalid [0,48,48) range.
JMemory: JMemory@1f538666a9eclass org.jnetpcap.protocol.network.Ip4: size=20 bytes
JMemory: owner=nio.JMemoryPool$Block.class(size=32768/offset=26494)
********************************************************************************
0000:*dc a6 32 f8  6a 3c e4 5f  01 96 47 65  08 06 00 01    ..2.j<._..Ge....
0010: 08 00 06 04  00 01 e4 5f  01 96 47 65  c0 a8 00 65    ......._..Ge...e
0020: 00 00 00 00  00 00 c0 a8  00 03                       ..........      


2026-06-28 14:25:02 DEBUG cic.cs.unb.ca.jnetpcap.PacketReader    null
********************************************************************************
0000:*e4 5f 01 96  47 65 dc a6  32 f8 6a 3c  08 06 00 01*   ._..Ge..2.j<....
0010: 08 00 06 04  00 02 dc a6  32 f8 6a 3c  c0 a8 00 03    ........2.j<....
0020: e4 5f 01 96  47 65 c0 a8  00 65*                      ._..Ge...e      


2026-06-28 14:25:02 DEBUG cic.cs.unb.ca.jnetpcap.PacketReader    null
********************************************************************************
0000:*e4 5f 01 96  47 65 dc a6  32 f8 6a 3c  08 06 00 01*   ._..Ge..2.j<....
0010: 08 00 06 04  00 01 dc a6  32 f8 6a 3c  c0 a8 00 03    ........2.j<....
0020: 00 00 00 00  00 00 c0 a8  00 65*                      .........e      


2026-06-28 14:25:02 DEBUG cic.cs.unb.ca.jnetpcap.PacketReader    Invalid [0,48,48) range.
JMemory: JMemory@1f53868df18class org.jnetpcap.protocol.network.Ip4: size=16 bytes
JMemory: owner=nio.JMemoryPool$Block.class(size=32768/offset=23464)
********************************************************************************
0000:*dc a6 32 f8  6a 3c e4 5f  01 96 47 65  08 06 00 01    ..2.j<._..Ge....
0010: 08 00 06 04  00 02 e4 5f  01 96 47 65  c0 a8 00 65    ......._..Ge...e
0020: dc a6 32 f8  6a 3c c0 a8  00 03                       ..2.j<....      


2026-06-28 14:25:02 DEBUG cic.cs.unb.ca.jnetpcap.PacketReader    Invalid [0,48,48) range.
JMemory: JMemory@1f5386976e2class org.jnetpcap.protocol.network.Ip4: size=20 bytes
JMemory: owner=nio.JMemoryPool$Block.class(size=32768/offset=29538)
********************************************************************************
0000:*dc a6 32 f8  6a 3c e4 5f  01 96 47 65  08 06 00 01    ..2.j<._..Ge....
0010: 08 00 06 04  00 01 e4 5f  01 96 47 65  c0 a8 00 65    ......._..Ge...e
0020: 00 00 00 00  00 00 c0 a8  00 03                       ..........      


2026-06-28 14:25:02 DEBUG cic.cs.unb.ca.jnetpcap.PacketReader    null
********************************************************************************
0000:*e4 5f 01 96  47 65 dc a6  32 f8 6a 3c  08 06 00 01*   ._..Ge..2.j<....
0010: 08 00 06 04  00 02 dc a6  32 f8 6a 3c  c0 a8 00 03    ........2.j<....
0020: e4 5f 01 96  47 65 c0 a8  00 65*                      ._..Ge...e      


2026-06-28 14:25:02 DEBUG cic.cs.unb.ca.jnetpcap.PacketReader    Invalid [0,48,48) range.
JMemory: JMemory@1f5386c5a8eclass org.jnetpcap.protocol.network.Ip4: size=20 bytes
JMemory: owner=nio.JMemoryPool$Block.class(size=32768/offset=22190)
********************************************************************************
0000:*dc a6 32 f8  6a 3c e4 5f  01 96 47 65  08 06 00 01    ..2.j<._..Ge....
0010: 08 00 06 04  00 01 e4 5f  01 96 47 65  c0 a8 00 65    ......._..Ge...e
0020: 00 00 00 00  00 00 c0 a8  00 03                       ..........      


2026-06-28 14:25:02 DEBUG cic.cs.unb.ca.jnetpcap.PacketReader    null
********************************************************************************
0000:*e4 5f 01 96  47 65 dc a6  32 f8 6a 3c  08 06 00 01*   ._..Ge..2.j<....
0010: 08 00 06 04  00 02 dc a6  32 f8 6a 3c  c0 a8 00 03    ........2.j<....
0020: e4 5f 01 96  47 65 c0 a8  00 65*                      ._..Ge...e      


2026-06-28 14:25:02 DEBUG cic.cs.unb.ca.jnetpcap.PacketReader    null
********************************************************************************
0000:*33 33 00 00  00 01 72 5d  cc cd 13 20* 86 dd 60 00    33....r]... ..`.
0010: 00 00 00 24  00 01 fe 80  00 00 00 00  00 00 70 5d    ...$..........p]
0020: cc ff fe cd  13 20 ff 02  00 00 00 00  00 00 00 00    ..... ..........
0030: 00 00 00 00  00 01 3a 00  05 02 00 00  01 00 82 00    ......:.........
0040: 2c f1 03 e8  00 00 00 00  00 00 00 00  00 00 00 00    ,...............
0050: 00 00 00 00  00 00 00 00  00 00*                      ..........      


2026-06-28 14:25:02 DEBUG cic.cs.unb.ca.jnetpcap.PacketReader    null
********************************************************************************
0000:*33 33 00 00  00 16 e4 5f  01 96 47 65* 86 dd 60 00    33....._..Ge..`.
0010: 00 00 00 38  00 01 fe 80  00 00 00 00  00 00 f8 d0    ...8............
0020: 36 ba 92 4b  e0 c2 ff 02  00 00 00 00  00 00 00 00    6..K............
0030: 00 00 00 00  00 16 3a 00  05 02 00 00  01 00 8f 00    ......:.........
0040: ed 4e 00 00  00 02 02 00  00 00 ff 02  00 00 00 00    .N..............
0050: 00 00 00 00  00 01 ff 4b  e0 c2 02 00  00 00 ff 02    .......K........
0060: 00 00 00 00  00 00 00 00  00 00 00 00  00 fb*         ..............  


2026-06-28 14:25:02 DEBUG cic.cs.unb.ca.jnetpcap.PacketReader    null
********************************************************************************
0000:*e4 5f 01 96  47 65 dc a6  32 f8 6a 3c  08 06 00 01*   ._..Ge..2.j<....
0010: 08 00 06 04  00 01 dc a6  32 f8 6a 3c  c0 a8 00 03    ........2.j<....
0020: 00 00 00 00  00 00 c0 a8  00 65*                      .........e      


2026-06-28 14:25:02 DEBUG cic.cs.unb.ca.jnetpcap.PacketReader    Invalid [0,48,48) range.
JMemory: JMemory@1f5386da518class org.jnetpcap.protocol.network.Ip4: size=16 bytes
JMemory: owner=nio.JMemoryPool$Block.class(size=32768/offset=8456)
********************************************************************************
0000:*dc a6 32 f8  6a 3c e4 5f  01 96 47 65  08 06 00 01    ..2.j<._..Ge....
0010: 08 00 06 04  00 02 e4 5f  01 96 47 65  c0 a8 00 65    ......._..Ge...e
0020: dc a6 32 f8  6a 3c c0 a8  00 03                       ..2.j<....      


2026-06-28 14:25:02 DEBUG cic.cs.unb.ca.jnetpcap.PacketReader    null
********************************************************************************
0000:*33 33 00 00  00 fb 8c 88  2b 40 07 be* 86 dd 60 0a    33......+@....`.
0010: 8e 35 00 24  11 01 fe 80  00 00 00 00  00 00 67 bd    .5.$..........g.
0020: 69 35 c9 5b  bf cb ff 02  00 00 00 00  00 00 00 00    i5.[............
0030: 00 00 00 00  00 fb 14 e9  14 e9 00 24  68 89 00 00    ...........$h...
0040: 00 00 00 01  00 00 00 00  00 00 04 77  70 61 64 05    ...........wpad.
0050: 6c 6f 63 61  6c 00 00 01  00 01*                      local.....      


2026-06-28 14:25:02 DEBUG cic.cs.unb.ca.jnetpcap.PacketReader    null
********************************************************************************
0000:*33 33 00 00  00 fb 8c 88  2b 40 07 be* 86 dd 60 0a    33......+@....`.
0010: 8e 35 00 24  11 01 fe 80  00 00 00 00  00 00 67 bd    .5.$..........g.
0020: 69 35 c9 5b  bf cb ff 02  00 00 00 00  00 00 00 00    i5.[............
0030: 00 00 00 00  00 fb 14 e9  14 e9 00 24  68 6e 00 00    ...........$hn..
0040: 00 00 00 01  00 00 00 00  00 00 04 77  70 61 64 05    ...........wpad.
0050: 6c 6f 63 61  6c 00 00 1c  00 01*                      local.....      


2026-06-28 14:25:02 DEBUG cic.cs.unb.ca.jnetpcap.PacketReader    null
********************************************************************************
0000:*33 33 00 00  00 fb 8c 88  2b 40 07 be* 86 dd 60 0a    33......+@....`.
0010: 8e 35 00 24  11 01 fe 80  00 00 00 00  00 00 67 bd    .5.$..........g.
0020: 69 35 c9 5b  bf cb ff 02  00 00 00 00  00 00 00 00    i5.[............
0030: 00 00 00 00  00 fb 14 e9  14 e9 00 24  68 89 00 00    ...........$h...
0040: 00 00 00 01  00 00 00 00  00 00 04 77  70 61 64 05    ...........wpad.
0050: 6c 6f 63 61  6c 00 00 01  00 01*                      local.....      


2026-06-28 14:25:02 DEBUG cic.cs.unb.ca.jnetpcap.PacketReader    null
********************************************************************************
0000:*33 33 00 00  00 fb 8c 88  2b 40 07 be* 86 dd 60 0a    33......+@....`.
0010: 8e 35 00 24  11 01 fe 80  00 00 00 00  00 00 67 bd    .5.$..........g.
0020: 69 35 c9 5b  bf cb ff 02  00 00 00 00  00 00 00 00    i5.[............
0030: 00 00 00 00  00 fb 14 e9  14 e9 00 24  68 6e 00 00    ...........$hn..
0040: 00 00 00 01  00 00 00 00  00 00 04 77  70 61 64 05    ...........wpad.
0050: 6c 6f 63 61  6c 00 00 1c  00 01*                      local.....      


2026-06-28 14:25:02 DEBUG cic.cs.unb.ca.jnetpcap.PacketReader    null
********************************************************************************
0000:*33 33 00 00  00 fb 8c 88  2b 40 07 be* 86 dd 60 0a    33......+@....`.
0010: 8e 35 00 24  11 01 fe 80  00 00 00 00  00 00 67 bd    .5.$..........g.
0020: 69 35 c9 5b  bf cb ff 02  00 00 00 00  00 00 00 00    i5.[............
0030: 00 00 00 00  00 fb 14 e9  14 e9 00 24  68 89 00 00    ...........$h...
0040: 00 00 00 01  00 00 00 00  00 00 04 77  70 61 64 05    ...........wpad.
0050: 6c 6f 63 61  6c 00 00 01  00 01*                      local.....      


2026-06-28 14:25:02 DEBUG cic.cs.unb.ca.jnetpcap.PacketReader    null
********************************************************************************
0000:*33 33 00 00  00 fb 8c 88  2b 40 07 be* 86 dd 60 0a    33......+@....`.
0010: 8e 35 00 24  11 01 fe 80  00 00 00 00  00 00 67 bd    .5.$..........g.
0020: 69 35 c9 5b  bf cb ff 02  00 00 00 00  00 00 00 00    i5.[............
0030: 00 00 00 00  00 fb 14 e9  14 e9 00 24  68 89 00 00    ...........$h...
0040: 00 00 00 01  00 00 00 00  00 00 04 77  70 61 64 05    ...........wpad.
0050: 6c 6f 63 61  6c 00 00 01  00 01*                      local.....      


2026-06-28 14:25:02 DEBUG cic.cs.unb.ca.jnetpcap.PacketReader    null
********************************************************************************
0000:*33 33 00 00  00 fb 8c 88  2b 40 07 be* 86 dd 60 0a    33......+@....`.
0010: 8e 35 00 24  11 01 fe 80  00 00 00 00  00 00 67 bd    .5.$..........g.
0020: 69 35 c9 5b  bf cb ff 02  00 00 00 00  00 00 00 00    i5.[............
0030: 00 00 00 00  00 fb 14 e9  14 e9 00 24  68 6e 00 00    ...........$hn..
0040: 00 00 00 01  00 00 00 00  00 00 04 77  70 61 64 05    ...........wpad.
0050: 6c 6f 63 61  6c 00 00 1c  00 01*                      local.....      


2026-06-28 14:25:02 DEBUG cic.cs.unb.ca.jnetpcap.PacketReader    null
********************************************************************************
0000:*33 33 00 00  00 fb 8c 88  2b 40 07 be* 86 dd 60 0a    33......+@....`.
0010: 8e 35 00 24  11 01 fe 80  00 00 00 00  00 00 67 bd    .5.$..........g.
0020: 69 35 c9 5b  bf cb ff 02  00 00 00 00  00 00 00 00    i5.[............
0030: 00 00 00 00  00 fb 14 e9  14 e9 00 24  68 6e 00 00    ...........$hn..
0040: 00 00 00 01  00 00 00 00  00 00 04 77  70 61 64 05    ...........wpad.
0050: 6c 6f 63 61  6c 00 00 1c  00 01*                      local.....      


2026-06-28 14:25:02 DEBUG cic.cs.unb.ca.jnetpcap.PacketReader    null
********************************************************************************
0000:*33 33 00 00  00 fb e4 5f  01 96 47 65* 86 dd 60 08    33....._..Ge..`.
0010: 6f c5 00 35  11 ff fe 80  00 00 00 00  00 00 f8 d0    o..5............
0020: 36 ba 92 4b  e0 c2 ff 02  00 00 00 00  00 00 00 00    6..K............
0030: 00 00 00 00  00 fb 14 e9  14 e9 00 35  33 1f 00 00    ...........53..
0040: 00 00 00 02  00 00 00 00  00 00 05 5f  69 70 70 73    ..........._ipps
0050: 04 5f 74 63  70 05 6c 6f  63 61 6c 00  00 0c 00 01    ._tcp.local.....
0060: 04 5f 69 70  70 c0 12 00  0c 00 01*                   ._ipp......     


2026-06-28 14:25:02 DEBUG cic.cs.unb.ca.jnetpcap.PacketReader    Invalid [0,48,48) range.
JMemory: JMemory@1f5386f7038class org.jnetpcap.protocol.network.Ip4: size=20 bytes
JMemory: owner=nio.JMemoryPool$Block.class(size=32768/offset=27640)
********************************************************************************
0000:*dc a6 32 f8  6a 3c e4 5f  01 96 47 65  08 06 00 01    ..2.j<._..Ge....
0010: 08 00 06 04  00 01 e4 5f  01 96 47 65  c0 a8 00 65    ......._..Ge...e
0020: 00 00 00 00  00 00 c0 a8  00 03                       ..........      


2026-06-28 14:25:02 DEBUG cic.cs.unb.ca.jnetpcap.PacketReader    null
********************************************************************************
0000:*e4 5f 01 96  47 65 dc a6  32 f8 6a 3c  08 06 00 01*   ._..Ge..2.j<....
0010: 08 00 06 04  00 02 dc a6  32 f8 6a 3c  c0 a8 00 03    ........2.j<....
0020: e4 5f 01 96  47 65 c0 a8  00 65*                      ._..Ge...e      


2026-06-28 14:25:02 DEBUG cic.cs.unb.ca.jnetpcap.PacketReader    Invalid [0,48,48) range.
JMemory: JMemory@1f53852e10aclass org.jnetpcap.protocol.network.Ip4: size=20 bytes
JMemory: owner=nio.JMemoryPool$Block.class(size=32768/offset=24666)
********************************************************************************
0000:*dc a6 32 f8  6a 3c e4 5f  01 96 47 65  08 06 00 01    ..2.j<._..Ge....
0010: 08 00 06 04  00 01 e4 5f  01 96 47 65  c0 a8 00 65    ......._..Ge...e
0020: 00 00 00 00  00 00 c0 a8  00 03                       ..........      


2026-06-28 14:25:02 DEBUG cic.cs.unb.ca.jnetpcap.PacketReader    null
********************************************************************************
0000:*e4 5f 01 96  47 65 dc a6  32 f8 6a 3c  08 06 00 01*   ._..Ge..2.j<....
0010: 08 00 06 04  00 02 dc a6  32 f8 6a 3c  c0 a8 00 03    ........2.j<....
0020: e4 5f 01 96  47 65 c0 a8  00 65*                      ._..Ge...e      


2026-06-28 14:25:02 DEBUG cic.cs.unb.ca.jnetpcap.PacketReader    null
********************************************************************************
0000:*e4 5f 01 96  47 65 dc a6  32 f8 6a 3c  08 06 00 01*   ._..Ge..2.j<....
0010: 08 00 06 04  00 01 dc a6  32 f8 6a 3c  c0 a8 00 03    ........2.j<....
0020: 00 00 00 00  00 00 c0 a8  00 65*                      .........e      


2026-06-28 14:25:02 DEBUG cic.cs.unb.ca.jnetpcap.PacketReader    Invalid [0,48,48) range.
JMemory: JMemory@1f53852ef54class org.jnetpcap.protocol.network.Ip4: size=16 bytes
JMemory: owner=nio.JMemoryPool$Block.class(size=32768/offset=28324)
********************************************************************************
0000:*dc a6 32 f8  6a 3c e4 5f  01 96 47 65  08 06 00 01    ..2.j<._..Ge....
0010: 08 00 06 04  00 02 e4 5f  01 96 47 65  c0 a8 00 65    ......._..Ge...e
0020: dc a6 32 f8  6a 3c c0 a8  00 03                       ..2.j<....      


2026-06-28 14:25:02 DEBUG cic.cs.unb.ca.jnetpcap.PacketReader    Invalid [0,48,48) range.
JMemory: JMemory@1f538538fb8class org.jnetpcap.protocol.network.Ip4: size=42 bytes
JMemory: owner=nio.JMemoryPool$Block.class(size=32768/offset=3816)
********************************************************************************
0000:*dc a6 32 f8  6a 3c e4 5f  01 96 47 65  08 06 00 01    ..2.j<._..Ge....
0010: 08 00 06 04  00 02 e4 5f  01 96 47 65  c0 a8 00 65    ......._..Ge...e
0020: dc a6 32 f8  6a 3c c0 a8  00 03                       ..2.j<....      


2026-06-28 14:25:02 DEBUG cic.cs.unb.ca.jnetpcap.PacketReader    null
********************************************************************************
0000:*33 33 00 00  00 01 72 5d  cc cd 13 20* 86 dd 60 00    33....r]... ..`.
0010: 00 00 00 24  00 01 fe 80  00 00 00 00  00 00 70 5d    ...$..........p]
0020: cc ff fe cd  13 20 ff 02  00 00 00 00  00 00 00 00    ..... ..........
0030: 00 00 00 00  00 01 3a 00  05 02 00 00  01 00 82 00    ......:.........
0040: 2c f1 03 e8  00 00 00 00  00 00 00 00  00 00 00 00    ,...............
0050: 00 00 00 00  00 00 00 00  00 00*                      ..........      


2026-06-28 14:25:02 DEBUG cic.cs.unb.ca.jnetpcap.PacketReader    null
********************************************************************************
0000:*33 33 00 00  00 16 e4 5f  01 96 47 65* 86 dd 60 00    33....._..Ge..`.
0010: 00 00 00 38  00 01 fe 80  00 00 00 00  00 00 f8 d0    ...8............
0020: 36 ba 92 4b  e0 c2 ff 02  00 00 00 00  00 00 00 00    6..K............
0030: 00 00 00 00  00 16 3a 00  05 02 00 00  01 00 8f 00    ......:.........
0040: ed 4e 00 00  00 02 02 00  00 00 ff 02  00 00 00 00    .N..............
0050: 00 00 00 00  00 01 ff 4b  e0 c2 02 00  00 00 ff 02    .......K........
0060: 00 00 00 00  00 00 00 00  00 00 00 00  00 fb*         ..............  


2026-06-28 14:25:02 DEBUG cic.cs.unb.ca.jnetpcap.PacketReader    Invalid [0,48,48) range.
JMemory: JMemory@1f53855d5d2class org.jnetpcap.protocol.network.Ip4: size=20 bytes
JMemory: owner=nio.JMemoryPool$Block.class(size=32768/offset=21698)
********************************************************************************
0000:*dc a6 32 f8  6a 3c e4 5f  01 96 47 65  08 06 00 01    ..2.j<._..Ge....
0010: 08 00 06 04  00 01 e4 5f  01 96 47 65  c0 a8 00 65    ......._..Ge...e
0020: 00 00 00 00  00 00 c0 a8  00 03                       ..........      


2026-06-28 14:25:02 DEBUG cic.cs.unb.ca.jnetpcap.PacketReader    null
********************************************************************************
0000:*e4 5f 01 96  47 65 dc a6  32 f8 6a 3c  08 06 00 01*   ._..Ge..2.j<....
0010: 08 00 06 04  00 02 dc a6  32 f8 6a 3c  c0 a8 00 03    ........2.j<....
0020: e4 5f 01 96  47 65 c0 a8  00 65*                      ._..Ge...e      


2026-06-28 14:25:02 DEBUG cic.cs.unb.ca.jnetpcap.PacketReader    null
********************************************************************************
0000:*e4 5f 01 96  47 65 dc a6  32 f8 6a 3c  08 06 00 01*   ._..Ge..2.j<....
0010: 08 00 06 04  00 01 dc a6  32 f8 6a 3c  c0 a8 00 03    ........2.j<....
0020: 00 00 00 00  00 00 c0 a8  00 65*                      .........e      


2026-06-28 14:25:02 DEBUG cic.cs.unb.ca.jnetpcap.PacketReader    Invalid [0,48,48) range.
JMemory: JMemory@1f538586190class org.jnetpcap.protocol.network.Ip4: size=16 bytes
JMemory: owner=nio.JMemoryPool$Block.class(size=32768/offset=24624)
********************************************************************************
0000:*dc a6 32 f8  6a 3c e4 5f  01 96 47 65  08 06 00 01    ..2.j<._..Ge....
0010: 08 00 06 04  00 02 e4 5f  01 96 47 65  c0 a8 00 65    ......._..Ge...e
0020: dc a6 32 f8  6a 3c c0 a8  00 03                       ..2.j<....      


2026-06-28 14:25:02 DEBUG cic.cs.unb.ca.jnetpcap.PacketReader    Invalid [0,48,48) range.
JMemory: JMemory@1f53858e06aclass org.jnetpcap.protocol.network.Ip4: size=20 bytes
JMemory: owner=nio.JMemoryPool$Block.class(size=32768/offset=24314)
********************************************************************************
0000:*dc a6 32 f8  6a 3c e4 5f  01 96 47 65  08 06 00 01    ..2.j<._..Ge....
0010: 08 00 06 04  00 01 e4 5f  01 96 47 65  c0 a8 00 65    ......._..Ge...e
0020: 00 00 00 00  00 00 c0 a8  00 03                       ..........      


2026-06-28 14:25:02 DEBUG cic.cs.unb.ca.jnetpcap.PacketReader    null
********************************************************************************
0000:*e4 5f 01 96  47 65 dc a6  32 f8 6a 3c  08 06 00 01*   ._..Ge..2.j<....
0010: 08 00 06 04  00 02 dc a6  32 f8 6a 3c  c0 a8 00 03    ........2.j<....
0020: e4 5f 01 96  47 65 c0 a8  00 65*                      ._..Ge...e      


2026-06-28 14:25:02 DEBUG cic.cs.unb.ca.jnetpcap.PacketReader    Invalid [0,48,48) range.
JMemory: JMemory@1f5385bcd2aclass org.jnetpcap.protocol.network.Ip4: size=20 bytes
JMemory: owner=nio.JMemoryPool$Block.class(size=32768/offset=19290)
********************************************************************************
0000:*dc a6 32 f8  6a 3c e4 5f  01 96 47 65  08 06 00 01    ..2.j<._..Ge....
0010: 08 00 06 04  00 01 e4 5f  01 96 47 65  c0 a8 00 65    ......._..Ge...e
0020: 00 00 00 00  00 00 c0 a8  00 03                       ..........      


2026-06-28 14:25:02 DEBUG cic.cs.unb.ca.jnetpcap.PacketReader    null
********************************************************************************
0000:*e4 5f 01 96  47 65 dc a6  32 f8 6a 3c  08 06 00 01*   ._..Ge..2.j<....
0010: 08 00 06 04  00 02 dc a6  32 f8 6a 3c  c0 a8 00 03    ........2.j<....
0020: e4 5f 01 96  47 65 c0 a8  00 65*                      ._..Ge...e      


2026-06-28 14:25:02 DEBUG cic.cs.unb.ca.jnetpcap.PacketReader    null
********************************************************************************
0000:*33 33 00 00  00 01 72 5d  cc cd 13 20* 86 dd 60 00    33....r]... ..`.
0010: 00 00 00 24  00 01 fe 80  00 00 00 00  00 00 70 5d    ...$..........p]
0020: cc ff fe cd  13 20 ff 02  00 00 00 00  00 00 00 00    ..... ..........
0030: 00 00 00 00  00 01 3a 00  05 02 00 00  01 00 82 00    ......:.........
0040: 2c f1 03 e8  00 00 00 00  00 00 00 00  00 00 00 00    ,...............
0050: 00 00 00 00  00 00 00 00  00 00*                      ..........      


2026-06-28 14:25:02 DEBUG cic.cs.unb.ca.jnetpcap.PacketReader    null
********************************************************************************
0000:*33 33 00 00  00 16 e4 5f  01 96 47 65* 86 dd 60 00    33....._..Ge..`.
0010: 00 00 00 38  00 01 fe 80  00 00 00 00  00 00 f8 d0    ...8............
0020: 36 ba 92 4b  e0 c2 ff 02  00 00 00 00  00 00 00 00    6..K............
0030: 00 00 00 00  00 16 3a 00  05 02 00 00  01 00 8f 00    ......:.........
0040: ed 4e 00 00  00 02 02 00  00 00 ff 02  00 00 00 00    .N..............
0050: 00 00 00 00  00 01 ff 4b  e0 c2 02 00  00 00 ff 02    .......K........
0060: 00 00 00 00  00 00 00 00  00 00 00 00  00 fb*         ..............  


2026-06-28 14:25:02 DEBUG cic.cs.unb.ca.jnetpcap.PacketReader    null
********************************************************************************
0000:*e4 5f 01 96  47 65 dc a6  32 f8 6a 3c  08 06 00 01*   ._..Ge..2.j<....
0010: 08 00 06 04  00 01 dc a6  32 f8 6a 3c  c0 a8 00 03    ........2.j<....
0020: 00 00 00 00  00 00 c0 a8  00 65*                      .........e      


2026-06-28 14:25:02 DEBUG cic.cs.unb.ca.jnetpcap.PacketReader    Invalid [0,48,48) range.
JMemory: JMemory@1f5385d3bb8class org.jnetpcap.protocol.network.Ip4: size=16 bytes
JMemory: owner=nio.JMemoryPool$Block.class(size=32768/offset=14776)
********************************************************************************
0000:*dc a6 32 f8  6a 3c e4 5f  01 96 47 65  08 06 00 01    ..2.j<._..Ge....
0010: 08 00 06 04  00 02 e4 5f  01 96 47 65  c0 a8 00 65    ......._..Ge...e
0020: dc a6 32 f8  6a 3c c0 a8  00 03                       ..2.j<....      


2026-06-28 14:25:02 DEBUG cic.cs.unb.ca.jnetpcap.PacketReader    Invalid [0,48,48) range.
JMemory: JMemory@1f5385edaa6class org.jnetpcap.protocol.network.Ip4: size=20 bytes
JMemory: owner=nio.JMemoryPool$Block.class(size=32768/offset=22646)
********************************************************************************
0000:*dc a6 32 f8  6a 3c e4 5f  01 96 47 65  08 06 00 01    ..2.j<._..Ge....
0010: 08 00 06 04  00 01 e4 5f  01 96 47 65  c0 a8 00 65    ......._..Ge...e
0020: 00 00 00 00  00 00 c0 a8  00 03                       ..........      


2026-06-28 14:25:02 DEBUG cic.cs.unb.ca.jnetpcap.PacketReader    null
********************************************************************************
0000:*e4 5f 01 96  47 65 dc a6  32 f8 6a 3c  08 06 00 01*   ._..Ge..2.j<....
0010: 08 00 06 04  00 02 dc a6  32 f8 6a 3c  c0 a8 00 03    ........2.j<....
0020: e4 5f 01 96  47 65 c0 a8  00 65*                      ._..Ge...e      


2026-06-28 14:25:02 DEBUG cic.cs.unb.ca.jnetpcap.PacketReader    Invalid [0,48,48) range.
JMemory: JMemory@1f53871dc7eclass org.jnetpcap.protocol.network.Ip4: size=20 bytes
JMemory: owner=nio.JMemoryPool$Block.class(size=32768/offset=23534)
********************************************************************************
0000:*dc a6 32 f8  6a 3c e4 5f  01 96 47 65  08 06 00 01    ..2.j<._..Ge....
0010: 08 00 06 04  00 01 e4 5f  01 96 47 65  c0 a8 00 65    ......._..Ge...e
0020: 00 00 00 00  00 00 c0 a8  00 03                       ..........      


2026-06-28 14:25:02 DEBUG cic.cs.unb.ca.jnetpcap.PacketReader    null
********************************************************************************
0000:*e4 5f 01 96  47 65 dc a6  32 f8 6a 3c  08 06 00 01*   ._..Ge..2.j<....
0010: 08 00 06 04  00 02 dc a6  32 f8 6a 3c  c0 a8 00 03    ........2.j<....
0020: e4 5f 01 96  47 65 c0 a8  00 65*                      ._..Ge...e      


2026-06-28 14:25:02 DEBUG cic.cs.unb.ca.jnetpcap.PacketReader    null
********************************************************************************
0000:*e4 5f 01 96  47 65 dc a6  32 f8 6a 3c  08 06 00 01*   ._..Ge..2.j<....
0010: 08 00 06 04  00 01 dc a6  32 f8 6a 3c  c0 a8 00 03    ........2.j<....
0020: 00 00 00 00  00 00 c0 a8  00 65*                      .........e      


2026-06-28 14:25:02 DEBUG cic.cs.unb.ca.jnetpcap.PacketReader    Invalid [0,48,48) range.
JMemory: JMemory@1f5387207a4class org.jnetpcap.protocol.network.Ip4: size=16 bytes
JMemory: owner=nio.JMemoryPool$Block.class(size=32768/offset=1796)
********************************************************************************
0000:*dc a6 32 f8  6a 3c e4 5f  01 96 47 65  08 06 00 01    ..2.j<._..Ge....
0010: 08 00 06 04  00 02 e4 5f  01 96 47 65  c0 a8 00 65    ......._..Ge...e
0020: dc a6 32 f8  6a 3c c0 a8  00 03                       ..2.j<....      


2026-06-28 14:25:02 DEBUG cic.cs.unb.ca.jnetpcap.PacketReader    Invalid [0,48,48) range.
JMemory: JMemory@1f538729df8class org.jnetpcap.protocol.network.Ip4: size=42 bytes
JMemory: owner=nio.JMemoryPool$Block.class(size=32768/offset=7496)
********************************************************************************
0000:*dc a6 32 f8  6a 3c e4 5f  01 96 47 65  08 06 00 01    ..2.j<._..Ge....
0010: 08 00 06 04  00 02 e4 5f  01 96 47 65  c0 a8 00 65    ......._..Ge...e
0020: dc a6 32 f8  6a 3c c0 a8  00 03                       ..2.j<....      


2026-06-28 14:25:02 DEBUG cic.cs.unb.ca.jnetpcap.PacketReader    null
********************************************************************************
0000:*33 33 00 00  00 01 72 5d  cc cd 13 20* 86 dd 60 00    33....r]... ..`.
0010: 00 00 00 24  00 01 fe 80  00 00 00 00  00 00 70 5d    ...$..........p]
0020: cc ff fe cd  13 20 ff 02  00 00 00 00  00 00 00 00    ..... ..........
0030: 00 00 00 00  00 01 3a 00  05 02 00 00  01 00 82 00    ......:.........
0040: 2c f1 03 e8  00 00 00 00  00 00 00 00  00 00 00 00    ,...............
0050: 00 00 00 00  00 00 00 00  00 00*                      ..........      


2026-06-28 14:25:02 DEBUG cic.cs.unb.ca.jnetpcap.PacketReader    null
********************************************************************************
0000:*33 33 00 00  00 16 e4 5f  01 96 47 65* 86 dd 60 00    33....._..Ge..`.
0010: 00 00 00 38  00 01 fe 80  00 00 00 00  00 00 f8 d0    ...8............
0020: 36 ba 92 4b  e0 c2 ff 02  00 00 00 00  00 00 00 00    6..K............
0030: 00 00 00 00  00 16 3a 00  05 02 00 00  01 00 8f 00    ......:.........
0040: ed 4e 00 00  00 02 02 00  00 00 ff 02  00 00 00 00    .N..............
0050: 00 00 00 00  00 01 ff 4b  e0 c2 02 00  00 00 ff 02    .......K........
0060: 00 00 00 00  00 00 00 00  00 00 00 00  00 fb*         ..............  


2026-06-28 14:25:02 DEBUG cic.cs.unb.ca.jnetpcap.PacketReader    Invalid [0,48,48) range.
JMemory: JMemory@1f53874cfceclass org.jnetpcap.protocol.network.Ip4: size=20 bytes
JMemory: owner=nio.JMemoryPool$Block.class(size=32768/offset=20190)
********************************************************************************
0000:*dc a6 32 f8  6a 3c e4 5f  01 96 47 65  08 06 00 01    ..2.j<._..Ge....
0010: 08 00 06 04  00 01 e4 5f  01 96 47 65  c0 a8 00 65    ......._..Ge...e
0020: 00 00 00 00  00 00 c0 a8  00 03                       ..........      


2026-06-28 14:25:02 DEBUG cic.cs.unb.ca.jnetpcap.PacketReader    null
********************************************************************************
0000:*e4 5f 01 96  47 65 dc a6  32 f8 6a 3c  08 06 00 01*   ._..Ge..2.j<....
0010: 08 00 06 04  00 02 dc a6  32 f8 6a 3c  c0 a8 00 03    ........2.j<....
0020: e4 5f 01 96  47 65 c0 a8  00 65*                      ._..Ge...e      


2026-06-28 14:25:02 DEBUG cic.cs.unb.ca.jnetpcap.PacketReader    null
********************************************************************************
0000:*e4 5f 01 96  47 65 dc a6  32 f8 6a 3c  08 06 00 01*   ._..Ge..2.j<....
0010: 08 00 06 04  00 01 dc a6  32 f8 6a 3c  c0 a8 00 03    ........2.j<....
0020: 00 00 00 00  00 00 c0 a8  00 65*                      .........e      


2026-06-28 14:25:02 DEBUG cic.cs.unb.ca.jnetpcap.PacketReader    Invalid [0,48,48) range.
JMemory: JMemory@1f53876dd60class org.jnetpcap.protocol.network.Ip4: size=16 bytes
JMemory: owner=nio.JMemoryPool$Block.class(size=32768/offset=23600)
********************************************************************************
0000:*dc a6 32 f8  6a 3c e4 5f  01 96 47 65  08 06 00 01    ..2.j<._..Ge....
0010: 08 00 06 04  00 02 e4 5f  01 96 47 65  c0 a8 00 65    ......._..Ge...e
0020: dc a6 32 f8  6a 3c c0 a8  00 03                       ..2.j<....      


2026-06-28 14:25:02 DEBUG cic.cs.unb.ca.jnetpcap.PacketReader    Invalid [0,48,48) range.
JMemory: JMemory@1f53877de9aclass org.jnetpcap.protocol.network.Ip4: size=20 bytes
JMemory: owner=nio.JMemoryPool$Block.class(size=32768/offset=23882)
********************************************************************************
0000:*dc a6 32 f8  6a 3c e4 5f  01 96 47 65  08 06 00 01    ..2.j<._..Ge....
0010: 08 00 06 04  00 01 e4 5f  01 96 47 65  c0 a8 00 65    ......._..Ge...e
0020: 00 00 00 00  00 00 c0 a8  00 03                       ..........      


2026-06-28 14:25:02 DEBUG cic.cs.unb.ca.jnetpcap.PacketReader    null
********************************************************************************
0000:*e4 5f 01 96  47 65 dc a6  32 f8 6a 3c  08 06 00 01*   ._..Ge..2.j<....
0010: 08 00 06 04  00 02 dc a6  32 f8 6a 3c  c0 a8 00 03    ........2.j<....
0020: e4 5f 01 96  47 65 c0 a8  00 65*                      ._..Ge...e      


2026-06-28 14:25:02 DEBUG cic.cs.unb.ca.jnetpcap.PacketReader    null
********************************************************************************
0000:*e4 5f 01 96  47 65 dc a6  32 f8 6a 3c  08 06 00 01*   ._..Ge..2.j<....
0010: 08 00 06 04  00 01 dc a6  32 f8 6a 3c  c0 a8 00 03    ........2.j<....
0020: 00 00 00 00  00 00 c0 a8  00 65*                      .........e      


2026-06-28 14:25:02 DEBUG cic.cs.unb.ca.jnetpcap.PacketReader    Invalid [0,48,48) range.
JMemory: JMemory@1f5387969fcclass org.jnetpcap.protocol.network.Ip4: size=16 bytes
JMemory: owner=nio.JMemoryPool$Block.class(size=32768/offset=26748)
********************************************************************************
0000:*dc a6 32 f8  6a 3c e4 5f  01 96 47 65  08 06 00 01    ..2.j<._..Ge....
0010: 08 00 06 04  00 02 e4 5f  01 96 47 65  c0 a8 00 65    ......._..Ge...e
0020: dc a6 32 f8  6a 3c c0 a8  00 03                       ..2.j<....      


2026-06-28 14:25:02 DEBUG cic.cs.unb.ca.jnetpcap.PacketReader    Invalid [0,48,48) range.
JMemory: JMemory@1f5387ab34eclass org.jnetpcap.protocol.network.Ip4: size=20 bytes
JMemory: owner=nio.JMemoryPool$Block.class(size=32768/offset=12702)
********************************************************************************
0000:*dc a6 32 f8  6a 3c e4 5f  01 96 47 65  08 06 00 01    ..2.j<._..Ge....
0010: 08 00 06 04  00 01 e4 5f  01 96 47 65  c0 a8 00 65    ......._..Ge...e
0020: 00 00 00 00  00 00 c0 a8  00 03                       ..........      


2026-06-28 14:25:02 DEBUG cic.cs.unb.ca.jnetpcap.PacketReader    null
********************************************************************************
0000:*e4 5f 01 96  47 65 dc a6  32 f8 6a 3c  08 06 00 01*   ._..Ge..2.j<....
0010: 08 00 06 04  00 02 dc a6  32 f8 6a 3c  c0 a8 00 03    ........2.j<....
0020: e4 5f 01 96  47 65 c0 a8  00 65*                      ._..Ge...e      


2026-06-28 14:25:02 DEBUG cic.cs.unb.ca.jnetpcap.PacketReader    null
********************************************************************************
0000:*33 33 00 00  00 01 72 5d  cc cd 13 20* 86 dd 60 00    33....r]... ..`.
0010: 00 00 00 24  00 01 fe 80  00 00 00 00  00 00 70 5d    ...$..........p]
0020: cc ff fe cd  13 20 ff 02  00 00 00 00  00 00 00 00    ..... ..........
0030: 00 00 00 00  00 01 3a 00  05 02 00 00  01 00 82 00    ......:.........
0040: 2c f1 03 e8  00 00 00 00  00 00 00 00  00 00 00 00    ,...............
0050: 00 00 00 00  00 00 00 00  00 00*                      ..........      


2026-06-28 14:25:02 DEBUG cic.cs.unb.ca.jnetpcap.PacketReader    null
********************************************************************************
0000:*33 33 00 00  00 16 e4 5f  01 96 47 65* 86 dd 60 00    33....._..Ge..`.
0010: 00 00 00 38  00 01 fe 80  00 00 00 00  00 00 f8 d0    ...8............
0020: 36 ba 92 4b  e0 c2 ff 02  00 00 00 00  00 00 00 00    6..K............
0030: 00 00 00 00  00 16 3a 00  05 02 00 00  01 00 8f 00    ......:.........
0040: ed 4e 00 00  00 02 02 00  00 00 ff 02  00 00 00 00    .N..............
0050: 00 00 00 00  00 01 ff 4b  e0 c2 02 00  00 00 ff 02    .......K........
0060: 00 00 00 00  00 00 00 00  00 00 00 00  00 fb*         ..............  


2026-06-28 14:25:02 DEBUG cic.cs.unb.ca.jnetpcap.PacketReader    null
********************************************************************************
0000:*e4 5f 01 96  47 65 dc a6  32 f8 6a 3c  08 06 00 01*   ._..Ge..2.j<....
0010: 08 00 06 04  00 01 dc a6  32 f8 6a 3c  c0 a8 00 03    ........2.j<....
0020: 00 00 00 00  00 00 c0 a8  00 65*                      .........e      


2026-06-28 14:25:02 DEBUG cic.cs.unb.ca.jnetpcap.PacketReader    Invalid [0,48,48) range.
JMemory: JMemory@1f5387bbdbcclass org.jnetpcap.protocol.network.Ip4: size=16 bytes
JMemory: owner=nio.JMemoryPool$Block.class(size=32768/offset=15340)
********************************************************************************
0000:*dc a6 32 f8  6a 3c e4 5f  01 96 47 65  08 06 00 01    ..2.j<._..Ge....
0010: 08 00 06 04  00 02 e4 5f  01 96 47 65  c0 a8 00 65    ......._..Ge...e
0020: dc a6 32 f8  6a 3c c0 a8  00 03                       ..2.j<....      


2026-06-28 14:25:02 DEBUG cic.cs.unb.ca.jnetpcap.PacketReader    Read All packets on C:\Users\Lenovo\Desktop\hybrid_ids_final_ir_integration\uploads\web_attack(bruteforce).pcap
2026-06-28 14:25:12 DEBUG cic.cs.unb.ca.jnetpcap.worker.ReadPcapFileWorker    Working on... C:\Users\Lenovo\Desktop\hybrid_ids_final_ir_integration\uploads\web_attack(bruteforce).pcap
2026-06-28 14:25:12 DEBUG cic.cs.unb.ca.jnetpcap.PacketReader    Invalid [0,48,48) range.
JMemory: JMemory@2d56b80d976class org.jnetpcap.protocol.network.Ip4: size=20 bytes
JMemory: owner=nio.JMemoryPool$Block.class(size=32768/offset=32086)
********************************************************************************
0000:*dc a6 32 f8  6a 3c e4 5f  01 96 47 65  08 06 00 01    ..2.j<._..Ge....
0010: 08 00 06 04  00 01 e4 5f  01 96 47 65  c0 a8 00 65    ......._..Ge...e
0020: 00 00 00 00  00 00 c0 a8  00 03                       ..........      


2026-06-28 14:25:12 DEBUG cic.cs.unb.ca.jnetpcap.PacketReader    null
********************************************************************************
0000:*e4 5f 01 96  47 65 dc a6  32 f8 6a 3c  08 06 00 01*   ._..Ge..2.j<....
0010: 08 00 06 04  00 02 dc a6  32 f8 6a 3c  c0 a8 00 03    ........2.j<....
0020: e4 5f 01 96  47 65 c0 a8  00 65*                      ._..Ge...e      


2026-06-28 14:25:12 DEBUG cic.cs.unb.ca.jnetpcap.PacketReader    null
********************************************************************************
0000:*33 33 00 00  00 01 72 5d  cc cd 13 20* 86 dd 60 00    33....r]... ..`.
0010: 00 00 00 24  00 01 fe 80  00 00 00 00  00 00 70 5d    ...$..........p]
0020: cc ff fe cd  13 20 ff 02  00 00 00 00  00 00 00 00    ..... ..........
0030: 00 00 00 00  00 01 3a 00  05 02 00 00  01 00 82 00    ......:.........
0040: 2c f1 03 e8  00 00 00 00  00 00 00 00  00 00 00 00    ,...............
0050: 00 00 00 00  00 00 00 00  00 00*                      ..........      


2026-06-28 14:25:12 DEBUG cic.cs.unb.ca.jnetpcap.PacketReader    null
********************************************************************************
0000:*33 33 00 00  00 16 e4 5f  01 96 47 65* 86 dd 60 00    33....._..Ge..`.
0010: 00 00 00 38  00 01 fe 80  00 00 00 00  00 00 f8 d0    ...8............
0020: 36 ba 92 4b  e0 c2 ff 02  00 00 00 00  00 00 00 00    6..K............
0030: 00 00 00 00  00 16 3a 00  05 02 00 00  01 00 8f 00    ......:.........
0040: ed 4e 00 00  00 02 02 00  00 00 ff 02  00 00 00 00    .N..............
0050: 00 00 00 00  00 01 ff 4b  e0 c2 02 00  00 00 ff 02    .......K........
0060: 00 00 00 00  00 00 00 00  00 00 00 00  00 fb*         ..............  


2026-06-28 14:25:12 DEBUG cic.cs.unb.ca.jnetpcap.PacketReader    null
********************************************************************************
0000:*e4 5f 01 96  47 65 dc a6  32 f8 6a 3c  08 06 00 01*   ._..Ge..2.j<....
0010: 08 00 06 04  00 01 dc a6  32 f8 6a 3c  c0 a8 00 03    ........2.j<....
0020: 00 00 00 00  00 00 c0 a8  00 65*                      .........e      


2026-06-28 14:25:12 DEBUG cic.cs.unb.ca.jnetpcap.PacketReader    Invalid [0,48,48) range.
JMemory: JMemory@2d56bb365ecclass org.jnetpcap.protocol.network.Ip4: size=16 bytes
JMemory: owner=nio.JMemoryPool$Block.class(size=32768/offset=25964)
********************************************************************************
0000:*dc a6 32 f8  6a 3c e4 5f  01 96 47 65  08 06 00 01    ..2.j<._..Ge....
0010: 08 00 06 04  00 02 e4 5f  01 96 47 65  c0 a8 00 65    ......._..Ge...e
0020: dc a6 32 f8  6a 3c c0 a8  00 03                       ..2.j<....      


2026-06-28 14:25:12 DEBUG cic.cs.unb.ca.jnetpcap.PacketReader    Invalid [0,48,48) range.
JMemory: JMemory@2d56bb4894eclass org.jnetpcap.protocol.network.Ip4: size=20 bytes
JMemory: owner=nio.JMemoryPool$Block.class(size=32768/offset=2206)
********************************************************************************
0000:*dc a6 32 f8  6a 3c e4 5f  01 96 47 65  08 06 00 01    ..2.j<._..Ge....
0010: 08 00 06 04  00 01 e4 5f  01 96 47 65  c0 a8 00 65    ......._..Ge...e
0020: 00 00 00 00  00 00 c0 a8  00 03                       ..........      


2026-06-28 14:25:12 DEBUG cic.cs.unb.ca.jnetpcap.PacketReader    null
********************************************************************************
0000:*e4 5f 01 96  47 65 dc a6  32 f8 6a 3c  08 06 00 01*   ._..Ge..2.j<....
0010: 08 00 06 04  00 02 dc a6  32 f8 6a 3c  c0 a8 00 03    ........2.j<....
0020: e4 5f 01 96  47 65 c0 a8  00 65*                      ._..Ge...e      


2026-06-28 14:25:12 DEBUG cic.cs.unb.ca.jnetpcap.PacketReader    Invalid [0,48,48) range.
JMemory: JMemory@2d56bb76e0aclass org.jnetpcap.protocol.network.Ip4: size=20 bytes
JMemory: owner=nio.JMemoryPool$Block.class(size=32768/offset=27914)
********************************************************************************
0000:*dc a6 32 f8  6a 3c e4 5f  01 96 47 65  08 06 00 01    ..2.j<._..Ge....
0010: 08 00 06 04  00 01 e4 5f  01 96 47 65  c0 a8 00 65    ......._..Ge...e
0020: 00 00 00 00  00 00 c0 a8  00 03                       ..........      


2026-06-28 14:25:12 DEBUG cic.cs.unb.ca.jnetpcap.PacketReader    null
********************************************************************************
0000:*e4 5f 01 96  47 65 dc a6  32 f8 6a 3c  08 06 00 01*   ._..Ge..2.j<....
0010: 08 00 06 04  00 02 dc a6  32 f8 6a 3c  c0 a8 00 03    ........2.j<....
0020: e4 5f 01 96  47 65 c0 a8  00 65*                      ._..Ge...e      


2026-06-28 14:25:12 DEBUG cic.cs.unb.ca.jnetpcap.PacketReader    null
********************************************************************************
0000:*e4 5f 01 96  47 65 dc a6  32 f8 6a 3c  08 06 00 01*   ._..Ge..2.j<....
0010: 08 00 06 04  00 01 dc a6  32 f8 6a 3c  c0 a8 00 03    ........2.j<....
0020: 00 00 00 00  00 00 c0 a8  00 65*                      .........e      


2026-06-28 14:25:12 DEBUG cic.cs.unb.ca.jnetpcap.PacketReader    Invalid [0,48,48) range.
JMemory: JMemory@2d56bb82938class org.jnetpcap.protocol.network.Ip4: size=16 bytes
JMemory: owner=nio.JMemoryPool$Block.class(size=32768/offset=10264)
********************************************************************************
0000:*dc a6 32 f8  6a 3c e4 5f  01 96 47 65  08 06 00 01    ..2.j<._..Ge....
0010: 08 00 06 04  00 02 e4 5f  01 96 47 65  c0 a8 00 65    ......._..Ge...e
0020: dc a6 32 f8  6a 3c c0 a8  00 03                       ..2.j<....      


2026-06-28 14:25:12 DEBUG cic.cs.unb.ca.jnetpcap.PacketReader    null
********************************************************************************
0000:*33 33 00 00  00 01 72 5d  cc cd 13 20* 86 dd 60 00    33....r]... ..`.
0010: 00 00 00 24  00 01 fe 80  00 00 00 00  00 00 70 5d    ...$..........p]
0020: cc ff fe cd  13 20 ff 02  00 00 00 00  00 00 00 00    ..... ..........
0030: 00 00 00 00  00 01 3a 00  05 02 00 00  01 00 82 00    ......:.........
0040: 2c f1 03 e8  00 00 00 00  00 00 00 00  00 00 00 00    ,...............
0050: 00 00 00 00  00 00 00 00  00 00*                      ..........      


2026-06-28 14:25:12 DEBUG cic.cs.unb.ca.jnetpcap.PacketReader    null
********************************************************************************
0000:*33 33 00 00  00 16 e4 5f  01 96 47 65* 86 dd 60 00    33....._..Ge..`.
0010: 00 00 00 38  00 01 fe 80  00 00 00 00  00 00 f8 d0    ...8............
0020: 36 ba 92 4b  e0 c2 ff 02  00 00 00 00  00 00 00 00    6..K............
0030: 00 00 00 00  00 16 3a 00  05 02 00 00  01 00 8f 00    ......:.........
0040: ed 4e 00 00  00 02 02 00  00 00 ff 02  00 00 00 00    .N..............
0050: 00 00 00 00  00 01 ff 4b  e0 c2 02 00  00 00 ff 02    .......K........
0060: 00 00 00 00  00 00 00 00  00 00 00 00  00 fb*         ..............  


2026-06-28 14:25:12 DEBUG cic.cs.unb.ca.jnetpcap.PacketReader    Invalid [0,48,48) range.
JMemory: JMemory@2d56bba818eclass org.jnetpcap.protocol.network.Ip4: size=20 bytes
JMemory: owner=nio.JMemoryPool$Block.class(size=32768/offset=30)
********************************************************************************
0000:*dc a6 32 f8  6a 3c e4 5f  01 96 47 65  08 06 00 01    ..2.j<._..Ge....
0010: 08 00 06 04  00 01 e4 5f  01 96 47 65  c0 a8 00 65    ......._..Ge...e
0020: 00 00 00 00  00 00 c0 a8  00 03                       ..........      


2026-06-28 14:25:12 DEBUG cic.cs.unb.ca.jnetpcap.PacketReader    null
********************************************************************************
0000:*e4 5f 01 96  47 65 dc a6  32 f8 6a 3c  08 06 00 01*   ._..Ge..2.j<....
0010: 08 00 06 04  00 02 dc a6  32 f8 6a 3c  c0 a8 00 03    ........2.j<....
0020: e4 5f 01 96  47 65 c0 a8  00 65*                      ._..Ge...e      


2026-06-28 14:25:12 DEBUG cic.cs.unb.ca.jnetpcap.PacketReader    null
********************************************************************************
0000:*e4 5f 01 96  47 65 dc a6  32 f8 6a 3c  08 06 00 01*   ._..Ge..2.j<....
0010: 08 00 06 04  00 01 dc a6  32 f8 6a 3c  c0 a8 00 03    ........2.j<....
0020: 00 00 00 00  00 00 c0 a8  00 65*                      .........e      


2026-06-28 14:25:12 DEBUG cic.cs.unb.ca.jnetpcap.PacketReader    Invalid [0,48,48) range.
JMemory: JMemory@2d56bbd35f4class org.jnetpcap.protocol.network.Ip4: size=16 bytes
JMemory: owner=nio.JMemoryPool$Block.class(size=32768/offset=13364)
********************************************************************************
0000:*dc a6 32 f8  6a 3c e4 5f  01 96 47 65  08 06 00 01    ..2.j<._..Ge....
0010: 08 00 06 04  00 02 e4 5f  01 96 47 65  c0 a8 00 65    ......._..Ge...e
0020: dc a6 32 f8  6a 3c c0 a8  00 03                       ..2.j<....      


2026-06-28 14:25:12 DEBUG cic.cs.unb.ca.jnetpcap.PacketReader    Invalid [0,48,48) range.
JMemory: JMemory@2d56bbd6842class org.jnetpcap.protocol.network.Ip4: size=20 bytes
JMemory: owner=nio.JMemoryPool$Block.class(size=32768/offset=26242)
********************************************************************************
0000:*dc a6 32 f8  6a 3c e4 5f  01 96 47 65  08 06 00 01    ..2.j<._..Ge....
0010: 08 00 06 04  00 01 e4 5f  01 96 47 65  c0 a8 00 65    ......._..Ge...e
0020: 00 00 00 00  00 00 c0 a8  00 03                       ..........      


2026-06-28 14:25:12 DEBUG cic.cs.unb.ca.jnetpcap.PacketReader    null
********************************************************************************
0000:*e4 5f 01 96  47 65 dc a6  32 f8 6a 3c  08 06 00 01*   ._..Ge..2.j<....
0010: 08 00 06 04  00 02 dc a6  32 f8 6a 3c  c0 a8 00 03    ........2.j<....
0020: e4 5f 01 96  47 65 c0 a8  00 65*                      ._..Ge...e      


2026-06-28 14:25:12 DEBUG cic.cs.unb.ca.jnetpcap.PacketReader    Invalid [0,48,48) range.
JMemory: JMemory@2d56bbd92a0class org.jnetpcap.protocol.network.Ip4: size=42 bytes
JMemory: owner=nio.JMemoryPool$Block.class(size=32768/offset=4304)
********************************************************************************
0000:*dc a6 32 f8  6a 3c e4 5f  01 96 47 65  08 06 00 01    ..2.j<._..Ge....
0010: 08 00 06 04  00 02 e4 5f  01 96 47 65  c0 a8 00 65    ......._..Ge...e
0020: dc a6 32 f8  6a 3c c0 a8  00 03                       ..2.j<....      


2026-06-28 14:25:12 DEBUG cic.cs.unb.ca.jnetpcap.PacketReader    null
********************************************************************************
0000:*33 33 00 00  00 01 72 5d  cc cd 13 20* 86 dd 60 00    33....r]... ..`.
0010: 00 00 00 24  00 01 fe 80  00 00 00 00  00 00 70 5d    ...$..........p]
0020: cc ff fe cd  13 20 ff 02  00 00 00 00  00 00 00 00    ..... ..........
0030: 00 00 00 00  00 01 3a 00  05 02 00 00  01 00 82 00    ......:.........
0040: 2c f1 03 e8  00 00 00 00  00 00 00 00  00 00 00 00    ,...............
0050: 00 00 00 00  00 00 00 00  00 00*                      ..........      


2026-06-28 14:25:12 DEBUG cic.cs.unb.ca.jnetpcap.PacketReader    null
********************************************************************************
0000:*33 33 00 00  00 16 e4 5f  01 96 47 65* 86 dd 60 00    33....._..Ge..`.
0010: 00 00 00 38  00 01 fe 80  00 00 00 00  00 00 f8 d0    ...8............
0020: 36 ba 92 4b  e0 c2 ff 02  00 00 00 00  00 00 00 00    6..K............
0030: 00 00 00 00  00 16 3a 00  05 02 00 00  01 00 8f 00    ......:.........
0040: ed 4e 00 00  00 02 02 00  00 00 ff 02  00 00 00 00    .N..............
0050: 00 00 00 00  00 01 ff 4b  e0 c2 02 00  00 00 ff 02    .......K........
0060: 00 00 00 00  00 00 00 00  00 00 00 00  00 fb*         ..............  


2026-06-28 14:25:12 DEBUG cic.cs.unb.ca.jnetpcap.PacketReader    Invalid [0,48,48) range.
JMemory: JMemory@2d56bc06dfaclass org.jnetpcap.protocol.network.Ip4: size=20 bytes
JMemory: owner=nio.JMemoryPool$Block.class(size=32768/offset=27610)
********************************************************************************
0000:*dc a6 32 f8  6a 3c e4 5f  01 96 47 65  08 06 00 01    ..2.j<._..Ge....
0010: 08 00 06 04  00 01 e4 5f  01 96 47 65  c0 a8 00 65    ......._..Ge...e
0020: 00 00 00 00  00 00 c0 a8  00 03                       ..........      


2026-06-28 14:25:12 DEBUG cic.cs.unb.ca.jnetpcap.PacketReader    null
********************************************************************************
0000:*e4 5f 01 96  47 65 dc a6  32 f8 6a 3c  08 06 00 01*   ._..Ge..2.j<....
0010: 08 00 06 04  00 02 dc a6  32 f8 6a 3c  c0 a8 00 03    ........2.j<....
0020: e4 5f 01 96  47 65 c0 a8  00 65*                      ._..Ge...e      


2026-06-28 14:25:12 DEBUG cic.cs.unb.ca.jnetpcap.PacketReader    null
********************************************************************************
0000:*e4 5f 01 96  47 65 dc a6  32 f8 6a 3c  08 06 00 01*   ._..Ge..2.j<....
0010: 08 00 06 04  00 01 dc a6  32 f8 6a 3c  c0 a8 00 03    ........2.j<....
0020: 00 00 00 00  00 00 c0 a8  00 65*                      .........e      


2026-06-28 14:25:12 DEBUG cic.cs.unb.ca.jnetpcap.PacketReader    Invalid [0,48,48) range.
JMemory: JMemory@2d56bc287e0class org.jnetpcap.protocol.network.Ip4: size=16 bytes
JMemory: owner=nio.JMemoryPool$Block.class(size=32768/offset=1392)
********************************************************************************
0000:*dc a6 32 f8  6a 3c e4 5f  01 96 47 65  08 06 00 01    ..2.j<._..Ge....
0010: 08 00 06 04  00 02 e4 5f  01 96 47 65  c0 a8 00 65    ......._..Ge...e
0020: dc a6 32 f8  6a 3c c0 a8  00 03                       ..2.j<....      


2026-06-28 14:25:12 DEBUG cic.cs.unb.ca.jnetpcap.PacketReader    Invalid [0,48,48) range.
JMemory: JMemory@2d56bc37e92class org.jnetpcap.protocol.network.Ip4: size=20 bytes
JMemory: owner=nio.JMemoryPool$Block.class(size=32768/offset=31762)
********************************************************************************
0000:*dc a6 32 f8  6a 3c e4 5f  01 96 47 65  08 06 00 01    ..2.j<._..Ge....
0010: 08 00 06 04  00 01 e4 5f  01 96 47 65  c0 a8 00 65    ......._..Ge...e
0020: 00 00 00 00  00 00 c0 a8  00 03                       ..........      


2026-06-28 14:25:12 DEBUG cic.cs.unb.ca.jnetpcap.PacketReader    null
********************************************************************************
0000:*e4 5f 01 96  47 65 dc a6  32 f8 6a 3c  08 06 00 01*   ._..Ge..2.j<....
0010: 08 00 06 04  00 02 dc a6  32 f8 6a 3c  c0 a8 00 03    ........2.j<....
0020: e4 5f 01 96  47 65 c0 a8  00 65*                      ._..Ge...e      


2026-06-28 14:25:12 DEBUG cic.cs.unb.ca.jnetpcap.PacketReader    Invalid [0,48,48) range.
JMemory: JMemory@2d56bc666e6class org.jnetpcap.protocol.network.Ip4: size=20 bytes
JMemory: owner=nio.JMemoryPool$Block.class(size=32768/offset=25606)
********************************************************************************
0000:*dc a6 32 f8  6a 3c e4 5f  01 96 47 65  08 06 00 01    ..2.j<._..Ge....
0010: 08 00 06 04  00 01 e4 5f  01 96 47 65  c0 a8 00 65    ......._..Ge...e
0020: 00 00 00 00  00 00 c0 a8  00 03                       ..........      


2026-06-28 14:25:12 DEBUG cic.cs.unb.ca.jnetpcap.PacketReader    null
********************************************************************************
0000:*e4 5f 01 96  47 65 dc a6  32 f8 6a 3c  08 06 00 01*   ._..Ge..2.j<....
0010: 08 00 06 04  00 02 dc a6  32 f8 6a 3c  c0 a8 00 03    ........2.j<....
0020: e4 5f 01 96  47 65 c0 a8  00 65*                      ._..Ge...e      


2026-06-28 14:25:12 DEBUG cic.cs.unb.ca.jnetpcap.PacketReader    null
********************************************************************************
0000:*e4 5f 01 96  47 65 dc a6  32 f8 6a 3c  08 06 00 01*   ._..Ge..2.j<....
0010: 08 00 06 04  00 01 dc a6  32 f8 6a 3c  c0 a8 00 03    ........2.j<....
0020: 00 00 00 00  00 00 c0 a8  00 65*                      .........e      


2026-06-28 14:25:12 DEBUG cic.cs.unb.ca.jnetpcap.PacketReader    Invalid [0,48,48) range.
JMemory: JMemory@2d56bc3ced0class org.jnetpcap.protocol.network.Ip4: size=16 bytes
JMemory: owner=nio.JMemoryPool$Block.class(size=32768/offset=19520)
********************************************************************************
0000:*dc a6 32 f8  6a 3c e4 5f  01 96 47 65  08 06 00 01    ..2.j<._..Ge....
0010: 08 00 06 04  00 02 e4 5f  01 96 47 65  c0 a8 00 65    ......._..Ge...e
0020: dc a6 32 f8  6a 3c c0 a8  00 03                       ..2.j<....      


2026-06-28 14:25:12 DEBUG cic.cs.unb.ca.jnetpcap.PacketReader    null
********************************************************************************
0000:*33 33 00 00  00 01 72 5d  cc cd 13 20* 86 dd 60 00    33....r]... ..`.
0010: 00 00 00 24  00 01 fe 80  00 00 00 00  00 00 70 5d    ...$..........p]
0020: cc ff fe cd  13 20 ff 02  00 00 00 00  00 00 00 00    ..... ..........
0030: 00 00 00 00  00 01 3a 00  05 02 00 00  01 00 82 00    ......:.........
0040: 2c f1 03 e8  00 00 00 00  00 00 00 00  00 00 00 00    ,...............
0050: 00 00 00 00  00 00 00 00  00 00*                      ..........      


2026-06-28 14:25:12 DEBUG cic.cs.unb.ca.jnetpcap.PacketReader    null
********************************************************************************
0000:*33 33 00 00  00 16 e4 5f  01 96 47 65* 86 dd 60 00    33....._..Ge..`.
0010: 00 00 00 38  00 01 fe 80  00 00 00 00  00 00 f8 d0    ...8............
0020: 36 ba 92 4b  e0 c2 ff 02  00 00 00 00  00 00 00 00    6..K............
0030: 00 00 00 00  00 16 3a 00  05 02 00 00  01 00 8f 00    ......:.........
0040: ed 4e 00 00  00 02 02 00  00 00 ff 02  00 00 00 00    .N..............
0050: 00 00 00 00  00 01 ff 4b  e0 c2 02 00  00 00 ff 02    .......K........
0060: 00 00 00 00  00 00 00 00  00 00 00 00  00 fb*         ..............  


2026-06-28 14:25:12 DEBUG cic.cs.unb.ca.jnetpcap.PacketReader    Invalid [0,48,48) range.
JMemory: JMemory@2d56bc5f71aclass org.jnetpcap.protocol.network.Ip4: size=20 bytes
JMemory: owner=nio.JMemoryPool$Block.class(size=32768/offset=29770)
********************************************************************************
0000:*dc a6 32 f8  6a 3c e4 5f  01 96 47 65  08 06 00 01    ..2.j<._..Ge....
0010: 08 00 06 04  00 01 e4 5f  01 96 47 65  c0 a8 00 65    ......._..Ge...e
0020: 00 00 00 00  00 00 c0 a8  00 03                       ..........      


2026-06-28 14:25:12 DEBUG cic.cs.unb.ca.jnetpcap.PacketReader    null
********************************************************************************
0000:*e4 5f 01 96  47 65 dc a6  32 f8 6a 3c  08 06 00 01*   ._..Ge..2.j<....
0010: 08 00 06 04  00 02 dc a6  32 f8 6a 3c  c0 a8 00 03    ........2.j<....
0020: e4 5f 01 96  47 65 c0 a8  00 65*                      ._..Ge...e      


2026-06-28 14:25:12 DEBUG cic.cs.unb.ca.jnetpcap.PacketReader    null
********************************************************************************
0000:*e4 5f 01 96  47 65 dc a6  32 f8 6a 3c  08 06 00 01*   ._..Ge..2.j<....
0010: 08 00 06 04  00 01 dc a6  32 f8 6a 3c  c0 a8 00 03    ........2.j<....
0020: 00 00 00 00  00 00 c0 a8  00 65*                      .........e      


2026-06-28 14:25:12 DEBUG cic.cs.unb.ca.jnetpcap.PacketReader    Invalid [0,48,48) range.
JMemory: JMemory@2d56b812748class org.jnetpcap.protocol.network.Ip4: size=16 bytes
JMemory: owner=nio.JMemoryPool$Block.class(size=32768/offset=19224)
********************************************************************************
0000:*dc a6 32 f8  6a 3c e4 5f  01 96 47 65  08 06 00 01    ..2.j<._..Ge....
0010: 08 00 06 04  00 02 e4 5f  01 96 47 65  c0 a8 00 65    ......._..Ge...e
0020: dc a6 32 f8  6a 3c c0 a8  00 03                       ..2.j<....      


2026-06-28 14:25:12 DEBUG cic.cs.unb.ca.jnetpcap.PacketReader    Invalid [0,48,48) range.
JMemory: JMemory@2d56b81462eclass org.jnetpcap.protocol.network.Ip4: size=20 bytes
JMemory: owner=nio.JMemoryPool$Block.class(size=32768/offset=27134)
********************************************************************************
0000:*dc a6 32 f8  6a 3c e4 5f  01 96 47 65  08 06 00 01    ..2.j<._..Ge....
0010: 08 00 06 04  00 01 e4 5f  01 96 47 65  c0 a8 00 65    ......._..Ge...e
0020: 00 00 00 00  00 00 c0 a8  00 03                       ..........      


2026-06-28 14:25:12 DEBUG cic.cs.unb.ca.jnetpcap.PacketReader    null
********************************************************************************
0000:*e4 5f 01 96  47 65 dc a6  32 f8 6a 3c  08 06 00 01*   ._..Ge..2.j<....
0010: 08 00 06 04  00 02 dc a6  32 f8 6a 3c  c0 a8 00 03    ........2.j<....
0020: e4 5f 01 96  47 65 c0 a8  00 65*                      ._..Ge...e      


2026-06-28 14:25:12 DEBUG cic.cs.unb.ca.jnetpcap.PacketReader    Invalid [0,48,48) range.
JMemory: JMemory@2d56b81e24cclass org.jnetpcap.protocol.network.Ip4: size=42 bytes
JMemory: owner=nio.JMemoryPool$Block.class(size=32768/offset=1532)
********************************************************************************
0000:*dc a6 32 f8  6a 3c e4 5f  01 96 47 65  08 06 00 01    ..2.j<._..Ge....
0010: 08 00 06 04  00 02 e4 5f  01 96 47 65  c0 a8 00 65    ......._..Ge...e
0020: dc a6 32 f8  6a 3c c0 a8  00 03                       ..2.j<....      


2026-06-28 14:25:12 DEBUG cic.cs.unb.ca.jnetpcap.PacketReader    null
********************************************************************************
0000:*e4 5f 01 96  47 65 70 5d  cc dd 13 23  08 06 00 01*   ._..Gep]...#....
0010: 08 00 06 04  00 01 70 5d  cc dd 13 23  c0 a8 00 01    ......p]...#....
0020: 00 00 00 00  00 00 c0 a8  00 65*                      .........e      


2026-06-28 14:25:12 DEBUG cic.cs.unb.ca.jnetpcap.PacketReader    null
********************************************************************************
0000:*e4 5f 01 96  47 65 70 5d  cc dd 13 23  08 06 00 01*   ._..Gep]...#....
0010: 08 00 06 04  00 02 70 5d  cc dd 13 23  c0 a8 00 01    ......p]...#....
0020: e4 5f 01 96  47 65 c0 a8  00 65*                      ._..Ge...e      


2026-06-28 14:25:12 DEBUG cic.cs.unb.ca.jnetpcap.PacketReader    null
********************************************************************************
0000:*33 33 00 00  00 01 72 5d  cc cd 13 20* 86 dd 60 00    33....r]... ..`.
0010: 00 00 00 24  00 01 fe 80  00 00 00 00  00 00 70 5d    ...$..........p]
0020: cc ff fe cd  13 20 ff 02  00 00 00 00  00 00 00 00    ..... ..........
0030: 00 00 00 00  00 01 3a 00  05 02 00 00  01 00 82 00    ......:.........
0040: 2c f1 03 e8  00 00 00 00  00 00 00 00  00 00 00 00    ,...............
0050: 00 00 00 00  00 00 00 00  00 00*                      ..........      


2026-06-28 14:25:12 DEBUG cic.cs.unb.ca.jnetpcap.PacketReader    null
********************************************************************************
0000:*33 33 00 00  00 16 e4 5f  01 96 47 65* 86 dd 60 00    33....._..Ge..`.
0010: 00 00 00 38  00 01 fe 80  00 00 00 00  00 00 f8 d0    ...8............
0020: 36 ba 92 4b  e0 c2 ff 02  00 00 00 00  00 00 00 00    6..K............
0030: 00 00 00 00  00 16 3a 00  05 02 00 00  01 00 8f 00    ......:.........
0040: ed 4e 00 00  00 02 02 00  00 00 ff 02  00 00 00 00    .N..............
0050: 00 00 00 00  00 01 ff 4b  e0 c2 02 00  00 00 ff 02    .......K........
0060: 00 00 00 00  00 00 00 00  00 00 00 00  00 fb*         ..............  


2026-06-28 14:25:12 DEBUG cic.cs.unb.ca.jnetpcap.PacketReader    Invalid [0,48,48) range.
JMemory: JMemory@2d56bc86a9eclass org.jnetpcap.protocol.network.Ip4: size=20 bytes
JMemory: owner=nio.JMemoryPool$Block.class(size=32768/offset=26494)
********************************************************************************
0000:*dc a6 32 f8  6a 3c e4 5f  01 96 47 65  08 06 00 01    ..2.j<._..Ge....
0010: 08 00 06 04  00 01 e4 5f  01 96 47 65  c0 a8 00 65    ......._..Ge...e
0020: 00 00 00 00  00 00 c0 a8  00 03                       ..........      


2026-06-28 14:25:12 DEBUG cic.cs.unb.ca.jnetpcap.PacketReader    null
********************************************************************************
0000:*e4 5f 01 96  47 65 dc a6  32 f8 6a 3c  08 06 00 01*   ._..Ge..2.j<....
0010: 08 00 06 04  00 02 dc a6  32 f8 6a 3c  c0 a8 00 03    ........2.j<....
0020: e4 5f 01 96  47 65 c0 a8  00 65*                      ._..Ge...e      


2026-06-28 14:25:12 DEBUG cic.cs.unb.ca.jnetpcap.PacketReader    null
********************************************************************************
0000:*e4 5f 01 96  47 65 dc a6  32 f8 6a 3c  08 06 00 01*   ._..Ge..2.j<....
0010: 08 00 06 04  00 01 dc a6  32 f8 6a 3c  c0 a8 00 03    ........2.j<....
0020: 00 00 00 00  00 00 c0 a8  00 65*                      .........e      


2026-06-28 14:25:12 DEBUG cic.cs.unb.ca.jnetpcap.PacketReader    Invalid [0,48,48) range.
JMemory: JMemory@2d56bcadf18class org.jnetpcap.protocol.network.Ip4: size=16 bytes
JMemory: owner=nio.JMemoryPool$Block.class(size=32768/offset=23464)
********************************************************************************
0000:*dc a6 32 f8  6a 3c e4 5f  01 96 47 65  08 06 00 01    ..2.j<._..Ge....
0010: 08 00 06 04  00 02 e4 5f  01 96 47 65  c0 a8 00 65    ......._..Ge...e
0020: dc a6 32 f8  6a 3c c0 a8  00 03                       ..2.j<....      


2026-06-28 14:25:12 DEBUG cic.cs.unb.ca.jnetpcap.PacketReader    Invalid [0,48,48) range.
JMemory: JMemory@2d56bcb76e2class org.jnetpcap.protocol.network.Ip4: size=20 bytes
JMemory: owner=nio.JMemoryPool$Block.class(size=32768/offset=29538)
********************************************************************************
0000:*dc a6 32 f8  6a 3c e4 5f  01 96 47 65  08 06 00 01    ..2.j<._..Ge....
0010: 08 00 06 04  00 01 e4 5f  01 96 47 65  c0 a8 00 65    ......._..Ge...e
0020: 00 00 00 00  00 00 c0 a8  00 03                       ..........      


2026-06-28 14:25:12 DEBUG cic.cs.unb.ca.jnetpcap.PacketReader    null
********************************************************************************
0000:*e4 5f 01 96  47 65 dc a6  32 f8 6a 3c  08 06 00 01*   ._..Ge..2.j<....
0010: 08 00 06 04  00 02 dc a6  32 f8 6a 3c  c0 a8 00 03    ........2.j<....
0020: e4 5f 01 96  47 65 c0 a8  00 65*                      ._..Ge...e      


2026-06-28 14:25:12 DEBUG cic.cs.unb.ca.jnetpcap.PacketReader    Invalid [0,48,48) range.
JMemory: JMemory@2d56bce5a8eclass org.jnetpcap.protocol.network.Ip4: size=20 bytes
JMemory: owner=nio.JMemoryPool$Block.class(size=32768/offset=22190)
********************************************************************************
0000:*dc a6 32 f8  6a 3c e4 5f  01 96 47 65  08 06 00 01    ..2.j<._..Ge....
0010: 08 00 06 04  00 01 e4 5f  01 96 47 65  c0 a8 00 65    ......._..Ge...e
0020: 00 00 00 00  00 00 c0 a8  00 03                       ..........      


2026-06-28 14:25:12 DEBUG cic.cs.unb.ca.jnetpcap.PacketReader    null
********************************************************************************
0000:*e4 5f 01 96  47 65 dc a6  32 f8 6a 3c  08 06 00 01*   ._..Ge..2.j<....
0010: 08 00 06 04  00 02 dc a6  32 f8 6a 3c  c0 a8 00 03    ........2.j<....
0020: e4 5f 01 96  47 65 c0 a8  00 65*                      ._..Ge...e      


2026-06-28 14:25:12 DEBUG cic.cs.unb.ca.jnetpcap.PacketReader    null
********************************************************************************
0000:*33 33 00 00  00 01 72 5d  cc cd 13 20* 86 dd 60 00    33....r]... ..`.
0010: 00 00 00 24  00 01 fe 80  00 00 00 00  00 00 70 5d    ...$..........p]
0020: cc ff fe cd  13 20 ff 02  00 00 00 00  00 00 00 00    ..... ..........
0030: 00 00 00 00  00 01 3a 00  05 02 00 00  01 00 82 00    ......:.........
0040: 2c f1 03 e8  00 00 00 00  00 00 00 00  00 00 00 00    ,...............
0050: 00 00 00 00  00 00 00 00  00 00*                      ..........      


2026-06-28 14:25:12 DEBUG cic.cs.unb.ca.jnetpcap.PacketReader    null
********************************************************************************
0000:*33 33 00 00  00 16 e4 5f  01 96 47 65* 86 dd 60 00    33....._..Ge..`.
0010: 00 00 00 38  00 01 fe 80  00 00 00 00  00 00 f8 d0    ...8............
0020: 36 ba 92 4b  e0 c2 ff 02  00 00 00 00  00 00 00 00    6..K............
0030: 00 00 00 00  00 16 3a 00  05 02 00 00  01 00 8f 00    ......:.........
0040: ed 4e 00 00  00 02 02 00  00 00 ff 02  00 00 00 00    .N..............
0050: 00 00 00 00  00 01 ff 4b  e0 c2 02 00  00 00 ff 02    .......K........
0060: 00 00 00 00  00 00 00 00  00 00 00 00  00 fb*         ..............  


2026-06-28 14:25:12 DEBUG cic.cs.unb.ca.jnetpcap.PacketReader    null
********************************************************************************
0000:*e4 5f 01 96  47 65 dc a6  32 f8 6a 3c  08 06 00 01*   ._..Ge..2.j<....
0010: 08 00 06 04  00 01 dc a6  32 f8 6a 3c  c0 a8 00 03    ........2.j<....
0020: 00 00 00 00  00 00 c0 a8  00 65*                      .........e      


2026-06-28 14:25:12 DEBUG cic.cs.unb.ca.jnetpcap.PacketReader    Invalid [0,48,48) range.
JMemory: JMemory@2d56bcfa518class org.jnetpcap.protocol.network.Ip4: size=16 bytes
JMemory: owner=nio.JMemoryPool$Block.class(size=32768/offset=8456)
********************************************************************************
0000:*dc a6 32 f8  6a 3c e4 5f  01 96 47 65  08 06 00 01    ..2.j<._..Ge....
0010: 08 00 06 04  00 02 e4 5f  01 96 47 65  c0 a8 00 65    ......._..Ge...e
0020: dc a6 32 f8  6a 3c c0 a8  00 03                       ..2.j<....      


2026-06-28 14:25:12 DEBUG cic.cs.unb.ca.jnetpcap.PacketReader    null
********************************************************************************
0000:*33 33 00 00  00 fb 8c 88  2b 40 07 be* 86 dd 60 0a    33......+@....`.
0010: 8e 35 00 24  11 01 fe 80  00 00 00 00  00 00 67 bd    .5.$..........g.
0020: 69 35 c9 5b  bf cb ff 02  00 00 00 00  00 00 00 00    i5.[............
0030: 00 00 00 00  00 fb 14 e9  14 e9 00 24  68 89 00 00    ...........$h...
0040: 00 00 00 01  00 00 00 00  00 00 04 77  70 61 64 05    ...........wpad.
0050: 6c 6f 63 61  6c 00 00 01  00 01*                      local.....      


2026-06-28 14:25:12 DEBUG cic.cs.unb.ca.jnetpcap.PacketReader    null
********************************************************************************
0000:*33 33 00 00  00 fb 8c 88  2b 40 07 be* 86 dd 60 0a    33......+@....`.
0010: 8e 35 00 24  11 01 fe 80  00 00 00 00  00 00 67 bd    .5.$..........g.
0020: 69 35 c9 5b  bf cb ff 02  00 00 00 00  00 00 00 00    i5.[............
0030: 00 00 00 00  00 fb 14 e9  14 e9 00 24  68 6e 00 00    ...........$hn..
0040: 00 00 00 01  00 00 00 00  00 00 04 77  70 61 64 05    ...........wpad.
0050: 6c 6f 63 61  6c 00 00 1c  00 01*                      local.....      


2026-06-28 14:25:12 DEBUG cic.cs.unb.ca.jnetpcap.PacketReader    null
********************************************************************************
0000:*33 33 00 00  00 fb 8c 88  2b 40 07 be* 86 dd 60 0a    33......+@....`.
0010: 8e 35 00 24  11 01 fe 80  00 00 00 00  00 00 67 bd    .5.$..........g.
0020: 69 35 c9 5b  bf cb ff 02  00 00 00 00  00 00 00 00    i5.[............
0030: 00 00 00 00  00 fb 14 e9  14 e9 00 24  68 89 00 00    ...........$h...
0040: 00 00 00 01  00 00 00 00  00 00 04 77  70 61 64 05    ...........wpad.
0050: 6c 6f 63 61  6c 00 00 01  00 01*                      local.....      


2026-06-28 14:25:12 DEBUG cic.cs.unb.ca.jnetpcap.PacketReader    null
********************************************************************************
0000:*33 33 00 00  00 fb 8c 88  2b 40 07 be* 86 dd 60 0a    33......+@....`.
0010: 8e 35 00 24  11 01 fe 80  00 00 00 00  00 00 67 bd    .5.$..........g.
0020: 69 35 c9 5b  bf cb ff 02  00 00 00 00  00 00 00 00    i5.[............
0030: 00 00 00 00  00 fb 14 e9  14 e9 00 24  68 6e 00 00    ...........$hn..
0040: 00 00 00 01  00 00 00 00  00 00 04 77  70 61 64 05    ...........wpad.
0050: 6c 6f 63 61  6c 00 00 1c  00 01*                      local.....      


2026-06-28 14:25:12 DEBUG cic.cs.unb.ca.jnetpcap.PacketReader    null
********************************************************************************
0000:*33 33 00 00  00 fb 8c 88  2b 40 07 be* 86 dd 60 0a    33......+@....`.
0010: 8e 35 00 24  11 01 fe 80  00 00 00 00  00 00 67 bd    .5.$..........g.
0020: 69 35 c9 5b  bf cb ff 02  00 00 00 00  00 00 00 00    i5.[............
0030: 00 00 00 00  00 fb 14 e9  14 e9 00 24  68 89 00 00    ...........$h...
0040: 00 00 00 01  00 00 00 00  00 00 04 77  70 61 64 05    ...........wpad.
0050: 6c 6f 63 61  6c 00 00 01  00 01*                      local.....      


2026-06-28 14:25:12 DEBUG cic.cs.unb.ca.jnetpcap.PacketReader    null
********************************************************************************
0000:*33 33 00 00  00 fb 8c 88  2b 40 07 be* 86 dd 60 0a    33......+@....`.
0010: 8e 35 00 24  11 01 fe 80  00 00 00 00  00 00 67 bd    .5.$..........g.
0020: 69 35 c9 5b  bf cb ff 02  00 00 00 00  00 00 00 00    i5.[............
0030: 00 00 00 00  00 fb 14 e9  14 e9 00 24  68 89 00 00    ...........$h...
0040: 00 00 00 01  00 00 00 00  00 00 04 77  70 61 64 05    ...........wpad.
0050: 6c 6f 63 61  6c 00 00 01  00 01*                      local.....      


2026-06-28 14:25:12 DEBUG cic.cs.unb.ca.jnetpcap.PacketReader    null
********************************************************************************
0000:*33 33 00 00  00 fb 8c 88  2b 40 07 be* 86 dd 60 0a    33......+@....`.
0010: 8e 35 00 24  11 01 fe 80  00 00 00 00  00 00 67 bd    .5.$..........g.
0020: 69 35 c9 5b  bf cb ff 02  00 00 00 00  00 00 00 00    i5.[............
0030: 00 00 00 00  00 fb 14 e9  14 e9 00 24  68 6e 00 00    ...........$hn..
0040: 00 00 00 01  00 00 00 00  00 00 04 77  70 61 64 05    ...........wpad.
0050: 6c 6f 63 61  6c 00 00 1c  00 01*                      local.....      


2026-06-28 14:25:12 DEBUG cic.cs.unb.ca.jnetpcap.PacketReader    null
********************************************************************************
0000:*33 33 00 00  00 fb 8c 88  2b 40 07 be* 86 dd 60 0a    33......+@....`.
0010: 8e 35 00 24  11 01 fe 80  00 00 00 00  00 00 67 bd    .5.$..........g.
0020: 69 35 c9 5b  bf cb ff 02  00 00 00 00  00 00 00 00    i5.[............
0030: 00 00 00 00  00 fb 14 e9  14 e9 00 24  68 6e 00 00    ...........$hn..
0040: 00 00 00 01  00 00 00 00  00 00 04 77  70 61 64 05    ...........wpad.
0050: 6c 6f 63 61  6c 00 00 1c  00 01*                      local.....      


2026-06-28 14:25:12 DEBUG cic.cs.unb.ca.jnetpcap.PacketReader    null
********************************************************************************
0000:*33 33 00 00  00 fb e4 5f  01 96 47 65* 86 dd 60 08    33....._..Ge..`.
0010: 6f c5 00 35  11 ff fe 80  00 00 00 00  00 00 f8 d0    o..5............
0020: 36 ba 92 4b  e0 c2 ff 02  00 00 00 00  00 00 00 00    6..K............
0030: 00 00 00 00  00 fb 14 e9  14 e9 00 35  33 1f 00 00    ...........53..
0040: 00 00 00 02  00 00 00 00  00 00 05 5f  69 70 70 73    ..........._ipps
0050: 04 5f 74 63  70 05 6c 6f  63 61 6c 00  00 0c 00 01    ._tcp.local.....
0060: 04 5f 69 70  70 c0 12 00  0c 00 01*                   ._ipp......     


2026-06-28 14:25:12 DEBUG cic.cs.unb.ca.jnetpcap.PacketReader    Invalid [0,48,48) range.
JMemory: JMemory@2d56bd17038class org.jnetpcap.protocol.network.Ip4: size=20 bytes
JMemory: owner=nio.JMemoryPool$Block.class(size=32768/offset=27640)
********************************************************************************
0000:*dc a6 32 f8  6a 3c e4 5f  01 96 47 65  08 06 00 01    ..2.j<._..Ge....
0010: 08 00 06 04  00 01 e4 5f  01 96 47 65  c0 a8 00 65    ......._..Ge...e
0020: 00 00 00 00  00 00 c0 a8  00 03                       ..........      


2026-06-28 14:25:12 DEBUG cic.cs.unb.ca.jnetpcap.PacketReader    null
********************************************************************************
0000:*e4 5f 01 96  47 65 dc a6  32 f8 6a 3c  08 06 00 01*   ._..Ge..2.j<....
0010: 08 00 06 04  00 02 dc a6  32 f8 6a 3c  c0 a8 00 03    ........2.j<....
0020: e4 5f 01 96  47 65 c0 a8  00 65*                      ._..Ge...e      


2026-06-28 14:25:12 DEBUG cic.cs.unb.ca.jnetpcap.PacketReader    Invalid [0,48,48) range.
JMemory: JMemory@2d56bb4e10aclass org.jnetpcap.protocol.network.Ip4: size=20 bytes
JMemory: owner=nio.JMemoryPool$Block.class(size=32768/offset=24666)
********************************************************************************
0000:*dc a6 32 f8  6a 3c e4 5f  01 96 47 65  08 06 00 01    ..2.j<._..Ge....
0010: 08 00 06 04  00 01 e4 5f  01 96 47 65  c0 a8 00 65    ......._..Ge...e
0020: 00 00 00 00  00 00 c0 a8  00 03                       ..........      


2026-06-28 14:25:12 DEBUG cic.cs.unb.ca.jnetpcap.PacketReader    null
********************************************************************************
0000:*e4 5f 01 96  47 65 dc a6  32 f8 6a 3c  08 06 00 01*   ._..Ge..2.j<....
0010: 08 00 06 04  00 02 dc a6  32 f8 6a 3c  c0 a8 00 03    ........2.j<....
0020: e4 5f 01 96  47 65 c0 a8  00 65*                      ._..Ge...e      


2026-06-28 14:25:12 DEBUG cic.cs.unb.ca.jnetpcap.PacketReader    null
********************************************************************************
0000:*e4 5f 01 96  47 65 dc a6  32 f8 6a 3c  08 06 00 01*   ._..Ge..2.j<....
0010: 08 00 06 04  00 01 dc a6  32 f8 6a 3c  c0 a8 00 03    ........2.j<....
0020: 00 00 00 00  00 00 c0 a8  00 65*                      .........e      


2026-06-28 14:25:12 DEBUG cic.cs.unb.ca.jnetpcap.PacketReader    Invalid [0,48,48) range.
JMemory: JMemory@2d56bb4ef54class org.jnetpcap.protocol.network.Ip4: size=16 bytes
JMemory: owner=nio.JMemoryPool$Block.class(size=32768/offset=28324)
********************************************************************************
0000:*dc a6 32 f8  6a 3c e4 5f  01 96 47 65  08 06 00 01    ..2.j<._..Ge....
0010: 08 00 06 04  00 02 e4 5f  01 96 47 65  c0 a8 00 65    ......._..Ge...e
0020: dc a6 32 f8  6a 3c c0 a8  00 03                       ..2.j<....      


2026-06-28 14:25:12 DEBUG cic.cs.unb.ca.jnetpcap.PacketReader    Invalid [0,48,48) range.
JMemory: JMemory@2d56bb58fb8class org.jnetpcap.protocol.network.Ip4: size=42 bytes
JMemory: owner=nio.JMemoryPool$Block.class(size=32768/offset=3816)
********************************************************************************
0000:*dc a6 32 f8  6a 3c e4 5f  01 96 47 65  08 06 00 01    ..2.j<._..Ge....
0010: 08 00 06 04  00 02 e4 5f  01 96 47 65  c0 a8 00 65    ......._..Ge...e
0020: dc a6 32 f8  6a 3c c0 a8  00 03                       ..2.j<....      


2026-06-28 14:25:12 DEBUG cic.cs.unb.ca.jnetpcap.PacketReader    null
********************************************************************************
0000:*33 33 00 00  00 01 72 5d  cc cd 13 20* 86 dd 60 00    33....r]... ..`.
0010: 00 00 00 24  00 01 fe 80  00 00 00 00  00 00 70 5d    ...$..........p]
0020: cc ff fe cd  13 20 ff 02  00 00 00 00  00 00 00 00    ..... ..........
0030: 00 00 00 00  00 01 3a 00  05 02 00 00  01 00 82 00    ......:.........
0040: 2c f1 03 e8  00 00 00 00  00 00 00 00  00 00 00 00    ,...............
0050: 00 00 00 00  00 00 00 00  00 00*                      ..........      


2026-06-28 14:25:12 DEBUG cic.cs.unb.ca.jnetpcap.PacketReader    null
********************************************************************************
0000:*33 33 00 00  00 16 e4 5f  01 96 47 65* 86 dd 60 00    33....._..Ge..`.
0010: 00 00 00 38  00 01 fe 80  00 00 00 00  00 00 f8 d0    ...8............
0020: 36 ba 92 4b  e0 c2 ff 02  00 00 00 00  00 00 00 00    6..K............
0030: 00 00 00 00  00 16 3a 00  05 02 00 00  01 00 8f 00    ......:.........
0040: ed 4e 00 00  00 02 02 00  00 00 ff 02  00 00 00 00    .N..............
0050: 00 00 00 00  00 01 ff 4b  e0 c2 02 00  00 00 ff 02    .......K........
0060: 00 00 00 00  00 00 00 00  00 00 00 00  00 fb*         ..............  


2026-06-28 14:25:12 DEBUG cic.cs.unb.ca.jnetpcap.PacketReader    Invalid [0,48,48) range.
JMemory: JMemory@2d56bb7d5d2class org.jnetpcap.protocol.network.Ip4: size=20 bytes
JMemory: owner=nio.JMemoryPool$Block.class(size=32768/offset=21698)
********************************************************************************
0000:*dc a6 32 f8  6a 3c e4 5f  01 96 47 65  08 06 00 01    ..2.j<._..Ge....
0010: 08 00 06 04  00 01 e4 5f  01 96 47 65  c0 a8 00 65    ......._..Ge...e
0020: 00 00 00 00  00 00 c0 a8  00 03                       ..........      


2026-06-28 14:25:12 DEBUG cic.cs.unb.ca.jnetpcap.PacketReader    null
********************************************************************************
0000:*e4 5f 01 96  47 65 dc a6  32 f8 6a 3c  08 06 00 01*   ._..Ge..2.j<....
0010: 08 00 06 04  00 02 dc a6  32 f8 6a 3c  c0 a8 00 03    ........2.j<....
0020: e4 5f 01 96  47 65 c0 a8  00 65*                      ._..Ge...e      


2026-06-28 14:25:12 DEBUG cic.cs.unb.ca.jnetpcap.PacketReader    null
********************************************************************************
0000:*e4 5f 01 96  47 65 dc a6  32 f8 6a 3c  08 06 00 01*   ._..Ge..2.j<....
0010: 08 00 06 04  00 01 dc a6  32 f8 6a 3c  c0 a8 00 03    ........2.j<....
0020: 00 00 00 00  00 00 c0 a8  00 65*                      .........e      


2026-06-28 14:25:12 DEBUG cic.cs.unb.ca.jnetpcap.PacketReader    Invalid [0,48,48) range.
JMemory: JMemory@2d56bba6190class org.jnetpcap.protocol.network.Ip4: size=16 bytes
JMemory: owner=nio.JMemoryPool$Block.class(size=32768/offset=24624)
********************************************************************************
0000:*dc a6 32 f8  6a 3c e4 5f  01 96 47 65  08 06 00 01    ..2.j<._..Ge....
0010: 08 00 06 04  00 02 e4 5f  01 96 47 65  c0 a8 00 65    ......._..Ge...e
0020: dc a6 32 f8  6a 3c c0 a8  00 03                       ..2.j<....      


2026-06-28 14:25:12 DEBUG cic.cs.unb.ca.jnetpcap.PacketReader    Invalid [0,48,48) range.
JMemory: JMemory@2d56bbae06aclass org.jnetpcap.protocol.network.Ip4: size=20 bytes
JMemory: owner=nio.JMemoryPool$Block.class(size=32768/offset=24314)
********************************************************************************
0000:*dc a6 32 f8  6a 3c e4 5f  01 96 47 65  08 06 00 01    ..2.j<._..Ge....
0010: 08 00 06 04  00 01 e4 5f  01 96 47 65  c0 a8 00 65    ......._..Ge...e
0020: 00 00 00 00  00 00 c0 a8  00 03                       ..........      


2026-06-28 14:25:12 DEBUG cic.cs.unb.ca.jnetpcap.PacketReader    null
********************************************************************************
0000:*e4 5f 01 96  47 65 dc a6  32 f8 6a 3c  08 06 00 01*   ._..Ge..2.j<....
0010: 08 00 06 04  00 02 dc a6  32 f8 6a 3c  c0 a8 00 03    ........2.j<....
0020: e4 5f 01 96  47 65 c0 a8  00 65*                      ._..Ge...e      


2026-06-28 14:25:12 DEBUG cic.cs.unb.ca.jnetpcap.PacketReader    Invalid [0,48,48) range.
JMemory: JMemory@2d56bbdcd2aclass org.jnetpcap.protocol.network.Ip4: size=20 bytes
JMemory: owner=nio.JMemoryPool$Block.class(size=32768/offset=19290)
********************************************************************************
0000:*dc a6 32 f8  6a 3c e4 5f  01 96 47 65  08 06 00 01    ..2.j<._..Ge....
0010: 08 00 06 04  00 01 e4 5f  01 96 47 65  c0 a8 00 65    ......._..Ge...e
0020: 00 00 00 00  00 00 c0 a8  00 03                       ..........      


2026-06-28 14:25:12 DEBUG cic.cs.unb.ca.jnetpcap.PacketReader    null
********************************************************************************
0000:*e4 5f 01 96  47 65 dc a6  32 f8 6a 3c  08 06 00 01*   ._..Ge..2.j<....
0010: 08 00 06 04  00 02 dc a6  32 f8 6a 3c  c0 a8 00 03    ........2.j<....
0020: e4 5f 01 96  47 65 c0 a8  00 65*                      ._..Ge...e      


2026-06-28 14:25:12 DEBUG cic.cs.unb.ca.jnetpcap.PacketReader    null
********************************************************************************
0000:*33 33 00 00  00 01 72 5d  cc cd 13 20* 86 dd 60 00    33....r]... ..`.
0010: 00 00 00 24  00 01 fe 80  00 00 00 00  00 00 70 5d    ...$..........p]
0020: cc ff fe cd  13 20 ff 02  00 00 00 00  00 00 00 00    ..... ..........
0030: 00 00 00 00  00 01 3a 00  05 02 00 00  01 00 82 00    ......:.........
0040: 2c f1 03 e8  00 00 00 00  00 00 00 00  00 00 00 00    ,...............
0050: 00 00 00 00  00 00 00 00  00 00*                      ..........      


2026-06-28 14:25:12 DEBUG cic.cs.unb.ca.jnetpcap.PacketReader    null
********************************************************************************
0000:*33 33 00 00  00 16 e4 5f  01 96 47 65* 86 dd 60 00    33....._..Ge..`.
0010: 00 00 00 38  00 01 fe 80  00 00 00 00  00 00 f8 d0    ...8............
0020: 36 ba 92 4b  e0 c2 ff 02  00 00 00 00  00 00 00 00    6..K............
0030: 00 00 00 00  00 16 3a 00  05 02 00 00  01 00 8f 00    ......:.........
0040: ed 4e 00 00  00 02 02 00  00 00 ff 02  00 00 00 00    .N..............
0050: 00 00 00 00  00 01 ff 4b  e0 c2 02 00  00 00 ff 02    .......K........
0060: 00 00 00 00  00 00 00 00  00 00 00 00  00 fb*         ..............  


2026-06-28 14:25:12 DEBUG cic.cs.unb.ca.jnetpcap.PacketReader    null
********************************************************************************
0000:*e4 5f 01 96  47 65 dc a6  32 f8 6a 3c  08 06 00 01*   ._..Ge..2.j<....
0010: 08 00 06 04  00 01 dc a6  32 f8 6a 3c  c0 a8 00 03    ........2.j<....
0020: 00 00 00 00  00 00 c0 a8  00 65*                      .........e      


2026-06-28 14:25:12 DEBUG cic.cs.unb.ca.jnetpcap.PacketReader    Invalid [0,48,48) range.
JMemory: JMemory@2d56bbf3bb8class org.jnetpcap.protocol.network.Ip4: size=16 bytes
JMemory: owner=nio.JMemoryPool$Block.class(size=32768/offset=14776)
********************************************************************************
0000:*dc a6 32 f8  6a 3c e4 5f  01 96 47 65  08 06 00 01    ..2.j<._..Ge....
0010: 08 00 06 04  00 02 e4 5f  01 96 47 65  c0 a8 00 65    ......._..Ge...e
0020: dc a6 32 f8  6a 3c c0 a8  00 03                       ..2.j<....      


2026-06-28 14:25:12 DEBUG cic.cs.unb.ca.jnetpcap.PacketReader    Invalid [0,48,48) range.
JMemory: JMemory@2d56bc0daa6class org.jnetpcap.protocol.network.Ip4: size=20 bytes
JMemory: owner=nio.JMemoryPool$Block.class(size=32768/offset=22646)
********************************************************************************
0000:*dc a6 32 f8  6a 3c e4 5f  01 96 47 65  08 06 00 01    ..2.j<._..Ge....
0010: 08 00 06 04  00 01 e4 5f  01 96 47 65  c0 a8 00 65    ......._..Ge...e
0020: 00 00 00 00  00 00 c0 a8  00 03                       ..........      


2026-06-28 14:25:12 DEBUG cic.cs.unb.ca.jnetpcap.PacketReader    null
********************************************************************************
0000:*e4 5f 01 96  47 65 dc a6  32 f8 6a 3c  08 06 00 01*   ._..Ge..2.j<....
0010: 08 00 06 04  00 02 dc a6  32 f8 6a 3c  c0 a8 00 03    ........2.j<....
0020: e4 5f 01 96  47 65 c0 a8  00 65*                      ._..Ge...e      


2026-06-28 14:25:12 DEBUG cic.cs.unb.ca.jnetpcap.PacketReader    Invalid [0,48,48) range.
JMemory: JMemory@2d56bd3dc7eclass org.jnetpcap.protocol.network.Ip4: size=20 bytes
JMemory: owner=nio.JMemoryPool$Block.class(size=32768/offset=23534)
********************************************************************************
0000:*dc a6 32 f8  6a 3c e4 5f  01 96 47 65  08 06 00 01    ..2.j<._..Ge....
0010: 08 00 06 04  00 01 e4 5f  01 96 47 65  c0 a8 00 65    ......._..Ge...e
0020: 00 00 00 00  00 00 c0 a8  00 03                       ..........      


2026-06-28 14:25:12 DEBUG cic.cs.unb.ca.jnetpcap.PacketReader    null
********************************************************************************
0000:*e4 5f 01 96  47 65 dc a6  32 f8 6a 3c  08 06 00 01*   ._..Ge..2.j<....
0010: 08 00 06 04  00 02 dc a6  32 f8 6a 3c  c0 a8 00 03    ........2.j<....
0020: e4 5f 01 96  47 65 c0 a8  00 65*                      ._..Ge...e      


2026-06-28 14:25:12 DEBUG cic.cs.unb.ca.jnetpcap.PacketReader    null
********************************************************************************
0000:*e4 5f 01 96  47 65 dc a6  32 f8 6a 3c  08 06 00 01*   ._..Ge..2.j<....
0010: 08 00 06 04  00 01 dc a6  32 f8 6a 3c  c0 a8 00 03    ........2.j<....
0020: 00 00 00 00  00 00 c0 a8  00 65*                      .........e      


2026-06-28 14:25:12 DEBUG cic.cs.unb.ca.jnetpcap.PacketReader    Invalid [0,48,48) range.
JMemory: JMemory@2d56bd407a4class org.jnetpcap.protocol.network.Ip4: size=16 bytes
JMemory: owner=nio.JMemoryPool$Block.class(size=32768/offset=1796)
********************************************************************************
0000:*dc a6 32 f8  6a 3c e4 5f  01 96 47 65  08 06 00 01    ..2.j<._..Ge....
0010: 08 00 06 04  00 02 e4 5f  01 96 47 65  c0 a8 00 65    ......._..Ge...e
0020: dc a6 32 f8  6a 3c c0 a8  00 03                       ..2.j<....      


2026-06-28 14:25:12 DEBUG cic.cs.unb.ca.jnetpcap.PacketReader    Invalid [0,48,48) range.
JMemory: JMemory@2d56bd49df8class org.jnetpcap.protocol.network.Ip4: size=42 bytes
JMemory: owner=nio.JMemoryPool$Block.class(size=32768/offset=7496)
********************************************************************************
0000:*dc a6 32 f8  6a 3c e4 5f  01 96 47 65  08 06 00 01    ..2.j<._..Ge....
0010: 08 00 06 04  00 02 e4 5f  01 96 47 65  c0 a8 00 65    ......._..Ge...e
0020: dc a6 32 f8  6a 3c c0 a8  00 03                       ..2.j<....      


2026-06-28 14:25:12 DEBUG cic.cs.unb.ca.jnetpcap.PacketReader    null
********************************************************************************
0000:*33 33 00 00  00 01 72 5d  cc cd 13 20* 86 dd 60 00    33....r]... ..`.
0010: 00 00 00 24  00 01 fe 80  00 00 00 00  00 00 70 5d    ...$..........p]
0020: cc ff fe cd  13 20 ff 02  00 00 00 00  00 00 00 00    ..... ..........
0030: 00 00 00 00  00 01 3a 00  05 02 00 00  01 00 82 00    ......:.........
0040: 2c f1 03 e8  00 00 00 00  00 00 00 00  00 00 00 00    ,...............
0050: 00 00 00 00  00 00 00 00  00 00*                      ..........      


2026-06-28 14:25:12 DEBUG cic.cs.unb.ca.jnetpcap.PacketReader    null
********************************************************************************
0000:*33 33 00 00  00 16 e4 5f  01 96 47 65* 86 dd 60 00    33....._..Ge..`.
0010: 00 00 00 38  00 01 fe 80  00 00 00 00  00 00 f8 d0    ...8............
0020: 36 ba 92 4b  e0 c2 ff 02  00 00 00 00  00 00 00 00    6..K............
0030: 00 00 00 00  00 16 3a 00  05 02 00 00  01 00 8f 00    ......:.........
0040: ed 4e 00 00  00 02 02 00  00 00 ff 02  00 00 00 00    .N..............
0050: 00 00 00 00  00 01 ff 4b  e0 c2 02 00  00 00 ff 02    .......K........
0060: 00 00 00 00  00 00 00 00  00 00 00 00  00 fb*         ..............  


2026-06-28 14:25:12 DEBUG cic.cs.unb.ca.jnetpcap.PacketReader    Invalid [0,48,48) range.
JMemory: JMemory@2d56bd6cfceclass org.jnetpcap.protocol.network.Ip4: size=20 bytes
JMemory: owner=nio.JMemoryPool$Block.class(size=32768/offset=20190)
********************************************************************************
0000:*dc a6 32 f8  6a 3c e4 5f  01 96 47 65  08 06 00 01    ..2.j<._..Ge....
0010: 08 00 06 04  00 01 e4 5f  01 96 47 65  c0 a8 00 65    ......._..Ge...e
0020: 00 00 00 00  00 00 c0 a8  00 03                       ..........      


2026-06-28 14:25:12 DEBUG cic.cs.unb.ca.jnetpcap.PacketReader    null
********************************************************************************
0000:*e4 5f 01 96  47 65 dc a6  32 f8 6a 3c  08 06 00 01*   ._..Ge..2.j<....
0010: 08 00 06 04  00 02 dc a6  32 f8 6a 3c  c0 a8 00 03    ........2.j<....
0020: e4 5f 01 96  47 65 c0 a8  00 65*                      ._..Ge...e      


2026-06-28 14:25:12 DEBUG cic.cs.unb.ca.jnetpcap.PacketReader    null
********************************************************************************
0000:*e4 5f 01 96  47 65 dc a6  32 f8 6a 3c  08 06 00 01*   ._..Ge..2.j<....
0010: 08 00 06 04  00 01 dc a6  32 f8 6a 3c  c0 a8 00 03    ........2.j<....
0020: 00 00 00 00  00 00 c0 a8  00 65*                      .........e      


2026-06-28 14:25:12 DEBUG cic.cs.unb.ca.jnetpcap.PacketReader    Invalid [0,48,48) range.
JMemory: JMemory@2d56bd8dd60class org.jnetpcap.protocol.network.Ip4: size=16 bytes
JMemory: owner=nio.JMemoryPool$Block.class(size=32768/offset=23600)
********************************************************************************
0000:*dc a6 32 f8  6a 3c e4 5f  01 96 47 65  08 06 00 01    ..2.j<._..Ge....
0010: 08 00 06 04  00 02 e4 5f  01 96 47 65  c0 a8 00 65    ......._..Ge...e
0020: dc a6 32 f8  6a 3c c0 a8  00 03                       ..2.j<....      


2026-06-28 14:25:12 DEBUG cic.cs.unb.ca.jnetpcap.PacketReader    Invalid [0,48,48) range.
JMemory: JMemory@2d56bd9de9aclass org.jnetpcap.protocol.network.Ip4: size=20 bytes
JMemory: owner=nio.JMemoryPool$Block.class(size=32768/offset=23882)
********************************************************************************
0000:*dc a6 32 f8  6a 3c e4 5f  01 96 47 65  08 06 00 01    ..2.j<._..Ge....
0010: 08 00 06 04  00 01 e4 5f  01 96 47 65  c0 a8 00 65    ......._..Ge...e
0020: 00 00 00 00  00 00 c0 a8  00 03                       ..........      


2026-06-28 14:25:12 DEBUG cic.cs.unb.ca.jnetpcap.PacketReader    null
********************************************************************************
0000:*e4 5f 01 96  47 65 dc a6  32 f8 6a 3c  08 06 00 01*   ._..Ge..2.j<....
0010: 08 00 06 04  00 02 dc a6  32 f8 6a 3c  c0 a8 00 03    ........2.j<....
0020: e4 5f 01 96  47 65 c0 a8  00 65*                      ._..Ge...e      


2026-06-28 14:25:12 DEBUG cic.cs.unb.ca.jnetpcap.PacketReader    null
********************************************************************************
0000:*e4 5f 01 96  47 65 dc a6  32 f8 6a 3c  08 06 00 01*   ._..Ge..2.j<....
0010: 08 00 06 04  00 01 dc a6  32 f8 6a 3c  c0 a8 00 03    ........2.j<....
0020: 00 00 00 00  00 00 c0 a8  00 65*                      .........e      


2026-06-28 14:25:12 DEBUG cic.cs.unb.ca.jnetpcap.PacketReader    Invalid [0,48,48) range.
JMemory: JMemory@2d56bdb69fcclass org.jnetpcap.protocol.network.Ip4: size=16 bytes
JMemory: owner=nio.JMemoryPool$Block.class(size=32768/offset=26748)
********************************************************************************
0000:*dc a6 32 f8  6a 3c e4 5f  01 96 47 65  08 06 00 01    ..2.j<._..Ge....
0010: 08 00 06 04  00 02 e4 5f  01 96 47 65  c0 a8 00 65    ......._..Ge...e
0020: dc a6 32 f8  6a 3c c0 a8  00 03                       ..2.j<....      


2026-06-28 14:25:12 DEBUG cic.cs.unb.ca.jnetpcap.PacketReader    Invalid [0,48,48) range.
JMemory: JMemory@2d56bdcb34eclass org.jnetpcap.protocol.network.Ip4: size=20 bytes
JMemory: owner=nio.JMemoryPool$Block.class(size=32768/offset=12702)
********************************************************************************
0000:*dc a6 32 f8  6a 3c e4 5f  01 96 47 65  08 06 00 01    ..2.j<._..Ge....
0010: 08 00 06 04  00 01 e4 5f  01 96 47 65  c0 a8 00 65    ......._..Ge...e
0020: 00 00 00 00  00 00 c0 a8  00 03                       ..........      


2026-06-28 14:25:12 DEBUG cic.cs.unb.ca.jnetpcap.PacketReader    null
********************************************************************************
0000:*e4 5f 01 96  47 65 dc a6  32 f8 6a 3c  08 06 00 01*   ._..Ge..2.j<....
0010: 08 00 06 04  00 02 dc a6  32 f8 6a 3c  c0 a8 00 03    ........2.j<....
0020: e4 5f 01 96  47 65 c0 a8  00 65*                      ._..Ge...e      


2026-06-28 14:25:12 DEBUG cic.cs.unb.ca.jnetpcap.PacketReader    null
********************************************************************************
0000:*33 33 00 00  00 01 72 5d  cc cd 13 20* 86 dd 60 00    33....r]... ..`.
0010: 00 00 00 24  00 01 fe 80  00 00 00 00  00 00 70 5d    ...$..........p]
0020: cc ff fe cd  13 20 ff 02  00 00 00 00  00 00 00 00    ..... ..........
0030: 00 00 00 00  00 01 3a 00  05 02 00 00  01 00 82 00    ......:.........
0040: 2c f1 03 e8  00 00 00 00  00 00 00 00  00 00 00 00    ,...............
0050: 00 00 00 00  00 00 00 00  00 00*                      ..........      


2026-06-28 14:25:12 DEBUG cic.cs.unb.ca.jnetpcap.PacketReader    null
********************************************************************************
0000:*33 33 00 00  00 16 e4 5f  01 96 47 65* 86 dd 60 00    33....._..Ge..`.
0010: 00 00 00 38  00 01 fe 80  00 00 00 00  00 00 f8 d0    ...8............
0020: 36 ba 92 4b  e0 c2 ff 02  00 00 00 00  00 00 00 00    6..K............
0030: 00 00 00 00  00 16 3a 00  05 02 00 00  01 00 8f 00    ......:.........
0040: ed 4e 00 00  00 02 02 00  00 00 ff 02  00 00 00 00    .N..............
0050: 00 00 00 00  00 01 ff 4b  e0 c2 02 00  00 00 ff 02    .......K........
0060: 00 00 00 00  00 00 00 00  00 00 00 00  00 fb*         ..............  


2026-06-28 14:25:12 DEBUG cic.cs.unb.ca.jnetpcap.PacketReader    null
********************************************************************************
0000:*e4 5f 01 96  47 65 dc a6  32 f8 6a 3c  08 06 00 01*   ._..Ge..2.j<....
0010: 08 00 06 04  00 01 dc a6  32 f8 6a 3c  c0 a8 00 03    ........2.j<....
0020: 00 00 00 00  00 00 c0 a8  00 65*                      .........e      


2026-06-28 14:25:12 DEBUG cic.cs.unb.ca.jnetpcap.PacketReader    Invalid [0,48,48) range.
JMemory: JMemory@2d56bddbdbcclass org.jnetpcap.protocol.network.Ip4: size=16 bytes
JMemory: owner=nio.JMemoryPool$Block.class(size=32768/offset=15340)
********************************************************************************
0000:*dc a6 32 f8  6a 3c e4 5f  01 96 47 65  08 06 00 01    ..2.j<._..Ge....
0010: 08 00 06 04  00 02 e4 5f  01 96 47 65  c0 a8 00 65    ......._..Ge...e
0020: dc a6 32 f8  6a 3c c0 a8  00 03                       ..2.j<....      


2026-06-28 14:25:12 DEBUG cic.cs.unb.ca.jnetpcap.PacketReader    Read All packets on C:\Users\Lenovo\Desktop\hybrid_ids_final_ir_integration\uploads\web_attack(bruteforce).pcap
2026-06-28 15:19:22 DEBUG cic.cs.unb.ca.jnetpcap.worker.ReadPcapFileWorker    Working on... C:\Users\Lenovo\Desktop\hybrid_ids_final_ir_integration\uploads\web_attack(bruteforce).pcap
2026-06-28 15:19:22 DEBUG cic.cs.unb.ca.jnetpcap.PacketReader    Invalid [0,48,48) range.
JMemory: JMemory@18966ceda86class org.jnetpcap.protocol.network.Ip4: size=20 bytes
JMemory: owner=nio.JMemoryPool$Block.class(size=32768/offset=32086)
********************************************************************************
0000:*dc a6 32 f8  6a 3c e4 5f  01 96 47 65  08 06 00 01    ..2.j<._..Ge....
0010: 08 00 06 04  00 01 e4 5f  01 96 47 65  c0 a8 00 65    ......._..Ge...e
0020: 00 00 00 00  00 00 c0 a8  00 03                       ..........      


2026-06-28 15:19:22 DEBUG cic.cs.unb.ca.jnetpcap.PacketReader    null
********************************************************************************
0000:*e4 5f 01 96  47 65 dc a6  32 f8 6a 3c  08 06 00 01*   ._..Ge..2.j<....
0010: 08 00 06 04  00 02 dc a6  32 f8 6a 3c  c0 a8 00 03    ........2.j<....
0020: e4 5f 01 96  47 65 c0 a8  00 65*                      ._..Ge...e      


2026-06-28 15:19:22 DEBUG cic.cs.unb.ca.jnetpcap.PacketReader    null
********************************************************************************
0000:*33 33 00 00  00 01 72 5d  cc cd 13 20* 86 dd 60 00    33....r]... ..`.
0010: 00 00 00 24  00 01 fe 80  00 00 00 00  00 00 70 5d    ...$..........p]
0020: cc ff fe cd  13 20 ff 02  00 00 00 00  00 00 00 00    ..... ..........
0030: 00 00 00 00  00 01 3a 00  05 02 00 00  01 00 82 00    ......:.........
0040: 2c f1 03 e8  00 00 00 00  00 00 00 00  00 00 00 00    ,...............
0050: 00 00 00 00  00 00 00 00  00 00*                      ..........      


2026-06-28 15:19:22 DEBUG cic.cs.unb.ca.jnetpcap.PacketReader    null
********************************************************************************
0000:*33 33 00 00  00 16 e4 5f  01 96 47 65* 86 dd 60 00    33....._..Ge..`.
0010: 00 00 00 38  00 01 fe 80  00 00 00 00  00 00 f8 d0    ...8............
0020: 36 ba 92 4b  e0 c2 ff 02  00 00 00 00  00 00 00 00    6..K............
0030: 00 00 00 00  00 16 3a 00  05 02 00 00  01 00 8f 00    ......:.........
0040: ed 4e 00 00  00 02 02 00  00 00 ff 02  00 00 00 00    .N..............
0050: 00 00 00 00  00 01 ff 4b  e0 c2 02 00  00 00 ff 02    .......K........
0060: 00 00 00 00  00 00 00 00  00 00 00 00  00 fb*         ..............  


2026-06-28 15:19:22 DEBUG cic.cs.unb.ca.jnetpcap.PacketReader    null
********************************************************************************
0000:*e4 5f 01 96  47 65 dc a6  32 f8 6a 3c  08 06 00 01*   ._..Ge..2.j<....
0010: 08 00 06 04  00 01 dc a6  32 f8 6a 3c  c0 a8 00 03    ........2.j<....
0020: 00 00 00 00  00 00 c0 a8  00 65*                      .........e      


2026-06-28 15:19:22 DEBUG cic.cs.unb.ca.jnetpcap.PacketReader    Invalid [0,48,48) range.
JMemory: JMemory@189670165ecclass org.jnetpcap.protocol.network.Ip4: size=16 bytes
JMemory: owner=nio.JMemoryPool$Block.class(size=32768/offset=25964)
********************************************************************************
0000:*dc a6 32 f8  6a 3c e4 5f  01 96 47 65  08 06 00 01    ..2.j<._..Ge....
0010: 08 00 06 04  00 02 e4 5f  01 96 47 65  c0 a8 00 65    ......._..Ge...e
0020: dc a6 32 f8  6a 3c c0 a8  00 03                       ..2.j<....      


2026-06-28 15:19:22 DEBUG cic.cs.unb.ca.jnetpcap.PacketReader    Invalid [0,48,48) range.
JMemory: JMemory@1896702894eclass org.jnetpcap.protocol.network.Ip4: size=20 bytes
JMemory: owner=nio.JMemoryPool$Block.class(size=32768/offset=2206)
********************************************************************************
0000:*dc a6 32 f8  6a 3c e4 5f  01 96 47 65  08 06 00 01    ..2.j<._..Ge....
0010: 08 00 06 04  00 01 e4 5f  01 96 47 65  c0 a8 00 65    ......._..Ge...e
0020: 00 00 00 00  00 00 c0 a8  00 03                       ..........      


2026-06-28 15:19:22 DEBUG cic.cs.unb.ca.jnetpcap.PacketReader    null
********************************************************************************
0000:*e4 5f 01 96  47 65 dc a6  32 f8 6a 3c  08 06 00 01*   ._..Ge..2.j<....
0010: 08 00 06 04  00 02 dc a6  32 f8 6a 3c  c0 a8 00 03    ........2.j<....
0020: e4 5f 01 96  47 65 c0 a8  00 65*                      ._..Ge...e      


2026-06-28 15:19:22 DEBUG cic.cs.unb.ca.jnetpcap.PacketReader    Invalid [0,48,48) range.
JMemory: JMemory@18967056e0aclass org.jnetpcap.protocol.network.Ip4: size=20 bytes
JMemory: owner=nio.JMemoryPool$Block.class(size=32768/offset=27914)
********************************************************************************
0000:*dc a6 32 f8  6a 3c e4 5f  01 96 47 65  08 06 00 01    ..2.j<._..Ge....
0010: 08 00 06 04  00 01 e4 5f  01 96 47 65  c0 a8 00 65    ......._..Ge...e
0020: 00 00 00 00  00 00 c0 a8  00 03                       ..........      


2026-06-28 15:19:22 DEBUG cic.cs.unb.ca.jnetpcap.PacketReader    null
********************************************************************************
0000:*e4 5f 01 96  47 65 dc a6  32 f8 6a 3c  08 06 00 01*   ._..Ge..2.j<....
0010: 08 00 06 04  00 02 dc a6  32 f8 6a 3c  c0 a8 00 03    ........2.j<....
0020: e4 5f 01 96  47 65 c0 a8  00 65*                      ._..Ge...e      


2026-06-28 15:19:22 DEBUG cic.cs.unb.ca.jnetpcap.PacketReader    null
********************************************************************************
0000:*e4 5f 01 96  47 65 dc a6  32 f8 6a 3c  08 06 00 01*   ._..Ge..2.j<....
0010: 08 00 06 04  00 01 dc a6  32 f8 6a 3c  c0 a8 00 03    ........2.j<....
0020: 00 00 00 00  00 00 c0 a8  00 65*                      .........e      


2026-06-28 15:19:22 DEBUG cic.cs.unb.ca.jnetpcap.PacketReader    Invalid [0,48,48) range.
JMemory: JMemory@18967062938class org.jnetpcap.protocol.network.Ip4: size=16 bytes
JMemory: owner=nio.JMemoryPool$Block.class(size=32768/offset=10264)
********************************************************************************
0000:*dc a6 32 f8  6a 3c e4 5f  01 96 47 65  08 06 00 01    ..2.j<._..Ge....
0010: 08 00 06 04  00 02 e4 5f  01 96 47 65  c0 a8 00 65    ......._..Ge...e
0020: dc a6 32 f8  6a 3c c0 a8  00 03                       ..2.j<....      


2026-06-28 15:19:22 DEBUG cic.cs.unb.ca.jnetpcap.PacketReader    null
********************************************************************************
0000:*33 33 00 00  00 01 72 5d  cc cd 13 20* 86 dd 60 00    33....r]... ..`.
0010: 00 00 00 24  00 01 fe 80  00 00 00 00  00 00 70 5d    ...$..........p]
0020: cc ff fe cd  13 20 ff 02  00 00 00 00  00 00 00 00    ..... ..........
0030: 00 00 00 00  00 01 3a 00  05 02 00 00  01 00 82 00    ......:.........
0040: 2c f1 03 e8  00 00 00 00  00 00 00 00  00 00 00 00    ,...............
0050: 00 00 00 00  00 00 00 00  00 00*                      ..........      


2026-06-28 15:19:22 DEBUG cic.cs.unb.ca.jnetpcap.PacketReader    null
********************************************************************************
0000:*33 33 00 00  00 16 e4 5f  01 96 47 65* 86 dd 60 00    33....._..Ge..`.
0010: 00 00 00 38  00 01 fe 80  00 00 00 00  00 00 f8 d0    ...8............
0020: 36 ba 92 4b  e0 c2 ff 02  00 00 00 00  00 00 00 00    6..K............
0030: 00 00 00 00  00 16 3a 00  05 02 00 00  01 00 8f 00    ......:.........
0040: ed 4e 00 00  00 02 02 00  00 00 ff 02  00 00 00 00    .N..............
0050: 00 00 00 00  00 01 ff 4b  e0 c2 02 00  00 00 ff 02    .......K........
0060: 00 00 00 00  00 00 00 00  00 00 00 00  00 fb*         ..............  


2026-06-28 15:19:22 DEBUG cic.cs.unb.ca.jnetpcap.PacketReader    Invalid [0,48,48) range.
JMemory: JMemory@1896708818eclass org.jnetpcap.protocol.network.Ip4: size=20 bytes
JMemory: owner=nio.JMemoryPool$Block.class(size=32768/offset=30)
********************************************************************************
0000:*dc a6 32 f8  6a 3c e4 5f  01 96 47 65  08 06 00 01    ..2.j<._..Ge....
0010: 08 00 06 04  00 01 e4 5f  01 96 47 65  c0 a8 00 65    ......._..Ge...e
0020: 00 00 00 00  00 00 c0 a8  00 03                       ..........      


2026-06-28 15:19:22 DEBUG cic.cs.unb.ca.jnetpcap.PacketReader    null
********************************************************************************
0000:*e4 5f 01 96  47 65 dc a6  32 f8 6a 3c  08 06 00 01*   ._..Ge..2.j<....
0010: 08 00 06 04  00 02 dc a6  32 f8 6a 3c  c0 a8 00 03    ........2.j<....
0020: e4 5f 01 96  47 65 c0 a8  00 65*                      ._..Ge...e      


2026-06-28 15:19:22 DEBUG cic.cs.unb.ca.jnetpcap.PacketReader    null
********************************************************************************
0000:*e4 5f 01 96  47 65 dc a6  32 f8 6a 3c  08 06 00 01*   ._..Ge..2.j<....
0010: 08 00 06 04  00 01 dc a6  32 f8 6a 3c  c0 a8 00 03    ........2.j<....
0020: 00 00 00 00  00 00 c0 a8  00 65*                      .........e      


2026-06-28 15:19:22 DEBUG cic.cs.unb.ca.jnetpcap.PacketReader    Invalid [0,48,48) range.
JMemory: JMemory@189670b35f4class org.jnetpcap.protocol.network.Ip4: size=16 bytes
JMemory: owner=nio.JMemoryPool$Block.class(size=32768/offset=13364)
********************************************************************************
0000:*dc a6 32 f8  6a 3c e4 5f  01 96 47 65  08 06 00 01    ..2.j<._..Ge....
0010: 08 00 06 04  00 02 e4 5f  01 96 47 65  c0 a8 00 65    ......._..Ge...e
0020: dc a6 32 f8  6a 3c c0 a8  00 03                       ..2.j<....      


2026-06-28 15:19:22 DEBUG cic.cs.unb.ca.jnetpcap.PacketReader    Invalid [0,48,48) range.
JMemory: JMemory@189670b6842class org.jnetpcap.protocol.network.Ip4: size=20 bytes
JMemory: owner=nio.JMemoryPool$Block.class(size=32768/offset=26242)
********************************************************************************
0000:*dc a6 32 f8  6a 3c e4 5f  01 96 47 65  08 06 00 01    ..2.j<._..Ge....
0010: 08 00 06 04  00 01 e4 5f  01 96 47 65  c0 a8 00 65    ......._..Ge...e
0020: 00 00 00 00  00 00 c0 a8  00 03                       ..........      


2026-06-28 15:19:22 DEBUG cic.cs.unb.ca.jnetpcap.PacketReader    null
********************************************************************************
0000:*e4 5f 01 96  47 65 dc a6  32 f8 6a 3c  08 06 00 01*   ._..Ge..2.j<....
0010: 08 00 06 04  00 02 dc a6  32 f8 6a 3c  c0 a8 00 03    ........2.j<....
0020: e4 5f 01 96  47 65 c0 a8  00 65*                      ._..Ge...e      


2026-06-28 15:19:22 DEBUG cic.cs.unb.ca.jnetpcap.PacketReader    Invalid [0,48,48) range.
JMemory: JMemory@189670b92a0class org.jnetpcap.protocol.network.Ip4: size=42 bytes
JMemory: owner=nio.JMemoryPool$Block.class(size=32768/offset=4304)
********************************************************************************
0000:*dc a6 32 f8  6a 3c e4 5f  01 96 47 65  08 06 00 01    ..2.j<._..Ge....
0010: 08 00 06 04  00 02 e4 5f  01 96 47 65  c0 a8 00 65    ......._..Ge...e
0020: dc a6 32 f8  6a 3c c0 a8  00 03                       ..2.j<....      


2026-06-28 15:19:22 DEBUG cic.cs.unb.ca.jnetpcap.PacketReader    null
********************************************************************************
0000:*33 33 00 00  00 01 72 5d  cc cd 13 20* 86 dd 60 00    33....r]... ..`.
0010: 00 00 00 24  00 01 fe 80  00 00 00 00  00 00 70 5d    ...$..........p]
0020: cc ff fe cd  13 20 ff 02  00 00 00 00  00 00 00 00    ..... ..........
0030: 00 00 00 00  00 01 3a 00  05 02 00 00  01 00 82 00    ......:.........
0040: 2c f1 03 e8  00 00 00 00  00 00 00 00  00 00 00 00    ,...............
0050: 00 00 00 00  00 00 00 00  00 00*                      ..........      


2026-06-28 15:19:22 DEBUG cic.cs.unb.ca.jnetpcap.PacketReader    null
********************************************************************************
0000:*33 33 00 00  00 16 e4 5f  01 96 47 65* 86 dd 60 00    33....._..Ge..`.
0010: 00 00 00 38  00 01 fe 80  00 00 00 00  00 00 f8 d0    ...8............
0020: 36 ba 92 4b  e0 c2 ff 02  00 00 00 00  00 00 00 00    6..K............
0030: 00 00 00 00  00 16 3a 00  05 02 00 00  01 00 8f 00    ......:.........
0040: ed 4e 00 00  00 02 02 00  00 00 ff 02  00 00 00 00    .N..............
0050: 00 00 00 00  00 01 ff 4b  e0 c2 02 00  00 00 ff 02    .......K........
0060: 00 00 00 00  00 00 00 00  00 00 00 00  00 fb*         ..............  


2026-06-28 15:19:22 DEBUG cic.cs.unb.ca.jnetpcap.PacketReader    Invalid [0,48,48) range.
JMemory: JMemory@189670e6dfaclass org.jnetpcap.protocol.network.Ip4: size=20 bytes
JMemory: owner=nio.JMemoryPool$Block.class(size=32768/offset=27610)
********************************************************************************
0000:*dc a6 32 f8  6a 3c e4 5f  01 96 47 65  08 06 00 01    ..2.j<._..Ge....
0010: 08 00 06 04  00 01 e4 5f  01 96 47 65  c0 a8 00 65    ......._..Ge...e
0020: 00 00 00 00  00 00 c0 a8  00 03                       ..........      


2026-06-28 15:19:22 DEBUG cic.cs.unb.ca.jnetpcap.PacketReader    null
********************************************************************************
0000:*e4 5f 01 96  47 65 dc a6  32 f8 6a 3c  08 06 00 01*   ._..Ge..2.j<....
0010: 08 00 06 04  00 02 dc a6  32 f8 6a 3c  c0 a8 00 03    ........2.j<....
0020: e4 5f 01 96  47 65 c0 a8  00 65*                      ._..Ge...e      


2026-06-28 15:19:22 DEBUG cic.cs.unb.ca.jnetpcap.PacketReader    null
********************************************************************************
0000:*e4 5f 01 96  47 65 dc a6  32 f8 6a 3c  08 06 00 01*   ._..Ge..2.j<....
0010: 08 00 06 04  00 01 dc a6  32 f8 6a 3c  c0 a8 00 03    ........2.j<....
0020: 00 00 00 00  00 00 c0 a8  00 65*                      .........e      


2026-06-28 15:19:22 DEBUG cic.cs.unb.ca.jnetpcap.PacketReader    Invalid [0,48,48) range.
JMemory: JMemory@189671087e0class org.jnetpcap.protocol.network.Ip4: size=16 bytes
JMemory: owner=nio.JMemoryPool$Block.class(size=32768/offset=1392)
********************************************************************************
0000:*dc a6 32 f8  6a 3c e4 5f  01 96 47 65  08 06 00 01    ..2.j<._..Ge....
0010: 08 00 06 04  00 02 e4 5f  01 96 47 65  c0 a8 00 65    ......._..Ge...e
0020: dc a6 32 f8  6a 3c c0 a8  00 03                       ..2.j<....      


2026-06-28 15:19:22 DEBUG cic.cs.unb.ca.jnetpcap.PacketReader    Invalid [0,48,48) range.
JMemory: JMemory@18967117e92class org.jnetpcap.protocol.network.Ip4: size=20 bytes
JMemory: owner=nio.JMemoryPool$Block.class(size=32768/offset=31762)
********************************************************************************
0000:*dc a6 32 f8  6a 3c e4 5f  01 96 47 65  08 06 00 01    ..2.j<._..Ge....
0010: 08 00 06 04  00 01 e4 5f  01 96 47 65  c0 a8 00 65    ......._..Ge...e
0020: 00 00 00 00  00 00 c0 a8  00 03                       ..........      


2026-06-28 15:19:22 DEBUG cic.cs.unb.ca.jnetpcap.PacketReader    null
********************************************************************************
0000:*e4 5f 01 96  47 65 dc a6  32 f8 6a 3c  08 06 00 01*   ._..Ge..2.j<....
0010: 08 00 06 04  00 02 dc a6  32 f8 6a 3c  c0 a8 00 03    ........2.j<....
0020: e4 5f 01 96  47 65 c0 a8  00 65*                      ._..Ge...e      


2026-06-28 15:19:22 DEBUG cic.cs.unb.ca.jnetpcap.PacketReader    Invalid [0,48,48) range.
JMemory: JMemory@189671466e6class org.jnetpcap.protocol.network.Ip4: size=20 bytes
JMemory: owner=nio.JMemoryPool$Block.class(size=32768/offset=25606)
********************************************************************************
0000:*dc a6 32 f8  6a 3c e4 5f  01 96 47 65  08 06 00 01    ..2.j<._..Ge....
0010: 08 00 06 04  00 01 e4 5f  01 96 47 65  c0 a8 00 65    ......._..Ge...e
0020: 00 00 00 00  00 00 c0 a8  00 03                       ..........      


2026-06-28 15:19:22 DEBUG cic.cs.unb.ca.jnetpcap.PacketReader    null
********************************************************************************
0000:*e4 5f 01 96  47 65 dc a6  32 f8 6a 3c  08 06 00 01*   ._..Ge..2.j<....
0010: 08 00 06 04  00 02 dc a6  32 f8 6a 3c  c0 a8 00 03    ........2.j<....
0020: e4 5f 01 96  47 65 c0 a8  00 65*                      ._..Ge...e      


2026-06-28 15:19:22 DEBUG cic.cs.unb.ca.jnetpcap.PacketReader    null
********************************************************************************
0000:*e4 5f 01 96  47 65 dc a6  32 f8 6a 3c  08 06 00 01*   ._..Ge..2.j<....
0010: 08 00 06 04  00 01 dc a6  32 f8 6a 3c  c0 a8 00 03    ........2.j<....
0020: 00 00 00 00  00 00 c0 a8  00 65*                      .........e      


2026-06-28 15:19:22 DEBUG cic.cs.unb.ca.jnetpcap.PacketReader    Invalid [0,48,48) range.
JMemory: JMemory@18967154f40class org.jnetpcap.protocol.network.Ip4: size=16 bytes
JMemory: owner=nio.JMemoryPool$Block.class(size=32768/offset=19520)
********************************************************************************
0000:*dc a6 32 f8  6a 3c e4 5f  01 96 47 65  08 06 00 01    ..2.j<._..Ge....
0010: 08 00 06 04  00 02 e4 5f  01 96 47 65  c0 a8 00 65    ......._..Ge...e
0020: dc a6 32 f8  6a 3c c0 a8  00 03                       ..2.j<....      


2026-06-28 15:19:22 DEBUG cic.cs.unb.ca.jnetpcap.PacketReader    null
********************************************************************************
0000:*33 33 00 00  00 01 72 5d  cc cd 13 20* 86 dd 60 00    33....r]... ..`.
0010: 00 00 00 24  00 01 fe 80  00 00 00 00  00 00 70 5d    ...$..........p]
0020: cc ff fe cd  13 20 ff 02  00 00 00 00  00 00 00 00    ..... ..........
0030: 00 00 00 00  00 01 3a 00  05 02 00 00  01 00 82 00    ......:.........
0040: 2c f1 03 e8  00 00 00 00  00 00 00 00  00 00 00 00    ,...............
0050: 00 00 00 00  00 00 00 00  00 00*                      ..........      


2026-06-28 15:19:22 DEBUG cic.cs.unb.ca.jnetpcap.PacketReader    null
********************************************************************************
0000:*33 33 00 00  00 16 e4 5f  01 96 47 65* 86 dd 60 00    33....._..Ge..`.
0010: 00 00 00 38  00 01 fe 80  00 00 00 00  00 00 f8 d0    ...8............
0020: 36 ba 92 4b  e0 c2 ff 02  00 00 00 00  00 00 00 00    6..K............
0030: 00 00 00 00  00 16 3a 00  05 02 00 00  01 00 8f 00    ......:.........
0040: ed 4e 00 00  00 02 02 00  00 00 ff 02  00 00 00 00    .N..............
0050: 00 00 00 00  00 01 ff 4b  e0 c2 02 00  00 00 ff 02    .......K........
0060: 00 00 00 00  00 00 00 00  00 00 00 00  00 fb*         ..............  


2026-06-28 15:19:22 DEBUG cic.cs.unb.ca.jnetpcap.PacketReader    Invalid [0,48,48) range.
JMemory: JMemory@1896717778aclass org.jnetpcap.protocol.network.Ip4: size=20 bytes
JMemory: owner=nio.JMemoryPool$Block.class(size=32768/offset=29770)
********************************************************************************
0000:*dc a6 32 f8  6a 3c e4 5f  01 96 47 65  08 06 00 01    ..2.j<._..Ge....
0010: 08 00 06 04  00 01 e4 5f  01 96 47 65  c0 a8 00 65    ......._..Ge...e
0020: 00 00 00 00  00 00 c0 a8  00 03                       ..........      


2026-06-28 15:19:22 DEBUG cic.cs.unb.ca.jnetpcap.PacketReader    null
********************************************************************************
0000:*e4 5f 01 96  47 65 dc a6  32 f8 6a 3c  08 06 00 01*   ._..Ge..2.j<....
0010: 08 00 06 04  00 02 dc a6  32 f8 6a 3c  c0 a8 00 03    ........2.j<....
0020: e4 5f 01 96  47 65 c0 a8  00 65*                      ._..Ge...e      


2026-06-28 15:19:22 DEBUG cic.cs.unb.ca.jnetpcap.PacketReader    null
********************************************************************************
0000:*e4 5f 01 96  47 65 dc a6  32 f8 6a 3c  08 06 00 01*   ._..Ge..2.j<....
0010: 08 00 06 04  00 01 dc a6  32 f8 6a 3c  c0 a8 00 03    ........2.j<....
0020: 00 00 00 00  00 00 c0 a8  00 65*                      .........e      


2026-06-28 15:19:22 DEBUG cic.cs.unb.ca.jnetpcap.PacketReader    Invalid [0,48,48) range.
JMemory: JMemory@18966cd2818class org.jnetpcap.protocol.network.Ip4: size=16 bytes
JMemory: owner=nio.JMemoryPool$Block.class(size=32768/offset=19224)
********************************************************************************
0000:*dc a6 32 f8  6a 3c e4 5f  01 96 47 65  08 06 00 01    ..2.j<._..Ge....
0010: 08 00 06 04  00 02 e4 5f  01 96 47 65  c0 a8 00 65    ......._..Ge...e
0020: dc a6 32 f8  6a 3c c0 a8  00 03                       ..2.j<....      


2026-06-28 15:19:22 DEBUG cic.cs.unb.ca.jnetpcap.PacketReader    Invalid [0,48,48) range.
JMemory: JMemory@18966cd46feclass org.jnetpcap.protocol.network.Ip4: size=20 bytes
JMemory: owner=nio.JMemoryPool$Block.class(size=32768/offset=27134)
********************************************************************************
0000:*dc a6 32 f8  6a 3c e4 5f  01 96 47 65  08 06 00 01    ..2.j<._..Ge....
0010: 08 00 06 04  00 01 e4 5f  01 96 47 65  c0 a8 00 65    ......._..Ge...e
0020: 00 00 00 00  00 00 c0 a8  00 03                       ..........      


2026-06-28 15:19:22 DEBUG cic.cs.unb.ca.jnetpcap.PacketReader    null
********************************************************************************
0000:*e4 5f 01 96  47 65 dc a6  32 f8 6a 3c  08 06 00 01*   ._..Ge..2.j<....
0010: 08 00 06 04  00 02 dc a6  32 f8 6a 3c  c0 a8 00 03    ........2.j<....
0020: e4 5f 01 96  47 65 c0 a8  00 65*                      ._..Ge...e      


2026-06-28 15:19:22 DEBUG cic.cs.unb.ca.jnetpcap.PacketReader    Invalid [0,48,48) range.
JMemory: JMemory@18966cde31cclass org.jnetpcap.protocol.network.Ip4: size=42 bytes
JMemory: owner=nio.JMemoryPool$Block.class(size=32768/offset=1532)
********************************************************************************
0000:*dc a6 32 f8  6a 3c e4 5f  01 96 47 65  08 06 00 01    ..2.j<._..Ge....
0010: 08 00 06 04  00 02 e4 5f  01 96 47 65  c0 a8 00 65    ......._..Ge...e
0020: dc a6 32 f8  6a 3c c0 a8  00 03                       ..2.j<....      


2026-06-28 15:19:22 DEBUG cic.cs.unb.ca.jnetpcap.PacketReader    null
********************************************************************************
0000:*e4 5f 01 96  47 65 70 5d  cc dd 13 23  08 06 00 01*   ._..Gep]...#....
0010: 08 00 06 04  00 01 70 5d  cc dd 13 23  c0 a8 00 01    ......p]...#....
0020: 00 00 00 00  00 00 c0 a8  00 65*                      .........e      


2026-06-28 15:19:22 DEBUG cic.cs.unb.ca.jnetpcap.PacketReader    null
********************************************************************************
0000:*e4 5f 01 96  47 65 70 5d  cc dd 13 23  08 06 00 01*   ._..Gep]...#....
0010: 08 00 06 04  00 02 70 5d  cc dd 13 23  c0 a8 00 01    ......p]...#....
0020: e4 5f 01 96  47 65 c0 a8  00 65*                      ._..Ge...e      


2026-06-28 15:19:22 DEBUG cic.cs.unb.ca.jnetpcap.PacketReader    null
********************************************************************************
0000:*33 33 00 00  00 01 72 5d  cc cd 13 20* 86 dd 60 00    33....r]... ..`.
0010: 00 00 00 24  00 01 fe 80  00 00 00 00  00 00 70 5d    ...$..........p]
0020: cc ff fe cd  13 20 ff 02  00 00 00 00  00 00 00 00    ..... ..........
0030: 00 00 00 00  00 01 3a 00  05 02 00 00  01 00 82 00    ......:.........
0040: 2c f1 03 e8  00 00 00 00  00 00 00 00  00 00 00 00    ,...............
0050: 00 00 00 00  00 00 00 00  00 00*                      ..........      


2026-06-28 15:19:22 DEBUG cic.cs.unb.ca.jnetpcap.PacketReader    null
********************************************************************************
0000:*33 33 00 00  00 16 e4 5f  01 96 47 65* 86 dd 60 00    33....._..Ge..`.
0010: 00 00 00 38  00 01 fe 80  00 00 00 00  00 00 f8 d0    ...8............
0020: 36 ba 92 4b  e0 c2 ff 02  00 00 00 00  00 00 00 00    6..K............
0030: 00 00 00 00  00 16 3a 00  05 02 00 00  01 00 8f 00    ......:.........
0040: ed 4e 00 00  00 02 02 00  00 00 ff 02  00 00 00 00    .N..............
0050: 00 00 00 00  00 01 ff 4b  e0 c2 02 00  00 00 ff 02    .......K........
0060: 00 00 00 00  00 00 00 00  00 00 00 00  00 fb*         ..............  


2026-06-28 15:19:22 DEBUG cic.cs.unb.ca.jnetpcap.PacketReader    Invalid [0,48,48) range.
JMemory: JMemory@18966d044declass org.jnetpcap.protocol.network.Ip4: size=20 bytes
JMemory: owner=nio.JMemoryPool$Block.class(size=32768/offset=26494)
********************************************************************************
0000:*dc a6 32 f8  6a 3c e4 5f  01 96 47 65  08 06 00 01    ..2.j<._..Ge....
0010: 08 00 06 04  00 01 e4 5f  01 96 47 65  c0 a8 00 65    ......._..Ge...e
0020: 00 00 00 00  00 00 c0 a8  00 03                       ..........      


2026-06-28 15:19:22 DEBUG cic.cs.unb.ca.jnetpcap.PacketReader    null
********************************************************************************
0000:*e4 5f 01 96  47 65 dc a6  32 f8 6a 3c  08 06 00 01*   ._..Ge..2.j<....
0010: 08 00 06 04  00 02 dc a6  32 f8 6a 3c  c0 a8 00 03    ........2.j<....
0020: e4 5f 01 96  47 65 c0 a8  00 65*                      ._..Ge...e      


2026-06-28 15:19:22 DEBUG cic.cs.unb.ca.jnetpcap.PacketReader    null
********************************************************************************
0000:*e4 5f 01 96  47 65 dc a6  32 f8 6a 3c  08 06 00 01*   ._..Ge..2.j<....
0010: 08 00 06 04  00 01 dc a6  32 f8 6a 3c  c0 a8 00 03    ........2.j<....
0020: 00 00 00 00  00 00 c0 a8  00 65*                      .........e      


2026-06-28 15:19:22 DEBUG cic.cs.unb.ca.jnetpcap.PacketReader    Invalid [0,48,48) range.
JMemory: JMemory@1896719df38class org.jnetpcap.protocol.network.Ip4: size=16 bytes
JMemory: owner=nio.JMemoryPool$Block.class(size=32768/offset=23464)
********************************************************************************
0000:*dc a6 32 f8  6a 3c e4 5f  01 96 47 65  08 06 00 01    ..2.j<._..Ge....
0010: 08 00 06 04  00 02 e4 5f  01 96 47 65  c0 a8 00 65    ......._..Ge...e
0020: dc a6 32 f8  6a 3c c0 a8  00 03                       ..2.j<....      


2026-06-28 15:19:22 DEBUG cic.cs.unb.ca.jnetpcap.PacketReader    Invalid [0,48,48) range.
JMemory: JMemory@189671a7702class org.jnetpcap.protocol.network.Ip4: size=20 bytes
JMemory: owner=nio.JMemoryPool$Block.class(size=32768/offset=29538)
********************************************************************************
0000:*dc a6 32 f8  6a 3c e4 5f  01 96 47 65  08 06 00 01    ..2.j<._..Ge....
0010: 08 00 06 04  00 01 e4 5f  01 96 47 65  c0 a8 00 65    ......._..Ge...e
0020: 00 00 00 00  00 00 c0 a8  00 03                       ..........      


2026-06-28 15:19:22 DEBUG cic.cs.unb.ca.jnetpcap.PacketReader    null
********************************************************************************
0000:*e4 5f 01 96  47 65 dc a6  32 f8 6a 3c  08 06 00 01*   ._..Ge..2.j<....
0010: 08 00 06 04  00 02 dc a6  32 f8 6a 3c  c0 a8 00 03    ........2.j<....
0020: e4 5f 01 96  47 65 c0 a8  00 65*                      ._..Ge...e      


2026-06-28 15:19:22 DEBUG cic.cs.unb.ca.jnetpcap.PacketReader    Invalid [0,48,48) range.
JMemory: JMemory@189671d5aaeclass org.jnetpcap.protocol.network.Ip4: size=20 bytes
JMemory: owner=nio.JMemoryPool$Block.class(size=32768/offset=22190)
********************************************************************************
0000:*dc a6 32 f8  6a 3c e4 5f  01 96 47 65  08 06 00 01    ..2.j<._..Ge....
0010: 08 00 06 04  00 01 e4 5f  01 96 47 65  c0 a8 00 65    ......._..Ge...e
0020: 00 00 00 00  00 00 c0 a8  00 03                       ..........      


2026-06-28 15:19:22 DEBUG cic.cs.unb.ca.jnetpcap.PacketReader    null
********************************************************************************
0000:*e4 5f 01 96  47 65 dc a6  32 f8 6a 3c  08 06 00 01*   ._..Ge..2.j<....
0010: 08 00 06 04  00 02 dc a6  32 f8 6a 3c  c0 a8 00 03    ........2.j<....
0020: e4 5f 01 96  47 65 c0 a8  00 65*                      ._..Ge...e      


2026-06-28 15:19:22 DEBUG cic.cs.unb.ca.jnetpcap.PacketReader    null
********************************************************************************
0000:*33 33 00 00  00 01 72 5d  cc cd 13 20* 86 dd 60 00    33....r]... ..`.
0010: 00 00 00 24  00 01 fe 80  00 00 00 00  00 00 70 5d    ...$..........p]
0020: cc ff fe cd  13 20 ff 02  00 00 00 00  00 00 00 00    ..... ..........
0030: 00 00 00 00  00 01 3a 00  05 02 00 00  01 00 82 00    ......:.........
0040: 2c f1 03 e8  00 00 00 00  00 00 00 00  00 00 00 00    ,...............
0050: 00 00 00 00  00 00 00 00  00 00*                      ..........      


2026-06-28 15:19:22 DEBUG cic.cs.unb.ca.jnetpcap.PacketReader    null
********************************************************************************
0000:*33 33 00 00  00 16 e4 5f  01 96 47 65* 86 dd 60 00    33....._..Ge..`.
0010: 00 00 00 38  00 01 fe 80  00 00 00 00  00 00 f8 d0    ...8............
0020: 36 ba 92 4b  e0 c2 ff 02  00 00 00 00  00 00 00 00    6..K............
0030: 00 00 00 00  00 16 3a 00  05 02 00 00  01 00 8f 00    ......:.........
0040: ed 4e 00 00  00 02 02 00  00 00 ff 02  00 00 00 00    .N..............
0050: 00 00 00 00  00 01 ff 4b  e0 c2 02 00  00 00 ff 02    .......K........
0060: 00 00 00 00  00 00 00 00  00 00 00 00  00 fb*         ..............  


2026-06-28 15:19:22 DEBUG cic.cs.unb.ca.jnetpcap.PacketReader    null
********************************************************************************
0000:*e4 5f 01 96  47 65 dc a6  32 f8 6a 3c  08 06 00 01*   ._..Ge..2.j<....
0010: 08 00 06 04  00 01 dc a6  32 f8 6a 3c  c0 a8 00 03    ........2.j<....
0020: 00 00 00 00  00 00 c0 a8  00 65*                      .........e      


2026-06-28 15:19:22 DEBUG cic.cs.unb.ca.jnetpcap.PacketReader    Invalid [0,48,48) range.
JMemory: JMemory@189671ea538class org.jnetpcap.protocol.network.Ip4: size=16 bytes
JMemory: owner=nio.JMemoryPool$Block.class(size=32768/offset=8456)
********************************************************************************
0000:*dc a6 32 f8  6a 3c e4 5f  01 96 47 65  08 06 00 01    ..2.j<._..Ge....
0010: 08 00 06 04  00 02 e4 5f  01 96 47 65  c0 a8 00 65    ......._..Ge...e
0020: dc a6 32 f8  6a 3c c0 a8  00 03                       ..2.j<....      


2026-06-28 15:19:22 DEBUG cic.cs.unb.ca.jnetpcap.PacketReader    null
********************************************************************************
0000:*33 33 00 00  00 fb 8c 88  2b 40 07 be* 86 dd 60 0a    33......+@....`.
0010: 8e 35 00 24  11 01 fe 80  00 00 00 00  00 00 67 bd    .5.$..........g.
0020: 69 35 c9 5b  bf cb ff 02  00 00 00 00  00 00 00 00    i5.[............
0030: 00 00 00 00  00 fb 14 e9  14 e9 00 24  68 89 00 00    ...........$h...
0040: 00 00 00 01  00 00 00 00  00 00 04 77  70 61 64 05    ...........wpad.
0050: 6c 6f 63 61  6c 00 00 01  00 01*                      local.....      


2026-06-28 15:19:22 DEBUG cic.cs.unb.ca.jnetpcap.PacketReader    null
********************************************************************************
0000:*33 33 00 00  00 fb 8c 88  2b 40 07 be* 86 dd 60 0a    33......+@....`.
0010: 8e 35 00 24  11 01 fe 80  00 00 00 00  00 00 67 bd    .5.$..........g.
0020: 69 35 c9 5b  bf cb ff 02  00 00 00 00  00 00 00 00    i5.[............
0030: 00 00 00 00  00 fb 14 e9  14 e9 00 24  68 6e 00 00    ...........$hn..
0040: 00 00 00 01  00 00 00 00  00 00 04 77  70 61 64 05    ...........wpad.
0050: 6c 6f 63 61  6c 00 00 1c  00 01*                      local.....      


2026-06-28 15:19:22 DEBUG cic.cs.unb.ca.jnetpcap.PacketReader    null
********************************************************************************
0000:*33 33 00 00  00 fb 8c 88  2b 40 07 be* 86 dd 60 0a    33......+@....`.
0010: 8e 35 00 24  11 01 fe 80  00 00 00 00  00 00 67 bd    .5.$..........g.
0020: 69 35 c9 5b  bf cb ff 02  00 00 00 00  00 00 00 00    i5.[............
0030: 00 00 00 00  00 fb 14 e9  14 e9 00 24  68 89 00 00    ...........$h...
0040: 00 00 00 01  00 00 00 00  00 00 04 77  70 61 64 05    ...........wpad.
0050: 6c 6f 63 61  6c 00 00 01  00 01*                      local.....      


2026-06-28 15:19:22 DEBUG cic.cs.unb.ca.jnetpcap.PacketReader    null
********************************************************************************
0000:*33 33 00 00  00 fb 8c 88  2b 40 07 be* 86 dd 60 0a    33......+@....`.
0010: 8e 35 00 24  11 01 fe 80  00 00 00 00  00 00 67 bd    .5.$..........g.
0020: 69 35 c9 5b  bf cb ff 02  00 00 00 00  00 00 00 00    i5.[............
0030: 00 00 00 00  00 fb 14 e9  14 e9 00 24  68 6e 00 00    ...........$hn..
0040: 00 00 00 01  00 00 00 00  00 00 04 77  70 61 64 05    ...........wpad.
0050: 6c 6f 63 61  6c 00 00 1c  00 01*                      local.....      


2026-06-28 15:19:22 DEBUG cic.cs.unb.ca.jnetpcap.PacketReader    null
********************************************************************************
0000:*33 33 00 00  00 fb 8c 88  2b 40 07 be* 86 dd 60 0a    33......+@....`.
0010: 8e 35 00 24  11 01 fe 80  00 00 00 00  00 00 67 bd    .5.$..........g.
0020: 69 35 c9 5b  bf cb ff 02  00 00 00 00  00 00 00 00    i5.[............
0030: 00 00 00 00  00 fb 14 e9  14 e9 00 24  68 89 00 00    ...........$h...
0040: 00 00 00 01  00 00 00 00  00 00 04 77  70 61 64 05    ...........wpad.
0050: 6c 6f 63 61  6c 00 00 01  00 01*                      local.....      


2026-06-28 15:19:22 DEBUG cic.cs.unb.ca.jnetpcap.PacketReader    null
********************************************************************************
0000:*33 33 00 00  00 fb 8c 88  2b 40 07 be* 86 dd 60 0a    33......+@....`.
0010: 8e 35 00 24  11 01 fe 80  00 00 00 00  00 00 67 bd    .5.$..........g.
0020: 69 35 c9 5b  bf cb ff 02  00 00 00 00  00 00 00 00    i5.[............
0030: 00 00 00 00  00 fb 14 e9  14 e9 00 24  68 89 00 00    ...........$h...
0040: 00 00 00 01  00 00 00 00  00 00 04 77  70 61 64 05    ...........wpad.
0050: 6c 6f 63 61  6c 00 00 01  00 01*                      local.....      


2026-06-28 15:19:22 DEBUG cic.cs.unb.ca.jnetpcap.PacketReader    null
********************************************************************************
0000:*33 33 00 00  00 fb 8c 88  2b 40 07 be* 86 dd 60 0a    33......+@....`.
0010: 8e 35 00 24  11 01 fe 80  00 00 00 00  00 00 67 bd    .5.$..........g.
0020: 69 35 c9 5b  bf cb ff 02  00 00 00 00  00 00 00 00    i5.[............
0030: 00 00 00 00  00 fb 14 e9  14 e9 00 24  68 6e 00 00    ...........$hn..
0040: 00 00 00 01  00 00 00 00  00 00 04 77  70 61 64 05    ...........wpad.
0050: 6c 6f 63 61  6c 00 00 1c  00 01*                      local.....      


2026-06-28 15:19:22 DEBUG cic.cs.unb.ca.jnetpcap.PacketReader    null
********************************************************************************
0000:*33 33 00 00  00 fb 8c 88  2b 40 07 be* 86 dd 60 0a    33......+@....`.
0010: 8e 35 00 24  11 01 fe 80  00 00 00 00  00 00 67 bd    .5.$..........g.
0020: 69 35 c9 5b  bf cb ff 02  00 00 00 00  00 00 00 00    i5.[............
0030: 00 00 00 00  00 fb 14 e9  14 e9 00 24  68 6e 00 00    ...........$hn..
0040: 00 00 00 01  00 00 00 00  00 00 04 77  70 61 64 05    ...........wpad.
0050: 6c 6f 63 61  6c 00 00 1c  00 01*                      local.....      


2026-06-28 15:19:22 DEBUG cic.cs.unb.ca.jnetpcap.PacketReader    null
********************************************************************************
0000:*33 33 00 00  00 fb e4 5f  01 96 47 65* 86 dd 60 08    33....._..Ge..`.
0010: 6f c5 00 35  11 ff fe 80  00 00 00 00  00 00 f8 d0    o..5............
0020: 36 ba 92 4b  e0 c2 ff 02  00 00 00 00  00 00 00 00    6..K............
0030: 00 00 00 00  00 fb 14 e9  14 e9 00 35  33 1f 00 00    ...........53..
0040: 00 00 00 02  00 00 00 00  00 00 05 5f  69 70 70 73    ..........._ipps
0050: 04 5f 74 63  70 05 6c 6f  63 61 6c 00  00 0c 00 01    ._tcp.local.....
0060: 04 5f 69 70  70 c0 12 00  0c 00 01*                   ._ipp......     


2026-06-28 15:19:22 DEBUG cic.cs.unb.ca.jnetpcap.PacketReader    Invalid [0,48,48) range.
JMemory: JMemory@18967207058class org.jnetpcap.protocol.network.Ip4: size=20 bytes
JMemory: owner=nio.JMemoryPool$Block.class(size=32768/offset=27640)
********************************************************************************
0000:*dc a6 32 f8  6a 3c e4 5f  01 96 47 65  08 06 00 01    ..2.j<._..Ge....
0010: 08 00 06 04  00 01 e4 5f  01 96 47 65  c0 a8 00 65    ......._..Ge...e
0020: 00 00 00 00  00 00 c0 a8  00 03                       ..........      


2026-06-28 15:19:22 DEBUG cic.cs.unb.ca.jnetpcap.PacketReader    null
********************************************************************************
0000:*e4 5f 01 96  47 65 dc a6  32 f8 6a 3c  08 06 00 01*   ._..Ge..2.j<....
0010: 08 00 06 04  00 02 dc a6  32 f8 6a 3c  c0 a8 00 03    ........2.j<....
0020: e4 5f 01 96  47 65 c0 a8  00 65*                      ._..Ge...e      


2026-06-28 15:19:22 DEBUG cic.cs.unb.ca.jnetpcap.PacketReader    Invalid [0,48,48) range.
JMemory: JMemory@1896704e14aclass org.jnetpcap.protocol.network.Ip4: size=20 bytes
JMemory: owner=nio.JMemoryPool$Block.class(size=32768/offset=24666)
********************************************************************************
0000:*dc a6 32 f8  6a 3c e4 5f  01 96 47 65  08 06 00 01    ..2.j<._..Ge....
0010: 08 00 06 04  00 01 e4 5f  01 96 47 65  c0 a8 00 65    ......._..Ge...e
0020: 00 00 00 00  00 00 c0 a8  00 03                       ..........      


2026-06-28 15:19:22 DEBUG cic.cs.unb.ca.jnetpcap.PacketReader    null
********************************************************************************
0000:*e4 5f 01 96  47 65 dc a6  32 f8 6a 3c  08 06 00 01*   ._..Ge..2.j<....
0010: 08 00 06 04  00 02 dc a6  32 f8 6a 3c  c0 a8 00 03    ........2.j<....
0020: e4 5f 01 96  47 65 c0 a8  00 65*                      ._..Ge...e      


2026-06-28 15:19:22 DEBUG cic.cs.unb.ca.jnetpcap.PacketReader    null
********************************************************************************
0000:*e4 5f 01 96  47 65 dc a6  32 f8 6a 3c  08 06 00 01*   ._..Ge..2.j<....
0010: 08 00 06 04  00 01 dc a6  32 f8 6a 3c  c0 a8 00 03    ........2.j<....
0020: 00 00 00 00  00 00 c0 a8  00 65*                      .........e      


2026-06-28 15:19:22 DEBUG cic.cs.unb.ca.jnetpcap.PacketReader    Invalid [0,48,48) range.
JMemory: JMemory@1896704ef94class org.jnetpcap.protocol.network.Ip4: size=16 bytes
JMemory: owner=nio.JMemoryPool$Block.class(size=32768/offset=28324)
********************************************************************************
0000:*dc a6 32 f8  6a 3c e4 5f  01 96 47 65  08 06 00 01    ..2.j<._..Ge....
0010: 08 00 06 04  00 02 e4 5f  01 96 47 65  c0 a8 00 65    ......._..Ge...e
0020: dc a6 32 f8  6a 3c c0 a8  00 03                       ..2.j<....      


2026-06-28 15:19:22 DEBUG cic.cs.unb.ca.jnetpcap.PacketReader    Invalid [0,48,48) range.
JMemory: JMemory@18967058ff8class org.jnetpcap.protocol.network.Ip4: size=42 bytes
JMemory: owner=nio.JMemoryPool$Block.class(size=32768/offset=3816)
********************************************************************************
0000:*dc a6 32 f8  6a 3c e4 5f  01 96 47 65  08 06 00 01    ..2.j<._..Ge....
0010: 08 00 06 04  00 02 e4 5f  01 96 47 65  c0 a8 00 65    ......._..Ge...e
0020: dc a6 32 f8  6a 3c c0 a8  00 03                       ..2.j<....      


2026-06-28 15:19:22 DEBUG cic.cs.unb.ca.jnetpcap.PacketReader    null
********************************************************************************
0000:*33 33 00 00  00 01 72 5d  cc cd 13 20* 86 dd 60 00    33....r]... ..`.
0010: 00 00 00 24  00 01 fe 80  00 00 00 00  00 00 70 5d    ...$..........p]
0020: cc ff fe cd  13 20 ff 02  00 00 00 00  00 00 00 00    ..... ..........
0030: 00 00 00 00  00 01 3a 00  05 02 00 00  01 00 82 00    ......:.........
0040: 2c f1 03 e8  00 00 00 00  00 00 00 00  00 00 00 00    ,...............
0050: 00 00 00 00  00 00 00 00  00 00*                      ..........      


2026-06-28 15:19:22 DEBUG cic.cs.unb.ca.jnetpcap.PacketReader    null
********************************************************************************
0000:*33 33 00 00  00 16 e4 5f  01 96 47 65* 86 dd 60 00    33....._..Ge..`.
0010: 00 00 00 38  00 01 fe 80  00 00 00 00  00 00 f8 d0    ...8............
0020: 36 ba 92 4b  e0 c2 ff 02  00 00 00 00  00 00 00 00    6..K............
0030: 00 00 00 00  00 16 3a 00  05 02 00 00  01 00 8f 00    ......:.........
0040: ed 4e 00 00  00 02 02 00  00 00 ff 02  00 00 00 00    .N..............
0050: 00 00 00 00  00 01 ff 4b  e0 c2 02 00  00 00 ff 02    .......K........
0060: 00 00 00 00  00 00 00 00  00 00 00 00  00 fb*         ..............  


2026-06-28 15:19:22 DEBUG cic.cs.unb.ca.jnetpcap.PacketReader    Invalid [0,48,48) range.
JMemory: JMemory@1896707d612class org.jnetpcap.protocol.network.Ip4: size=20 bytes
JMemory: owner=nio.JMemoryPool$Block.class(size=32768/offset=21698)
********************************************************************************
0000:*dc a6 32 f8  6a 3c e4 5f  01 96 47 65  08 06 00 01    ..2.j<._..Ge....
0010: 08 00 06 04  00 01 e4 5f  01 96 47 65  c0 a8 00 65    ......._..Ge...e
0020: 00 00 00 00  00 00 c0 a8  00 03                       ..........      


2026-06-28 15:19:22 DEBUG cic.cs.unb.ca.jnetpcap.PacketReader    null
********************************************************************************
0000:*e4 5f 01 96  47 65 dc a6  32 f8 6a 3c  08 06 00 01*   ._..Ge..2.j<....
0010: 08 00 06 04  00 02 dc a6  32 f8 6a 3c  c0 a8 00 03    ........2.j<....
0020: e4 5f 01 96  47 65 c0 a8  00 65*                      ._..Ge...e      


2026-06-28 15:19:22 DEBUG cic.cs.unb.ca.jnetpcap.PacketReader    null
********************************************************************************
0000:*e4 5f 01 96  47 65 dc a6  32 f8 6a 3c  08 06 00 01*   ._..Ge..2.j<....
0010: 08 00 06 04  00 01 dc a6  32 f8 6a 3c  c0 a8 00 03    ........2.j<....
0020: 00 00 00 00  00 00 c0 a8  00 65*                      .........e      


2026-06-28 15:19:22 DEBUG cic.cs.unb.ca.jnetpcap.PacketReader    Invalid [0,48,48) range.
JMemory: JMemory@189670a61d0class org.jnetpcap.protocol.network.Ip4: size=16 bytes
JMemory: owner=nio.JMemoryPool$Block.class(size=32768/offset=24624)
********************************************************************************
0000:*dc a6 32 f8  6a 3c e4 5f  01 96 47 65  08 06 00 01    ..2.j<._..Ge....
0010: 08 00 06 04  00 02 e4 5f  01 96 47 65  c0 a8 00 65    ......._..Ge...e
0020: dc a6 32 f8  6a 3c c0 a8  00 03                       ..2.j<....      


2026-06-28 15:19:22 DEBUG cic.cs.unb.ca.jnetpcap.PacketReader    Invalid [0,48,48) range.
JMemory: JMemory@189670ae0aaclass org.jnetpcap.protocol.network.Ip4: size=20 bytes
JMemory: owner=nio.JMemoryPool$Block.class(size=32768/offset=24314)
********************************************************************************
0000:*dc a6 32 f8  6a 3c e4 5f  01 96 47 65  08 06 00 01    ..2.j<._..Ge....
0010: 08 00 06 04  00 01 e4 5f  01 96 47 65  c0 a8 00 65    ......._..Ge...e
0020: 00 00 00 00  00 00 c0 a8  00 03                       ..........      


2026-06-28 15:19:22 DEBUG cic.cs.unb.ca.jnetpcap.PacketReader    null
********************************************************************************
0000:*e4 5f 01 96  47 65 dc a6  32 f8 6a 3c  08 06 00 01*   ._..Ge..2.j<....
0010: 08 00 06 04  00 02 dc a6  32 f8 6a 3c  c0 a8 00 03    ........2.j<....
0020: e4 5f 01 96  47 65 c0 a8  00 65*                      ._..Ge...e      


2026-06-28 15:19:22 DEBUG cic.cs.unb.ca.jnetpcap.PacketReader    Invalid [0,48,48) range.
JMemory: JMemory@189670dcd6aclass org.jnetpcap.protocol.network.Ip4: size=20 bytes
JMemory: owner=nio.JMemoryPool$Block.class(size=32768/offset=19290)
********************************************************************************
0000:*dc a6 32 f8  6a 3c e4 5f  01 96 47 65  08 06 00 01    ..2.j<._..Ge....
0010: 08 00 06 04  00 01 e4 5f  01 96 47 65  c0 a8 00 65    ......._..Ge...e
0020: 00 00 00 00  00 00 c0 a8  00 03                       ..........      


2026-06-28 15:19:22 DEBUG cic.cs.unb.ca.jnetpcap.PacketReader    null
********************************************************************************
0000:*e4 5f 01 96  47 65 dc a6  32 f8 6a 3c  08 06 00 01*   ._..Ge..2.j<....
0010: 08 00 06 04  00 02 dc a6  32 f8 6a 3c  c0 a8 00 03    ........2.j<....
0020: e4 5f 01 96  47 65 c0 a8  00 65*                      ._..Ge...e      


2026-06-28 15:19:22 DEBUG cic.cs.unb.ca.jnetpcap.PacketReader    null
********************************************************************************
0000:*33 33 00 00  00 01 72 5d  cc cd 13 20* 86 dd 60 00    33....r]... ..`.
0010: 00 00 00 24  00 01 fe 80  00 00 00 00  00 00 70 5d    ...$..........p]
0020: cc ff fe cd  13 20 ff 02  00 00 00 00  00 00 00 00    ..... ..........
0030: 00 00 00 00  00 01 3a 00  05 02 00 00  01 00 82 00    ......:.........
0040: 2c f1 03 e8  00 00 00 00  00 00 00 00  00 00 00 00    ,...............
0050: 00 00 00 00  00 00 00 00  00 00*                      ..........      


2026-06-28 15:19:22 DEBUG cic.cs.unb.ca.jnetpcap.PacketReader    null
********************************************************************************
0000:*33 33 00 00  00 16 e4 5f  01 96 47 65* 86 dd 60 00    33....._..Ge..`.
0010: 00 00 00 38  00 01 fe 80  00 00 00 00  00 00 f8 d0    ...8............
0020: 36 ba 92 4b  e0 c2 ff 02  00 00 00 00  00 00 00 00    6..K............
0030: 00 00 00 00  00 16 3a 00  05 02 00 00  01 00 8f 00    ......:.........
0040: ed 4e 00 00  00 02 02 00  00 00 ff 02  00 00 00 00    .N..............
0050: 00 00 00 00  00 01 ff 4b  e0 c2 02 00  00 00 ff 02    .......K........
0060: 00 00 00 00  00 00 00 00  00 00 00 00  00 fb*         ..............  


2026-06-28 15:19:22 DEBUG cic.cs.unb.ca.jnetpcap.PacketReader    null
********************************************************************************
0000:*e4 5f 01 96  47 65 dc a6  32 f8 6a 3c  08 06 00 01*   ._..Ge..2.j<....
0010: 08 00 06 04  00 01 dc a6  32 f8 6a 3c  c0 a8 00 03    ........2.j<....
0020: 00 00 00 00  00 00 c0 a8  00 65*                      .........e      


2026-06-28 15:19:22 DEBUG cic.cs.unb.ca.jnetpcap.PacketReader    Invalid [0,48,48) range.
JMemory: JMemory@189670f3bf8class org.jnetpcap.protocol.network.Ip4: size=16 bytes
JMemory: owner=nio.JMemoryPool$Block.class(size=32768/offset=14776)
********************************************************************************
0000:*dc a6 32 f8  6a 3c e4 5f  01 96 47 65  08 06 00 01    ..2.j<._..Ge....
0010: 08 00 06 04  00 02 e4 5f  01 96 47 65  c0 a8 00 65    ......._..Ge...e
0020: dc a6 32 f8  6a 3c c0 a8  00 03                       ..2.j<....      


2026-06-28 15:19:22 DEBUG cic.cs.unb.ca.jnetpcap.PacketReader    Invalid [0,48,48) range.
JMemory: JMemory@1896710dae6class org.jnetpcap.protocol.network.Ip4: size=20 bytes
JMemory: owner=nio.JMemoryPool$Block.class(size=32768/offset=22646)
********************************************************************************
0000:*dc a6 32 f8  6a 3c e4 5f  01 96 47 65  08 06 00 01    ..2.j<._..Ge....
0010: 08 00 06 04  00 01 e4 5f  01 96 47 65  c0 a8 00 65    ......._..Ge...e
0020: 00 00 00 00  00 00 c0 a8  00 03                       ..........      


2026-06-28 15:19:22 DEBUG cic.cs.unb.ca.jnetpcap.PacketReader    null
********************************************************************************
0000:*e4 5f 01 96  47 65 dc a6  32 f8 6a 3c  08 06 00 01*   ._..Ge..2.j<....
0010: 08 00 06 04  00 02 dc a6  32 f8 6a 3c  c0 a8 00 03    ........2.j<....
0020: e4 5f 01 96  47 65 c0 a8  00 65*                      ._..Ge...e      


2026-06-28 15:19:22 DEBUG cic.cs.unb.ca.jnetpcap.PacketReader    Invalid [0,48,48) range.
JMemory: JMemory@1896713debeclass org.jnetpcap.protocol.network.Ip4: size=20 bytes
JMemory: owner=nio.JMemoryPool$Block.class(size=32768/offset=23534)
********************************************************************************
0000:*dc a6 32 f8  6a 3c e4 5f  01 96 47 65  08 06 00 01    ..2.j<._..Ge....
0010: 08 00 06 04  00 01 e4 5f  01 96 47 65  c0 a8 00 65    ......._..Ge...e
0020: 00 00 00 00  00 00 c0 a8  00 03                       ..........      


2026-06-28 15:19:22 DEBUG cic.cs.unb.ca.jnetpcap.PacketReader    null
********************************************************************************
0000:*e4 5f 01 96  47 65 dc a6  32 f8 6a 3c  08 06 00 01*   ._..Ge..2.j<....
0010: 08 00 06 04  00 02 dc a6  32 f8 6a 3c  c0 a8 00 03    ........2.j<....
0020: e4 5f 01 96  47 65 c0 a8  00 65*                      ._..Ge...e      


2026-06-28 15:19:22 DEBUG cic.cs.unb.ca.jnetpcap.PacketReader    null
********************************************************************************
0000:*e4 5f 01 96  47 65 dc a6  32 f8 6a 3c  08 06 00 01*   ._..Ge..2.j<....
0010: 08 00 06 04  00 01 dc a6  32 f8 6a 3c  c0 a8 00 03    ........2.j<....
0020: 00 00 00 00  00 00 c0 a8  00 65*                      .........e      


2026-06-28 15:19:22 DEBUG cic.cs.unb.ca.jnetpcap.PacketReader    Invalid [0,48,48) range.
JMemory: JMemory@189671409e4class org.jnetpcap.protocol.network.Ip4: size=16 bytes
JMemory: owner=nio.JMemoryPool$Block.class(size=32768/offset=1796)
********************************************************************************
0000:*dc a6 32 f8  6a 3c e4 5f  01 96 47 65  08 06 00 01    ..2.j<._..Ge....
0010: 08 00 06 04  00 02 e4 5f  01 96 47 65  c0 a8 00 65    ......._..Ge...e
0020: dc a6 32 f8  6a 3c c0 a8  00 03                       ..2.j<....      


2026-06-28 15:19:22 DEBUG cic.cs.unb.ca.jnetpcap.PacketReader    Invalid [0,48,48) range.
JMemory: JMemory@1896714a038class org.jnetpcap.protocol.network.Ip4: size=42 bytes
JMemory: owner=nio.JMemoryPool$Block.class(size=32768/offset=7496)
********************************************************************************
0000:*dc a6 32 f8  6a 3c e4 5f  01 96 47 65  08 06 00 01    ..2.j<._..Ge....
0010: 08 00 06 04  00 02 e4 5f  01 96 47 65  c0 a8 00 65    ......._..Ge...e
0020: dc a6 32 f8  6a 3c c0 a8  00 03                       ..2.j<....      


2026-06-28 15:19:22 DEBUG cic.cs.unb.ca.jnetpcap.PacketReader    null
********************************************************************************
0000:*33 33 00 00  00 01 72 5d  cc cd 13 20* 86 dd 60 00    33....r]... ..`.
0010: 00 00 00 24  00 01 fe 80  00 00 00 00  00 00 70 5d    ...$..........p]
0020: cc ff fe cd  13 20 ff 02  00 00 00 00  00 00 00 00    ..... ..........
0030: 00 00 00 00  00 01 3a 00  05 02 00 00  01 00 82 00    ......:.........
0040: 2c f1 03 e8  00 00 00 00  00 00 00 00  00 00 00 00    ,...............
0050: 00 00 00 00  00 00 00 00  00 00*                      ..........      


2026-06-28 15:19:22 DEBUG cic.cs.unb.ca.jnetpcap.PacketReader    null
********************************************************************************
0000:*33 33 00 00  00 16 e4 5f  01 96 47 65* 86 dd 60 00    33....._..Ge..`.
0010: 00 00 00 38  00 01 fe 80  00 00 00 00  00 00 f8 d0    ...8............
0020: 36 ba 92 4b  e0 c2 ff 02  00 00 00 00  00 00 00 00    6..K............
0030: 00 00 00 00  00 16 3a 00  05 02 00 00  01 00 8f 00    ......:.........
0040: ed 4e 00 00  00 02 02 00  00 00 ff 02  00 00 00 00    .N..............
0050: 00 00 00 00  00 01 ff 4b  e0 c2 02 00  00 00 ff 02    .......K........
0060: 00 00 00 00  00 00 00 00  00 00 00 00  00 fb*         ..............  


2026-06-28 15:19:22 DEBUG cic.cs.unb.ca.jnetpcap.PacketReader    Invalid [0,48,48) range.
JMemory: JMemory@1896722cf8eclass org.jnetpcap.protocol.network.Ip4: size=20 bytes
JMemory: owner=nio.JMemoryPool$Block.class(size=32768/offset=20190)
********************************************************************************
0000:*dc a6 32 f8  6a 3c e4 5f  01 96 47 65  08 06 00 01    ..2.j<._..Ge....
0010: 08 00 06 04  00 01 e4 5f  01 96 47 65  c0 a8 00 65    ......._..Ge...e
0020: 00 00 00 00  00 00 c0 a8  00 03                       ..........      


2026-06-28 15:19:22 DEBUG cic.cs.unb.ca.jnetpcap.PacketReader    null
********************************************************************************
0000:*e4 5f 01 96  47 65 dc a6  32 f8 6a 3c  08 06 00 01*   ._..Ge..2.j<....
0010: 08 00 06 04  00 02 dc a6  32 f8 6a 3c  c0 a8 00 03    ........2.j<....
0020: e4 5f 01 96  47 65 c0 a8  00 65*                      ._..Ge...e      


2026-06-28 15:19:23 DEBUG cic.cs.unb.ca.jnetpcap.PacketReader    null
********************************************************************************
0000:*e4 5f 01 96  47 65 dc a6  32 f8 6a 3c  08 06 00 01*   ._..Ge..2.j<....
0010: 08 00 06 04  00 01 dc a6  32 f8 6a 3c  c0 a8 00 03    ........2.j<....
0020: 00 00 00 00  00 00 c0 a8  00 65*                      .........e      


2026-06-28 15:19:23 DEBUG cic.cs.unb.ca.jnetpcap.PacketReader    Invalid [0,48,48) range.
JMemory: JMemory@1896724dd20class org.jnetpcap.protocol.network.Ip4: size=16 bytes
JMemory: owner=nio.JMemoryPool$Block.class(size=32768/offset=23600)
********************************************************************************
0000:*dc a6 32 f8  6a 3c e4 5f  01 96 47 65  08 06 00 01    ..2.j<._..Ge....
0010: 08 00 06 04  00 02 e4 5f  01 96 47 65  c0 a8 00 65    ......._..Ge...e
0020: dc a6 32 f8  6a 3c c0 a8  00 03                       ..2.j<....      


2026-06-28 15:19:23 DEBUG cic.cs.unb.ca.jnetpcap.PacketReader    Invalid [0,48,48) range.
JMemory: JMemory@1896725de5aclass org.jnetpcap.protocol.network.Ip4: size=20 bytes
JMemory: owner=nio.JMemoryPool$Block.class(size=32768/offset=23882)
********************************************************************************
0000:*dc a6 32 f8  6a 3c e4 5f  01 96 47 65  08 06 00 01    ..2.j<._..Ge....
0010: 08 00 06 04  00 01 e4 5f  01 96 47 65  c0 a8 00 65    ......._..Ge...e
0020: 00 00 00 00  00 00 c0 a8  00 03                       ..........      


2026-06-28 15:19:23 DEBUG cic.cs.unb.ca.jnetpcap.PacketReader    null
********************************************************************************
0000:*e4 5f 01 96  47 65 dc a6  32 f8 6a 3c  08 06 00 01*   ._..Ge..2.j<....
0010: 08 00 06 04  00 02 dc a6  32 f8 6a 3c  c0 a8 00 03    ........2.j<....
0020: e4 5f 01 96  47 65 c0 a8  00 65*                      ._..Ge...e      


2026-06-28 15:19:23 DEBUG cic.cs.unb.ca.jnetpcap.PacketReader    null
********************************************************************************
0000:*e4 5f 01 96  47 65 dc a6  32 f8 6a 3c  08 06 00 01*   ._..Ge..2.j<....
0010: 08 00 06 04  00 01 dc a6  32 f8 6a 3c  c0 a8 00 03    ........2.j<....
0020: 00 00 00 00  00 00 c0 a8  00 65*                      .........e      


2026-06-28 15:19:23 DEBUG cic.cs.unb.ca.jnetpcap.PacketReader    Invalid [0,48,48) range.
JMemory: JMemory@189672769bcclass org.jnetpcap.protocol.network.Ip4: size=16 bytes
JMemory: owner=nio.JMemoryPool$Block.class(size=32768/offset=26748)
********************************************************************************
0000:*dc a6 32 f8  6a 3c e4 5f  01 96 47 65  08 06 00 01    ..2.j<._..Ge....
0010: 08 00 06 04  00 02 e4 5f  01 96 47 65  c0 a8 00 65    ......._..Ge...e
0020: dc a6 32 f8  6a 3c c0 a8  00 03                       ..2.j<....      


2026-06-28 15:19:23 DEBUG cic.cs.unb.ca.jnetpcap.PacketReader    Invalid [0,48,48) range.
JMemory: JMemory@1896728b30eclass org.jnetpcap.protocol.network.Ip4: size=20 bytes
JMemory: owner=nio.JMemoryPool$Block.class(size=32768/offset=12702)
********************************************************************************
0000:*dc a6 32 f8  6a 3c e4 5f  01 96 47 65  08 06 00 01    ..2.j<._..Ge....
0010: 08 00 06 04  00 01 e4 5f  01 96 47 65  c0 a8 00 65    ......._..Ge...e
0020: 00 00 00 00  00 00 c0 a8  00 03                       ..........      


2026-06-28 15:19:23 DEBUG cic.cs.unb.ca.jnetpcap.PacketReader    null
********************************************************************************
0000:*e4 5f 01 96  47 65 dc a6  32 f8 6a 3c  08 06 00 01*   ._..Ge..2.j<....
0010: 08 00 06 04  00 02 dc a6  32 f8 6a 3c  c0 a8 00 03    ........2.j<....
0020: e4 5f 01 96  47 65 c0 a8  00 65*                      ._..Ge...e      


2026-06-28 15:19:23 DEBUG cic.cs.unb.ca.jnetpcap.PacketReader    null
********************************************************************************
0000:*33 33 00 00  00 01 72 5d  cc cd 13 20* 86 dd 60 00    33....r]... ..`.
0010: 00 00 00 24  00 01 fe 80  00 00 00 00  00 00 70 5d    ...$..........p]
0020: cc ff fe cd  13 20 ff 02  00 00 00 00  00 00 00 00    ..... ..........
0030: 00 00 00 00  00 01 3a 00  05 02 00 00  01 00 82 00    ......:.........
0040: 2c f1 03 e8  00 00 00 00  00 00 00 00  00 00 00 00    ,...............
0050: 00 00 00 00  00 00 00 00  00 00*                      ..........      


2026-06-28 15:19:23 DEBUG cic.cs.unb.ca.jnetpcap.PacketReader    null
********************************************************************************
0000:*33 33 00 00  00 16 e4 5f  01 96 47 65* 86 dd 60 00    33....._..Ge..`.
0010: 00 00 00 38  00 01 fe 80  00 00 00 00  00 00 f8 d0    ...8............
0020: 36 ba 92 4b  e0 c2 ff 02  00 00 00 00  00 00 00 00    6..K............
0030: 00 00 00 00  00 16 3a 00  05 02 00 00  01 00 8f 00    ......:.........
0040: ed 4e 00 00  00 02 02 00  00 00 ff 02  00 00 00 00    .N..............
0050: 00 00 00 00  00 01 ff 4b  e0 c2 02 00  00 00 ff 02    .......K........
0060: 00 00 00 00  00 00 00 00  00 00 00 00  00 fb*         ..............  


2026-06-28 15:19:23 DEBUG cic.cs.unb.ca.jnetpcap.PacketReader    null
********************************************************************************
0000:*e4 5f 01 96  47 65 dc a6  32 f8 6a 3c  08 06 00 01*   ._..Ge..2.j<....
0010: 08 00 06 04  00 01 dc a6  32 f8 6a 3c  c0 a8 00 03    ........2.j<....
0020: 00 00 00 00  00 00 c0 a8  00 65*                      .........e      


2026-06-28 15:19:23 DEBUG cic.cs.unb.ca.jnetpcap.PacketReader    Invalid [0,48,48) range.
JMemory: JMemory@1896729bd7cclass org.jnetpcap.protocol.network.Ip4: size=16 bytes
JMemory: owner=nio.JMemoryPool$Block.class(size=32768/offset=15340)
********************************************************************************
0000:*dc a6 32 f8  6a 3c e4 5f  01 96 47 65  08 06 00 01    ..2.j<._..Ge....
0010: 08 00 06 04  00 02 e4 5f  01 96 47 65  c0 a8 00 65    ......._..Ge...e
0020: dc a6 32 f8  6a 3c c0 a8  00 03                       ..2.j<....      


2026-06-28 15:19:23 DEBUG cic.cs.unb.ca.jnetpcap.PacketReader    Read All packets on C:\Users\Lenovo\Desktop\hybrid_ids_final_ir_integration\uploads\web_attack(bruteforce).pcap
2026-06-28 17:40:03 DEBUG cic.cs.unb.ca.jnetpcap.worker.ReadPcapFileWorker    Working on... C:\Users\Lenovo\Desktop\hybrid_ids_final_ir_integration\uploads\portscan.pcap
2026-06-28 17:40:03 DEBUG cic.cs.unb.ca.jnetpcap.PacketReader    Read All packets on C:\Users\Lenovo\Desktop\hybrid_ids_final_ir_integration\uploads\portscan.pcap
2026-06-28 17:40:20 DEBUG cic.cs.unb.ca.jnetpcap.worker.ReadPcapFileWorker    Working on... C:\Users\Lenovo\Desktop\hybrid_ids_final_ir_integration\uploads\half_open_test.pcap
2026-06-28 17:40:20 DEBUG cic.cs.unb.ca.jnetpcap.PacketReader    Read All packets on C:\Users\Lenovo\Desktop\hybrid_ids_final_ir_integration\uploads\half_open_test.pcap
2026-06-28 17:40:35 DEBUG cic.cs.unb.ca.jnetpcap.worker.ReadPcapFileWorker    Working on... C:\Users\Lenovo\Desktop\hybrid_ids_final_ir_integration\uploads\web_attack(bruteforce).pcap
2026-06-28 17:40:35 DEBUG cic.cs.unb.ca.jnetpcap.PacketReader    Invalid [0,48,48) range.
JMemory: JMemory@269e20eda86class org.jnetpcap.protocol.network.Ip4: size=20 bytes
JMemory: owner=nio.JMemoryPool$Block.class(size=32768/offset=32086)
********************************************************************************
0000:*dc a6 32 f8  6a 3c e4 5f  01 96 47 65  08 06 00 01    ..2.j<._..Ge....
0010: 08 00 06 04  00 01 e4 5f  01 96 47 65  c0 a8 00 65    ......._..Ge...e
0020: 00 00 00 00  00 00 c0 a8  00 03                       ..........      


2026-06-28 17:40:35 DEBUG cic.cs.unb.ca.jnetpcap.PacketReader    null
********************************************************************************
0000:*e4 5f 01 96  47 65 dc a6  32 f8 6a 3c  08 06 00 01*   ._..Ge..2.j<....
0010: 08 00 06 04  00 02 dc a6  32 f8 6a 3c  c0 a8 00 03    ........2.j<....
0020: e4 5f 01 96  47 65 c0 a8  00 65*                      ._..Ge...e      


2026-06-28 17:40:35 DEBUG cic.cs.unb.ca.jnetpcap.PacketReader    null
********************************************************************************
0000:*33 33 00 00  00 01 72 5d  cc cd 13 20* 86 dd 60 00    33....r]... ..`.
0010: 00 00 00 24  00 01 fe 80  00 00 00 00  00 00 70 5d    ...$..........p]
0020: cc ff fe cd  13 20 ff 02  00 00 00 00  00 00 00 00    ..... ..........
0030: 00 00 00 00  00 01 3a 00  05 02 00 00  01 00 82 00    ......:.........
0040: 2c f1 03 e8  00 00 00 00  00 00 00 00  00 00 00 00    ,...............
0050: 00 00 00 00  00 00 00 00  00 00*                      ..........      


2026-06-28 17:40:35 DEBUG cic.cs.unb.ca.jnetpcap.PacketReader    null
********************************************************************************
0000:*33 33 00 00  00 16 e4 5f  01 96 47 65* 86 dd 60 00    33....._..Ge..`.
0010: 00 00 00 38  00 01 fe 80  00 00 00 00  00 00 f8 d0    ...8............
0020: 36 ba 92 4b  e0 c2 ff 02  00 00 00 00  00 00 00 00    6..K............
0030: 00 00 00 00  00 16 3a 00  05 02 00 00  01 00 8f 00    ......:.........
0040: ed 4e 00 00  00 02 02 00  00 00 ff 02  00 00 00 00    .N..............
0050: 00 00 00 00  00 01 ff 4b  e0 c2 02 00  00 00 ff 02    .......K........
0060: 00 00 00 00  00 00 00 00  00 00 00 00  00 fb*         ..............  


2026-06-28 17:40:35 DEBUG cic.cs.unb.ca.jnetpcap.PacketReader    null
********************************************************************************
0000:*e4 5f 01 96  47 65 dc a6  32 f8 6a 3c  08 06 00 01*   ._..Ge..2.j<....
0010: 08 00 06 04  00 01 dc a6  32 f8 6a 3c  c0 a8 00 03    ........2.j<....
0020: 00 00 00 00  00 00 c0 a8  00 65*                      .........e      


2026-06-28 17:40:35 DEBUG cic.cs.unb.ca.jnetpcap.PacketReader    Invalid [0,48,48) range.
JMemory: JMemory@269e24165ecclass org.jnetpcap.protocol.network.Ip4: size=16 bytes
JMemory: owner=nio.JMemoryPool$Block.class(size=32768/offset=25964)
********************************************************************************
0000:*dc a6 32 f8  6a 3c e4 5f  01 96 47 65  08 06 00 01    ..2.j<._..Ge....
0010: 08 00 06 04  00 02 e4 5f  01 96 47 65  c0 a8 00 65    ......._..Ge...e
0020: dc a6 32 f8  6a 3c c0 a8  00 03                       ..2.j<....      


2026-06-28 17:40:35 DEBUG cic.cs.unb.ca.jnetpcap.PacketReader    Invalid [0,48,48) range.
JMemory: JMemory@269e242894eclass org.jnetpcap.protocol.network.Ip4: size=20 bytes
JMemory: owner=nio.JMemoryPool$Block.class(size=32768/offset=2206)
********************************************************************************
0000:*dc a6 32 f8  6a 3c e4 5f  01 96 47 65  08 06 00 01    ..2.j<._..Ge....
0010: 08 00 06 04  00 01 e4 5f  01 96 47 65  c0 a8 00 65    ......._..Ge...e
0020: 00 00 00 00  00 00 c0 a8  00 03                       ..........      


2026-06-28 17:40:35 DEBUG cic.cs.unb.ca.jnetpcap.PacketReader    null
********************************************************************************
0000:*e4 5f 01 96  47 65 dc a6  32 f8 6a 3c  08 06 00 01*   ._..Ge..2.j<....
0010: 08 00 06 04  00 02 dc a6  32 f8 6a 3c  c0 a8 00 03    ........2.j<....
0020: e4 5f 01 96  47 65 c0 a8  00 65*                      ._..Ge...e      


2026-06-28 17:40:35 DEBUG cic.cs.unb.ca.jnetpcap.PacketReader    Invalid [0,48,48) range.
JMemory: JMemory@269e2456e0aclass org.jnetpcap.protocol.network.Ip4: size=20 bytes
JMemory: owner=nio.JMemoryPool$Block.class(size=32768/offset=27914)
********************************************************************************
0000:*dc a6 32 f8  6a 3c e4 5f  01 96 47 65  08 06 00 01    ..2.j<._..Ge....
0010: 08 00 06 04  00 01 e4 5f  01 96 47 65  c0 a8 00 65    ......._..Ge...e
0020: 00 00 00 00  00 00 c0 a8  00 03                       ..........      


2026-06-28 17:40:35 DEBUG cic.cs.unb.ca.jnetpcap.PacketReader    null
********************************************************************************
0000:*e4 5f 01 96  47 65 dc a6  32 f8 6a 3c  08 06 00 01*   ._..Ge..2.j<....
0010: 08 00 06 04  00 02 dc a6  32 f8 6a 3c  c0 a8 00 03    ........2.j<....
0020: e4 5f 01 96  47 65 c0 a8  00 65*                      ._..Ge...e      


2026-06-28 17:40:35 DEBUG cic.cs.unb.ca.jnetpcap.PacketReader    null
********************************************************************************
0000:*e4 5f 01 96  47 65 dc a6  32 f8 6a 3c  08 06 00 01*   ._..Ge..2.j<....
0010: 08 00 06 04  00 01 dc a6  32 f8 6a 3c  c0 a8 00 03    ........2.j<....
0020: 00 00 00 00  00 00 c0 a8  00 65*                      .........e      


2026-06-28 17:40:35 DEBUG cic.cs.unb.ca.jnetpcap.PacketReader    Invalid [0,48,48) range.
JMemory: JMemory@269e2462938class org.jnetpcap.protocol.network.Ip4: size=16 bytes
JMemory: owner=nio.JMemoryPool$Block.class(size=32768/offset=10264)
********************************************************************************
0000:*dc a6 32 f8  6a 3c e4 5f  01 96 47 65  08 06 00 01    ..2.j<._..Ge....
0010: 08 00 06 04  00 02 e4 5f  01 96 47 65  c0 a8 00 65    ......._..Ge...e
0020: dc a6 32 f8  6a 3c c0 a8  00 03                       ..2.j<....      


2026-06-28 17:40:35 DEBUG cic.cs.unb.ca.jnetpcap.PacketReader    null
********************************************************************************
0000:*33 33 00 00  00 01 72 5d  cc cd 13 20* 86 dd 60 00    33....r]... ..`.
0010: 00 00 00 24  00 01 fe 80  00 00 00 00  00 00 70 5d    ...$..........p]
0020: cc ff fe cd  13 20 ff 02  00 00 00 00  00 00 00 00    ..... ..........
0030: 00 00 00 00  00 01 3a 00  05 02 00 00  01 00 82 00    ......:.........
0040: 2c f1 03 e8  00 00 00 00  00 00 00 00  00 00 00 00    ,...............
0050: 00 00 00 00  00 00 00 00  00 00*                      ..........      


2026-06-28 17:40:35 DEBUG cic.cs.unb.ca.jnetpcap.PacketReader    null
********************************************************************************
0000:*33 33 00 00  00 16 e4 5f  01 96 47 65* 86 dd 60 00    33....._..Ge..`.
0010: 00 00 00 38  00 01 fe 80  00 00 00 00  00 00 f8 d0    ...8............
0020: 36 ba 92 4b  e0 c2 ff 02  00 00 00 00  00 00 00 00    6..K............
0030: 00 00 00 00  00 16 3a 00  05 02 00 00  01 00 8f 00    ......:.........
0040: ed 4e 00 00  00 02 02 00  00 00 ff 02  00 00 00 00    .N..............
0050: 00 00 00 00  00 01 ff 4b  e0 c2 02 00  00 00 ff 02    .......K........
0060: 00 00 00 00  00 00 00 00  00 00 00 00  00 fb*         ..............  


2026-06-28 17:40:35 DEBUG cic.cs.unb.ca.jnetpcap.PacketReader    Invalid [0,48,48) range.
JMemory: JMemory@269e248818eclass org.jnetpcap.protocol.network.Ip4: size=20 bytes
JMemory: owner=nio.JMemoryPool$Block.class(size=32768/offset=30)
********************************************************************************
0000:*dc a6 32 f8  6a 3c e4 5f  01 96 47 65  08 06 00 01    ..2.j<._..Ge....
0010: 08 00 06 04  00 01 e4 5f  01 96 47 65  c0 a8 00 65    ......._..Ge...e
0020: 00 00 00 00  00 00 c0 a8  00 03                       ..........      


2026-06-28 17:40:35 DEBUG cic.cs.unb.ca.jnetpcap.PacketReader    null
********************************************************************************
0000:*e4 5f 01 96  47 65 dc a6  32 f8 6a 3c  08 06 00 01*   ._..Ge..2.j<....
0010: 08 00 06 04  00 02 dc a6  32 f8 6a 3c  c0 a8 00 03    ........2.j<....
0020: e4 5f 01 96  47 65 c0 a8  00 65*                      ._..Ge...e      


2026-06-28 17:40:35 DEBUG cic.cs.unb.ca.jnetpcap.PacketReader    null
********************************************************************************
0000:*e4 5f 01 96  47 65 dc a6  32 f8 6a 3c  08 06 00 01*   ._..Ge..2.j<....
0010: 08 00 06 04  00 01 dc a6  32 f8 6a 3c  c0 a8 00 03    ........2.j<....
0020: 00 00 00 00  00 00 c0 a8  00 65*                      .........e      


2026-06-28 17:40:35 DEBUG cic.cs.unb.ca.jnetpcap.PacketReader    Invalid [0,48,48) range.
JMemory: JMemory@269e24b35f4class org.jnetpcap.protocol.network.Ip4: size=16 bytes
JMemory: owner=nio.JMemoryPool$Block.class(size=32768/offset=13364)
********************************************************************************
0000:*dc a6 32 f8  6a 3c e4 5f  01 96 47 65  08 06 00 01    ..2.j<._..Ge....
0010: 08 00 06 04  00 02 e4 5f  01 96 47 65  c0 a8 00 65    ......._..Ge...e
0020: dc a6 32 f8  6a 3c c0 a8  00 03                       ..2.j<....      


2026-06-28 17:40:35 DEBUG cic.cs.unb.ca.jnetpcap.PacketReader    Invalid [0,48,48) range.
JMemory: JMemory@269e24b6842class org.jnetpcap.protocol.network.Ip4: size=20 bytes
JMemory: owner=nio.JMemoryPool$Block.class(size=32768/offset=26242)
********************************************************************************
0000:*dc a6 32 f8  6a 3c e4 5f  01 96 47 65  08 06 00 01    ..2.j<._..Ge....
0010: 08 00 06 04  00 01 e4 5f  01 96 47 65  c0 a8 00 65    ......._..Ge...e
0020: 00 00 00 00  00 00 c0 a8  00 03                       ..........      


2026-06-28 17:40:35 DEBUG cic.cs.unb.ca.jnetpcap.PacketReader    null
********************************************************************************
0000:*e4 5f 01 96  47 65 dc a6  32 f8 6a 3c  08 06 00 01*   ._..Ge..2.j<....
0010: 08 00 06 04  00 02 dc a6  32 f8 6a 3c  c0 a8 00 03    ........2.j<....
0020: e4 5f 01 96  47 65 c0 a8  00 65*                      ._..Ge...e      


2026-06-28 17:40:35 DEBUG cic.cs.unb.ca.jnetpcap.PacketReader    Invalid [0,48,48) range.
JMemory: JMemory@269e24b92a0class org.jnetpcap.protocol.network.Ip4: size=42 bytes
JMemory: owner=nio.JMemoryPool$Block.class(size=32768/offset=4304)
********************************************************************************
0000:*dc a6 32 f8  6a 3c e4 5f  01 96 47 65  08 06 00 01    ..2.j<._..Ge....
0010: 08 00 06 04  00 02 e4 5f  01 96 47 65  c0 a8 00 65    ......._..Ge...e
0020: dc a6 32 f8  6a 3c c0 a8  00 03                       ..2.j<....      


2026-06-28 17:40:35 DEBUG cic.cs.unb.ca.jnetpcap.PacketReader    null
********************************************************************************
0000:*33 33 00 00  00 01 72 5d  cc cd 13 20* 86 dd 60 00    33....r]... ..`.
0010: 00 00 00 24  00 01 fe 80  00 00 00 00  00 00 70 5d    ...$..........p]
0020: cc ff fe cd  13 20 ff 02  00 00 00 00  00 00 00 00    ..... ..........
0030: 00 00 00 00  00 01 3a 00  05 02 00 00  01 00 82 00    ......:.........
0040: 2c f1 03 e8  00 00 00 00  00 00 00 00  00 00 00 00    ,...............
0050: 00 00 00 00  00 00 00 00  00 00*                      ..........      


2026-06-28 17:40:35 DEBUG cic.cs.unb.ca.jnetpcap.PacketReader    null
********************************************************************************
0000:*33 33 00 00  00 16 e4 5f  01 96 47 65* 86 dd 60 00    33....._..Ge..`.
0010: 00 00 00 38  00 01 fe 80  00 00 00 00  00 00 f8 d0    ...8............
0020: 36 ba 92 4b  e0 c2 ff 02  00 00 00 00  00 00 00 00    6..K............
0030: 00 00 00 00  00 16 3a 00  05 02 00 00  01 00 8f 00    ......:.........
0040: ed 4e 00 00  00 02 02 00  00 00 ff 02  00 00 00 00    .N..............
0050: 00 00 00 00  00 01 ff 4b  e0 c2 02 00  00 00 ff 02    .......K........
0060: 00 00 00 00  00 00 00 00  00 00 00 00  00 fb*         ..............  


2026-06-28 17:40:35 DEBUG cic.cs.unb.ca.jnetpcap.PacketReader    Invalid [0,48,48) range.
JMemory: JMemory@269e24e6dfaclass org.jnetpcap.protocol.network.Ip4: size=20 bytes
JMemory: owner=nio.JMemoryPool$Block.class(size=32768/offset=27610)
********************************************************************************
0000:*dc a6 32 f8  6a 3c e4 5f  01 96 47 65  08 06 00 01    ..2.j<._..Ge....
0010: 08 00 06 04  00 01 e4 5f  01 96 47 65  c0 a8 00 65    ......._..Ge...e
0020: 00 00 00 00  00 00 c0 a8  00 03                       ..........      


2026-06-28 17:40:35 DEBUG cic.cs.unb.ca.jnetpcap.PacketReader    null
********************************************************************************
0000:*e4 5f 01 96  47 65 dc a6  32 f8 6a 3c  08 06 00 01*   ._..Ge..2.j<....
0010: 08 00 06 04  00 02 dc a6  32 f8 6a 3c  c0 a8 00 03    ........2.j<....
0020: e4 5f 01 96  47 65 c0 a8  00 65*                      ._..Ge...e      


2026-06-28 17:40:35 DEBUG cic.cs.unb.ca.jnetpcap.PacketReader    null
********************************************************************************
0000:*e4 5f 01 96  47 65 dc a6  32 f8 6a 3c  08 06 00 01*   ._..Ge..2.j<....
0010: 08 00 06 04  00 01 dc a6  32 f8 6a 3c  c0 a8 00 03    ........2.j<....
0020: 00 00 00 00  00 00 c0 a8  00 65*                      .........e      


2026-06-28 17:40:35 DEBUG cic.cs.unb.ca.jnetpcap.PacketReader    Invalid [0,48,48) range.
JMemory: JMemory@269e25087e0class org.jnetpcap.protocol.network.Ip4: size=16 bytes
JMemory: owner=nio.JMemoryPool$Block.class(size=32768/offset=1392)
********************************************************************************
0000:*dc a6 32 f8  6a 3c e4 5f  01 96 47 65  08 06 00 01    ..2.j<._..Ge....
0010: 08 00 06 04  00 02 e4 5f  01 96 47 65  c0 a8 00 65    ......._..Ge...e
0020: dc a6 32 f8  6a 3c c0 a8  00 03                       ..2.j<....      


2026-06-28 17:40:35 DEBUG cic.cs.unb.ca.jnetpcap.PacketReader    Invalid [0,48,48) range.
JMemory: JMemory@269e2517e92class org.jnetpcap.protocol.network.Ip4: size=20 bytes
JMemory: owner=nio.JMemoryPool$Block.class(size=32768/offset=31762)
********************************************************************************
0000:*dc a6 32 f8  6a 3c e4 5f  01 96 47 65  08 06 00 01    ..2.j<._..Ge....
0010: 08 00 06 04  00 01 e4 5f  01 96 47 65  c0 a8 00 65    ......._..Ge...e
0020: 00 00 00 00  00 00 c0 a8  00 03                       ..........      


2026-06-28 17:40:35 DEBUG cic.cs.unb.ca.jnetpcap.PacketReader    null
********************************************************************************
0000:*e4 5f 01 96  47 65 dc a6  32 f8 6a 3c  08 06 00 01*   ._..Ge..2.j<....
0010: 08 00 06 04  00 02 dc a6  32 f8 6a 3c  c0 a8 00 03    ........2.j<....
0020: e4 5f 01 96  47 65 c0 a8  00 65*                      ._..Ge...e      


2026-06-28 17:40:35 DEBUG cic.cs.unb.ca.jnetpcap.PacketReader    Invalid [0,48,48) range.
JMemory: JMemory@269e25466e6class org.jnetpcap.protocol.network.Ip4: size=20 bytes
JMemory: owner=nio.JMemoryPool$Block.class(size=32768/offset=25606)
********************************************************************************
0000:*dc a6 32 f8  6a 3c e4 5f  01 96 47 65  08 06 00 01    ..2.j<._..Ge....
0010: 08 00 06 04  00 01 e4 5f  01 96 47 65  c0 a8 00 65    ......._..Ge...e
0020: 00 00 00 00  00 00 c0 a8  00 03                       ..........      


2026-06-28 17:40:35 DEBUG cic.cs.unb.ca.jnetpcap.PacketReader    null
********************************************************************************
0000:*e4 5f 01 96  47 65 dc a6  32 f8 6a 3c  08 06 00 01*   ._..Ge..2.j<....
0010: 08 00 06 04  00 02 dc a6  32 f8 6a 3c  c0 a8 00 03    ........2.j<....
0020: e4 5f 01 96  47 65 c0 a8  00 65*                      ._..Ge...e      


2026-06-28 17:40:35 DEBUG cic.cs.unb.ca.jnetpcap.PacketReader    null
********************************************************************************
0000:*e4 5f 01 96  47 65 dc a6  32 f8 6a 3c  08 06 00 01*   ._..Ge..2.j<....
0010: 08 00 06 04  00 01 dc a6  32 f8 6a 3c  c0 a8 00 03    ........2.j<....
0020: 00 00 00 00  00 00 c0 a8  00 65*                      .........e      


2026-06-28 17:40:35 DEBUG cic.cs.unb.ca.jnetpcap.PacketReader    Invalid [0,48,48) range.
JMemory: JMemory@269e2554f40class org.jnetpcap.protocol.network.Ip4: size=16 bytes
JMemory: owner=nio.JMemoryPool$Block.class(size=32768/offset=19520)
********************************************************************************
0000:*dc a6 32 f8  6a 3c e4 5f  01 96 47 65  08 06 00 01    ..2.j<._..Ge....
0010: 08 00 06 04  00 02 e4 5f  01 96 47 65  c0 a8 00 65    ......._..Ge...e
0020: dc a6 32 f8  6a 3c c0 a8  00 03                       ..2.j<....      


2026-06-28 17:40:35 DEBUG cic.cs.unb.ca.jnetpcap.PacketReader    null
********************************************************************************
0000:*33 33 00 00  00 01 72 5d  cc cd 13 20* 86 dd 60 00    33....r]... ..`.
0010: 00 00 00 24  00 01 fe 80  00 00 00 00  00 00 70 5d    ...$..........p]
0020: cc ff fe cd  13 20 ff 02  00 00 00 00  00 00 00 00    ..... ..........
0030: 00 00 00 00  00 01 3a 00  05 02 00 00  01 00 82 00    ......:.........
0040: 2c f1 03 e8  00 00 00 00  00 00 00 00  00 00 00 00    ,...............
0050: 00 00 00 00  00 00 00 00  00 00*                      ..........      


2026-06-28 17:40:35 DEBUG cic.cs.unb.ca.jnetpcap.PacketReader    null
********************************************************************************
0000:*33 33 00 00  00 16 e4 5f  01 96 47 65* 86 dd 60 00    33....._..Ge..`.
0010: 00 00 00 38  00 01 fe 80  00 00 00 00  00 00 f8 d0    ...8............
0020: 36 ba 92 4b  e0 c2 ff 02  00 00 00 00  00 00 00 00    6..K............
0030: 00 00 00 00  00 16 3a 00  05 02 00 00  01 00 8f 00    ......:.........
0040: ed 4e 00 00  00 02 02 00  00 00 ff 02  00 00 00 00    .N..............
0050: 00 00 00 00  00 01 ff 4b  e0 c2 02 00  00 00 ff 02    .......K........
0060: 00 00 00 00  00 00 00 00  00 00 00 00  00 fb*         ..............  


2026-06-28 17:40:35 DEBUG cic.cs.unb.ca.jnetpcap.PacketReader    Invalid [0,48,48) range.
JMemory: JMemory@269e241f4daclass org.jnetpcap.protocol.network.Ip4: size=20 bytes
JMemory: owner=nio.JMemoryPool$Block.class(size=32768/offset=29770)
********************************************************************************
0000:*dc a6 32 f8  6a 3c e4 5f  01 96 47 65  08 06 00 01    ..2.j<._..Ge....
0010: 08 00 06 04  00 01 e4 5f  01 96 47 65  c0 a8 00 65    ......._..Ge...e
0020: 00 00 00 00  00 00 c0 a8  00 03                       ..........      


2026-06-28 17:40:35 DEBUG cic.cs.unb.ca.jnetpcap.PacketReader    null
********************************************************************************
0000:*e4 5f 01 96  47 65 dc a6  32 f8 6a 3c  08 06 00 01*   ._..Ge..2.j<....
0010: 08 00 06 04  00 02 dc a6  32 f8 6a 3c  c0 a8 00 03    ........2.j<....
0020: e4 5f 01 96  47 65 c0 a8  00 65*                      ._..Ge...e      


2026-06-28 17:40:35 DEBUG cic.cs.unb.ca.jnetpcap.PacketReader    null
********************************************************************************
0000:*e4 5f 01 96  47 65 dc a6  32 f8 6a 3c  08 06 00 01*   ._..Ge..2.j<....
0010: 08 00 06 04  00 01 dc a6  32 f8 6a 3c  c0 a8 00 03    ........2.j<....
0020: 00 00 00 00  00 00 c0 a8  00 65*                      .........e      


2026-06-28 17:40:35 DEBUG cic.cs.unb.ca.jnetpcap.PacketReader    Invalid [0,48,48) range.
JMemory: JMemory@269e20ea848class org.jnetpcap.protocol.network.Ip4: size=16 bytes
JMemory: owner=nio.JMemoryPool$Block.class(size=32768/offset=19224)
********************************************************************************
0000:*dc a6 32 f8  6a 3c e4 5f  01 96 47 65  08 06 00 01    ..2.j<._..Ge....
0010: 08 00 06 04  00 02 e4 5f  01 96 47 65  c0 a8 00 65    ......._..Ge...e
0020: dc a6 32 f8  6a 3c c0 a8  00 03                       ..2.j<....      


2026-06-28 17:40:35 DEBUG cic.cs.unb.ca.jnetpcap.PacketReader    Invalid [0,48,48) range.
JMemory: JMemory@269e20ec72eclass org.jnetpcap.protocol.network.Ip4: size=20 bytes
JMemory: owner=nio.JMemoryPool$Block.class(size=32768/offset=27134)
********************************************************************************
0000:*dc a6 32 f8  6a 3c e4 5f  01 96 47 65  08 06 00 01    ..2.j<._..Ge....
0010: 08 00 06 04  00 01 e4 5f  01 96 47 65  c0 a8 00 65    ......._..Ge...e
0020: 00 00 00 00  00 00 c0 a8  00 03                       ..........      


2026-06-28 17:40:35 DEBUG cic.cs.unb.ca.jnetpcap.PacketReader    null
********************************************************************************
0000:*e4 5f 01 96  47 65 dc a6  32 f8 6a 3c  08 06 00 01*   ._..Ge..2.j<....
0010: 08 00 06 04  00 02 dc a6  32 f8 6a 3c  c0 a8 00 03    ........2.j<....
0020: e4 5f 01 96  47 65 c0 a8  00 65*                      ._..Ge...e      


2026-06-28 17:40:35 DEBUG cic.cs.unb.ca.jnetpcap.PacketReader    Invalid [0,48,48) range.
JMemory: JMemory@269e20f634cclass org.jnetpcap.protocol.network.Ip4: size=42 bytes
JMemory: owner=nio.JMemoryPool$Block.class(size=32768/offset=1532)
********************************************************************************
0000:*dc a6 32 f8  6a 3c e4 5f  01 96 47 65  08 06 00 01    ..2.j<._..Ge....
0010: 08 00 06 04  00 02 e4 5f  01 96 47 65  c0 a8 00 65    ......._..Ge...e
0020: dc a6 32 f8  6a 3c c0 a8  00 03                       ..2.j<....      


2026-06-28 17:40:35 DEBUG cic.cs.unb.ca.jnetpcap.PacketReader    null
********************************************************************************
0000:*e4 5f 01 96  47 65 70 5d  cc dd 13 23  08 06 00 01*   ._..Gep]...#....
0010: 08 00 06 04  00 01 70 5d  cc dd 13 23  c0 a8 00 01    ......p]...#....
0020: 00 00 00 00  00 00 c0 a8  00 65*                      .........e      


2026-06-28 17:40:35 DEBUG cic.cs.unb.ca.jnetpcap.PacketReader    null
********************************************************************************
0000:*e4 5f 01 96  47 65 70 5d  cc dd 13 23  08 06 00 01*   ._..Gep]...#....
0010: 08 00 06 04  00 02 70 5d  cc dd 13 23  c0 a8 00 01    ......p]...#....
0020: e4 5f 01 96  47 65 c0 a8  00 65*                      ._..Ge...e      


2026-06-28 17:40:35 DEBUG cic.cs.unb.ca.jnetpcap.PacketReader    null
********************************************************************************
0000:*33 33 00 00  00 01 72 5d  cc cd 13 20* 86 dd 60 00    33....r]... ..`.
0010: 00 00 00 24  00 01 fe 80  00 00 00 00  00 00 70 5d    ...$..........p]
0020: cc ff fe cd  13 20 ff 02  00 00 00 00  00 00 00 00    ..... ..........
0030: 00 00 00 00  00 01 3a 00  05 02 00 00  01 00 82 00    ......:.........
0040: 2c f1 03 e8  00 00 00 00  00 00 00 00  00 00 00 00    ,...............
0050: 00 00 00 00  00 00 00 00  00 00*                      ..........      


2026-06-28 17:40:35 DEBUG cic.cs.unb.ca.jnetpcap.PacketReader    null
********************************************************************************
0000:*33 33 00 00  00 16 e4 5f  01 96 47 65* 86 dd 60 00    33....._..Ge..`.
0010: 00 00 00 38  00 01 fe 80  00 00 00 00  00 00 f8 d0    ...8............
0020: 36 ba 92 4b  e0 c2 ff 02  00 00 00 00  00 00 00 00    6..K............
0030: 00 00 00 00  00 16 3a 00  05 02 00 00  01 00 8f 00    ......:.........
0040: ed 4e 00 00  00 02 02 00  00 00 ff 02  00 00 00 00    .N..............
0050: 00 00 00 00  00 01 ff 4b  e0 c2 02 00  00 00 ff 02    .......K........
0060: 00 00 00 00  00 00 00 00  00 00 00 00  00 fb*         ..............  


2026-06-28 17:40:35 DEBUG cic.cs.unb.ca.jnetpcap.PacketReader    Invalid [0,48,48) range.
JMemory: JMemory@269e2576abeclass org.jnetpcap.protocol.network.Ip4: size=20 bytes
JMemory: owner=nio.JMemoryPool$Block.class(size=32768/offset=26494)
********************************************************************************
0000:*dc a6 32 f8  6a 3c e4 5f  01 96 47 65  08 06 00 01    ..2.j<._..Ge....
0010: 08 00 06 04  00 01 e4 5f  01 96 47 65  c0 a8 00 65    ......._..Ge...e
0020: 00 00 00 00  00 00 c0 a8  00 03                       ..........      


2026-06-28 17:40:35 DEBUG cic.cs.unb.ca.jnetpcap.PacketReader    null
********************************************************************************
0000:*e4 5f 01 96  47 65 dc a6  32 f8 6a 3c  08 06 00 01*   ._..Ge..2.j<....
0010: 08 00 06 04  00 02 dc a6  32 f8 6a 3c  c0 a8 00 03    ........2.j<....
0020: e4 5f 01 96  47 65 c0 a8  00 65*                      ._..Ge...e      


2026-06-28 17:40:35 DEBUG cic.cs.unb.ca.jnetpcap.PacketReader    null
********************************************************************************
0000:*e4 5f 01 96  47 65 dc a6  32 f8 6a 3c  08 06 00 01*   ._..Ge..2.j<....
0010: 08 00 06 04  00 01 dc a6  32 f8 6a 3c  c0 a8 00 03    ........2.j<....
0020: 00 00 00 00  00 00 c0 a8  00 65*                      .........e      


2026-06-28 17:40:35 DEBUG cic.cs.unb.ca.jnetpcap.PacketReader    Invalid [0,48,48) range.
JMemory: JMemory@269e259df38class org.jnetpcap.protocol.network.Ip4: size=16 bytes
JMemory: owner=nio.JMemoryPool$Block.class(size=32768/offset=23464)
********************************************************************************
0000:*dc a6 32 f8  6a 3c e4 5f  01 96 47 65  08 06 00 01    ..2.j<._..Ge....
0010: 08 00 06 04  00 02 e4 5f  01 96 47 65  c0 a8 00 65    ......._..Ge...e
0020: dc a6 32 f8  6a 3c c0 a8  00 03                       ..2.j<....      


2026-06-28 17:40:35 DEBUG cic.cs.unb.ca.jnetpcap.PacketReader    Invalid [0,48,48) range.
JMemory: JMemory@269e25a7702class org.jnetpcap.protocol.network.Ip4: size=20 bytes
JMemory: owner=nio.JMemoryPool$Block.class(size=32768/offset=29538)
********************************************************************************
0000:*dc a6 32 f8  6a 3c e4 5f  01 96 47 65  08 06 00 01    ..2.j<._..Ge....
0010: 08 00 06 04  00 01 e4 5f  01 96 47 65  c0 a8 00 65    ......._..Ge...e
0020: 00 00 00 00  00 00 c0 a8  00 03                       ..........      


2026-06-28 17:40:35 DEBUG cic.cs.unb.ca.jnetpcap.PacketReader    null
********************************************************************************
0000:*e4 5f 01 96  47 65 dc a6  32 f8 6a 3c  08 06 00 01*   ._..Ge..2.j<....
0010: 08 00 06 04  00 02 dc a6  32 f8 6a 3c  c0 a8 00 03    ........2.j<....
0020: e4 5f 01 96  47 65 c0 a8  00 65*                      ._..Ge...e      


2026-06-28 17:40:35 DEBUG cic.cs.unb.ca.jnetpcap.PacketReader    Invalid [0,48,48) range.
JMemory: JMemory@269e25d5aaeclass org.jnetpcap.protocol.network.Ip4: size=20 bytes
JMemory: owner=nio.JMemoryPool$Block.class(size=32768/offset=22190)
********************************************************************************
0000:*dc a6 32 f8  6a 3c e4 5f  01 96 47 65  08 06 00 01    ..2.j<._..Ge....
0010: 08 00 06 04  00 01 e4 5f  01 96 47 65  c0 a8 00 65    ......._..Ge...e
0020: 00 00 00 00  00 00 c0 a8  00 03                       ..........      


2026-06-28 17:40:35 DEBUG cic.cs.unb.ca.jnetpcap.PacketReader    null
********************************************************************************
0000:*e4 5f 01 96  47 65 dc a6  32 f8 6a 3c  08 06 00 01*   ._..Ge..2.j<....
0010: 08 00 06 04  00 02 dc a6  32 f8 6a 3c  c0 a8 00 03    ........2.j<....
0020: e4 5f 01 96  47 65 c0 a8  00 65*                      ._..Ge...e      


2026-06-28 17:40:35 DEBUG cic.cs.unb.ca.jnetpcap.PacketReader    null
********************************************************************************
0000:*33 33 00 00  00 01 72 5d  cc cd 13 20* 86 dd 60 00    33....r]... ..`.
0010: 00 00 00 24  00 01 fe 80  00 00 00 00  00 00 70 5d    ...$..........p]
0020: cc ff fe cd  13 20 ff 02  00 00 00 00  00 00 00 00    ..... ..........
0030: 00 00 00 00  00 01 3a 00  05 02 00 00  01 00 82 00    ......:.........
0040: 2c f1 03 e8  00 00 00 00  00 00 00 00  00 00 00 00    ,...............
0050: 00 00 00 00  00 00 00 00  00 00*                      ..........      


2026-06-28 17:40:35 DEBUG cic.cs.unb.ca.jnetpcap.PacketReader    null
********************************************************************************
0000:*33 33 00 00  00 16 e4 5f  01 96 47 65* 86 dd 60 00    33....._..Ge..`.
0010: 00 00 00 38  00 01 fe 80  00 00 00 00  00 00 f8 d0    ...8............
0020: 36 ba 92 4b  e0 c2 ff 02  00 00 00 00  00 00 00 00    6..K............
0030: 00 00 00 00  00 16 3a 00  05 02 00 00  01 00 8f 00    ......:.........
0040: ed 4e 00 00  00 02 02 00  00 00 ff 02  00 00 00 00    .N..............
0050: 00 00 00 00  00 01 ff 4b  e0 c2 02 00  00 00 ff 02    .......K........
0060: 00 00 00 00  00 00 00 00  00 00 00 00  00 fb*         ..............  


2026-06-28 17:40:35 DEBUG cic.cs.unb.ca.jnetpcap.PacketReader    null
********************************************************************************
0000:*e4 5f 01 96  47 65 dc a6  32 f8 6a 3c  08 06 00 01*   ._..Ge..2.j<....
0010: 08 00 06 04  00 01 dc a6  32 f8 6a 3c  c0 a8 00 03    ........2.j<....
0020: 00 00 00 00  00 00 c0 a8  00 65*                      .........e      


2026-06-28 17:40:35 DEBUG cic.cs.unb.ca.jnetpcap.PacketReader    Invalid [0,48,48) range.
JMemory: JMemory@269e25ea538class org.jnetpcap.protocol.network.Ip4: size=16 bytes
JMemory: owner=nio.JMemoryPool$Block.class(size=32768/offset=8456)
********************************************************************************
0000:*dc a6 32 f8  6a 3c e4 5f  01 96 47 65  08 06 00 01    ..2.j<._..Ge....
0010: 08 00 06 04  00 02 e4 5f  01 96 47 65  c0 a8 00 65    ......._..Ge...e
0020: dc a6 32 f8  6a 3c c0 a8  00 03                       ..2.j<....      


2026-06-28 17:40:35 DEBUG cic.cs.unb.ca.jnetpcap.PacketReader    null
********************************************************************************
0000:*33 33 00 00  00 fb 8c 88  2b 40 07 be* 86 dd 60 0a    33......+@....`.
0010: 8e 35 00 24  11 01 fe 80  00 00 00 00  00 00 67 bd    .5.$..........g.
0020: 69 35 c9 5b  bf cb ff 02  00 00 00 00  00 00 00 00    i5.[............
0030: 00 00 00 00  00 fb 14 e9  14 e9 00 24  68 89 00 00    ...........$h...
0040: 00 00 00 01  00 00 00 00  00 00 04 77  70 61 64 05    ...........wpad.
0050: 6c 6f 63 61  6c 00 00 01  00 01*                      local.....      


2026-06-28 17:40:35 DEBUG cic.cs.unb.ca.jnetpcap.PacketReader    null
********************************************************************************
0000:*33 33 00 00  00 fb 8c 88  2b 40 07 be* 86 dd 60 0a    33......+@....`.
0010: 8e 35 00 24  11 01 fe 80  00 00 00 00  00 00 67 bd    .5.$..........g.
0020: 69 35 c9 5b  bf cb ff 02  00 00 00 00  00 00 00 00    i5.[............
0030: 00 00 00 00  00 fb 14 e9  14 e9 00 24  68 6e 00 00    ...........$hn..
0040: 00 00 00 01  00 00 00 00  00 00 04 77  70 61 64 05    ...........wpad.
0050: 6c 6f 63 61  6c 00 00 1c  00 01*                      local.....      


2026-06-28 17:40:35 DEBUG cic.cs.unb.ca.jnetpcap.PacketReader    null
********************************************************************************
0000:*33 33 00 00  00 fb 8c 88  2b 40 07 be* 86 dd 60 0a    33......+@....`.
0010: 8e 35 00 24  11 01 fe 80  00 00 00 00  00 00 67 bd    .5.$..........g.
0020: 69 35 c9 5b  bf cb ff 02  00 00 00 00  00 00 00 00    i5.[............
0030: 00 00 00 00  00 fb 14 e9  14 e9 00 24  68 89 00 00    ...........$h...
0040: 00 00 00 01  00 00 00 00  00 00 04 77  70 61 64 05    ...........wpad.
0050: 6c 6f 63 61  6c 00 00 01  00 01*                      local.....      


2026-06-28 17:40:35 DEBUG cic.cs.unb.ca.jnetpcap.PacketReader    null
********************************************************************************
0000:*33 33 00 00  00 fb 8c 88  2b 40 07 be* 86 dd 60 0a    33......+@....`.
0010: 8e 35 00 24  11 01 fe 80  00 00 00 00  00 00 67 bd    .5.$..........g.
0020: 69 35 c9 5b  bf cb ff 02  00 00 00 00  00 00 00 00    i5.[............
0030: 00 00 00 00  00 fb 14 e9  14 e9 00 24  68 6e 00 00    ...........$hn..
0040: 00 00 00 01  00 00 00 00  00 00 04 77  70 61 64 05    ...........wpad.
0050: 6c 6f 63 61  6c 00 00 1c  00 01*                      local.....      


2026-06-28 17:40:35 DEBUG cic.cs.unb.ca.jnetpcap.PacketReader    null
********************************************************************************
0000:*33 33 00 00  00 fb 8c 88  2b 40 07 be* 86 dd 60 0a    33......+@....`.
0010: 8e 35 00 24  11 01 fe 80  00 00 00 00  00 00 67 bd    .5.$..........g.
0020: 69 35 c9 5b  bf cb ff 02  00 00 00 00  00 00 00 00    i5.[............
0030: 00 00 00 00  00 fb 14 e9  14 e9 00 24  68 89 00 00    ...........$h...
0040: 00 00 00 01  00 00 00 00  00 00 04 77  70 61 64 05    ...........wpad.
0050: 6c 6f 63 61  6c 00 00 01  00 01*                      local.....      


2026-06-28 17:40:35 DEBUG cic.cs.unb.ca.jnetpcap.PacketReader    null
********************************************************************************
0000:*33 33 00 00  00 fb 8c 88  2b 40 07 be* 86 dd 60 0a    33......+@....`.
0010: 8e 35 00 24  11 01 fe 80  00 00 00 00  00 00 67 bd    .5.$..........g.
0020: 69 35 c9 5b  bf cb ff 02  00 00 00 00  00 00 00 00    i5.[............
0030: 00 00 00 00  00 fb 14 e9  14 e9 00 24  68 89 00 00    ...........$h...
0040: 00 00 00 01  00 00 00 00  00 00 04 77  70 61 64 05    ...........wpad.
0050: 6c 6f 63 61  6c 00 00 01  00 01*                      local.....      


2026-06-28 17:40:35 DEBUG cic.cs.unb.ca.jnetpcap.PacketReader    null
********************************************************************************
0000:*33 33 00 00  00 fb 8c 88  2b 40 07 be* 86 dd 60 0a    33......+@....`.
0010: 8e 35 00 24  11 01 fe 80  00 00 00 00  00 00 67 bd    .5.$..........g.
0020: 69 35 c9 5b  bf cb ff 02  00 00 00 00  00 00 00 00    i5.[............
0030: 00 00 00 00  00 fb 14 e9  14 e9 00 24  68 6e 00 00    ...........$hn..
0040: 00 00 00 01  00 00 00 00  00 00 04 77  70 61 64 05    ...........wpad.
0050: 6c 6f 63 61  6c 00 00 1c  00 01*                      local.....      


2026-06-28 17:40:35 DEBUG cic.cs.unb.ca.jnetpcap.PacketReader    null
********************************************************************************
0000:*33 33 00 00  00 fb 8c 88  2b 40 07 be* 86 dd 60 0a    33......+@....`.
0010: 8e 35 00 24  11 01 fe 80  00 00 00 00  00 00 67 bd    .5.$..........g.
0020: 69 35 c9 5b  bf cb ff 02  00 00 00 00  00 00 00 00    i5.[............
0030: 00 00 00 00  00 fb 14 e9  14 e9 00 24  68 6e 00 00    ...........$hn..
0040: 00 00 00 01  00 00 00 00  00 00 04 77  70 61 64 05    ...........wpad.
0050: 6c 6f 63 61  6c 00 00 1c  00 01*                      local.....      


2026-06-28 17:40:35 DEBUG cic.cs.unb.ca.jnetpcap.PacketReader    null
********************************************************************************
0000:*33 33 00 00  00 fb e4 5f  01 96 47 65* 86 dd 60 08    33....._..Ge..`.
0010: 6f c5 00 35  11 ff fe 80  00 00 00 00  00 00 f8 d0    o..5............
0020: 36 ba 92 4b  e0 c2 ff 02  00 00 00 00  00 00 00 00    6..K............
0030: 00 00 00 00  00 fb 14 e9  14 e9 00 35  33 1f 00 00    ...........53..
0040: 00 00 00 02  00 00 00 00  00 00 05 5f  69 70 70 73    ..........._ipps
0050: 04 5f 74 63  70 05 6c 6f  63 61 6c 00  00 0c 00 01    ._tcp.local.....
0060: 04 5f 69 70  70 c0 12 00  0c 00 01*                   ._ipp......     


2026-06-28 17:40:35 DEBUG cic.cs.unb.ca.jnetpcap.PacketReader    Invalid [0,48,48) range.
JMemory: JMemory@269e2607058class org.jnetpcap.protocol.network.Ip4: size=20 bytes
JMemory: owner=nio.JMemoryPool$Block.class(size=32768/offset=27640)
********************************************************************************
0000:*dc a6 32 f8  6a 3c e4 5f  01 96 47 65  08 06 00 01    ..2.j<._..Ge....
0010: 08 00 06 04  00 01 e4 5f  01 96 47 65  c0 a8 00 65    ......._..Ge...e
0020: 00 00 00 00  00 00 c0 a8  00 03                       ..........      


2026-06-28 17:40:35 DEBUG cic.cs.unb.ca.jnetpcap.PacketReader    null
********************************************************************************
0000:*e4 5f 01 96  47 65 dc a6  32 f8 6a 3c  08 06 00 01*   ._..Ge..2.j<....
0010: 08 00 06 04  00 02 dc a6  32 f8 6a 3c  c0 a8 00 03    ........2.j<....
0020: e4 5f 01 96  47 65 c0 a8  00 65*                      ._..Ge...e      


2026-06-28 17:40:35 DEBUG cic.cs.unb.ca.jnetpcap.PacketReader    Invalid [0,48,48) range.
JMemory: JMemory@269e245615aclass org.jnetpcap.protocol.network.Ip4: size=20 bytes
JMemory: owner=nio.JMemoryPool$Block.class(size=32768/offset=24666)
********************************************************************************
0000:*dc a6 32 f8  6a 3c e4 5f  01 96 47 65  08 06 00 01    ..2.j<._..Ge....
0010: 08 00 06 04  00 01 e4 5f  01 96 47 65  c0 a8 00 65    ......._..Ge...e
0020: 00 00 00 00  00 00 c0 a8  00 03                       ..........      


2026-06-28 17:40:35 DEBUG cic.cs.unb.ca.jnetpcap.PacketReader    null
********************************************************************************
0000:*e4 5f 01 96  47 65 dc a6  32 f8 6a 3c  08 06 00 01*   ._..Ge..2.j<....
0010: 08 00 06 04  00 02 dc a6  32 f8 6a 3c  c0 a8 00 03    ........2.j<....
0020: e4 5f 01 96  47 65 c0 a8  00 65*                      ._..Ge...e      


2026-06-28 17:40:36 DEBUG cic.cs.unb.ca.jnetpcap.PacketReader    null
********************************************************************************
0000:*e4 5f 01 96  47 65 dc a6  32 f8 6a 3c  08 06 00 01*   ._..Ge..2.j<....
0010: 08 00 06 04  00 01 dc a6  32 f8 6a 3c  c0 a8 00 03    ........2.j<....
0020: 00 00 00 00  00 00 c0 a8  00 65*                      .........e      


2026-06-28 17:40:36 DEBUG cic.cs.unb.ca.jnetpcap.PacketReader    Invalid [0,48,48) range.
JMemory: JMemory@269e2456fa4class org.jnetpcap.protocol.network.Ip4: size=16 bytes
JMemory: owner=nio.JMemoryPool$Block.class(size=32768/offset=28324)
********************************************************************************
0000:*dc a6 32 f8  6a 3c e4 5f  01 96 47 65  08 06 00 01    ..2.j<._..Ge....
0010: 08 00 06 04  00 02 e4 5f  01 96 47 65  c0 a8 00 65    ......._..Ge...e
0020: dc a6 32 f8  6a 3c c0 a8  00 03                       ..2.j<....      


2026-06-28 17:40:36 DEBUG cic.cs.unb.ca.jnetpcap.PacketReader    Invalid [0,48,48) range.
JMemory: JMemory@269e2461008class org.jnetpcap.protocol.network.Ip4: size=42 bytes
JMemory: owner=nio.JMemoryPool$Block.class(size=32768/offset=3816)
********************************************************************************
0000:*dc a6 32 f8  6a 3c e4 5f  01 96 47 65  08 06 00 01    ..2.j<._..Ge....
0010: 08 00 06 04  00 02 e4 5f  01 96 47 65  c0 a8 00 65    ......._..Ge...e
0020: dc a6 32 f8  6a 3c c0 a8  00 03                       ..2.j<....      


2026-06-28 17:40:36 DEBUG cic.cs.unb.ca.jnetpcap.PacketReader    null
********************************************************************************
0000:*33 33 00 00  00 01 72 5d  cc cd 13 20* 86 dd 60 00    33....r]... ..`.
0010: 00 00 00 24  00 01 fe 80  00 00 00 00  00 00 70 5d    ...$..........p]
0020: cc ff fe cd  13 20 ff 02  00 00 00 00  00 00 00 00    ..... ..........
0030: 00 00 00 00  00 01 3a 00  05 02 00 00  01 00 82 00    ......:.........
0040: 2c f1 03 e8  00 00 00 00  00 00 00 00  00 00 00 00    ,...............
0050: 00 00 00 00  00 00 00 00  00 00*                      ..........      


2026-06-28 17:40:36 DEBUG cic.cs.unb.ca.jnetpcap.PacketReader    null
********************************************************************************
0000:*33 33 00 00  00 16 e4 5f  01 96 47 65* 86 dd 60 00    33....._..Ge..`.
0010: 00 00 00 38  00 01 fe 80  00 00 00 00  00 00 f8 d0    ...8............
0020: 36 ba 92 4b  e0 c2 ff 02  00 00 00 00  00 00 00 00    6..K............
0030: 00 00 00 00  00 16 3a 00  05 02 00 00  01 00 8f 00    ......:.........
0040: ed 4e 00 00  00 02 02 00  00 00 ff 02  00 00 00 00    .N..............
0050: 00 00 00 00  00 01 ff 4b  e0 c2 02 00  00 00 ff 02    .......K........
0060: 00 00 00 00  00 00 00 00  00 00 00 00  00 fb*         ..............  


2026-06-28 17:40:36 DEBUG cic.cs.unb.ca.jnetpcap.PacketReader    Invalid [0,48,48) range.
JMemory: JMemory@269e2485622class org.jnetpcap.protocol.network.Ip4: size=20 bytes
JMemory: owner=nio.JMemoryPool$Block.class(size=32768/offset=21698)
********************************************************************************
0000:*dc a6 32 f8  6a 3c e4 5f  01 96 47 65  08 06 00 01    ..2.j<._..Ge....
0010: 08 00 06 04  00 01 e4 5f  01 96 47 65  c0 a8 00 65    ......._..Ge...e
0020: 00 00 00 00  00 00 c0 a8  00 03                       ..........      


2026-06-28 17:40:36 DEBUG cic.cs.unb.ca.jnetpcap.PacketReader    null
********************************************************************************
0000:*e4 5f 01 96  47 65 dc a6  32 f8 6a 3c  08 06 00 01*   ._..Ge..2.j<....
0010: 08 00 06 04  00 02 dc a6  32 f8 6a 3c  c0 a8 00 03    ........2.j<....
0020: e4 5f 01 96  47 65 c0 a8  00 65*                      ._..Ge...e      


2026-06-28 17:40:36 DEBUG cic.cs.unb.ca.jnetpcap.PacketReader    null
********************************************************************************
0000:*e4 5f 01 96  47 65 dc a6  32 f8 6a 3c  08 06 00 01*   ._..Ge..2.j<....
0010: 08 00 06 04  00 01 dc a6  32 f8 6a 3c  c0 a8 00 03    ........2.j<....
0020: 00 00 00 00  00 00 c0 a8  00 65*                      .........e      


2026-06-28 17:40:36 DEBUG cic.cs.unb.ca.jnetpcap.PacketReader    Invalid [0,48,48) range.
JMemory: JMemory@269e24ae1e0class org.jnetpcap.protocol.network.Ip4: size=16 bytes
JMemory: owner=nio.JMemoryPool$Block.class(size=32768/offset=24624)
********************************************************************************
0000:*dc a6 32 f8  6a 3c e4 5f  01 96 47 65  08 06 00 01    ..2.j<._..Ge....
0010: 08 00 06 04  00 02 e4 5f  01 96 47 65  c0 a8 00 65    ......._..Ge...e
0020: dc a6 32 f8  6a 3c c0 a8  00 03                       ..2.j<....      


2026-06-28 17:40:36 DEBUG cic.cs.unb.ca.jnetpcap.PacketReader    Invalid [0,48,48) range.
JMemory: JMemory@269e24b60baclass org.jnetpcap.protocol.network.Ip4: size=20 bytes
JMemory: owner=nio.JMemoryPool$Block.class(size=32768/offset=24314)
********************************************************************************
0000:*dc a6 32 f8  6a 3c e4 5f  01 96 47 65  08 06 00 01    ..2.j<._..Ge....
0010: 08 00 06 04  00 01 e4 5f  01 96 47 65  c0 a8 00 65    ......._..Ge...e
0020: 00 00 00 00  00 00 c0 a8  00 03                       ..........      


2026-06-28 17:40:36 DEBUG cic.cs.unb.ca.jnetpcap.PacketReader    null
********************************************************************************
0000:*e4 5f 01 96  47 65 dc a6  32 f8 6a 3c  08 06 00 01*   ._..Ge..2.j<....
0010: 08 00 06 04  00 02 dc a6  32 f8 6a 3c  c0 a8 00 03    ........2.j<....
0020: e4 5f 01 96  47 65 c0 a8  00 65*                      ._..Ge...e      


2026-06-28 17:40:36 DEBUG cic.cs.unb.ca.jnetpcap.PacketReader    Invalid [0,48,48) range.
JMemory: JMemory@269e24e4d7aclass org.jnetpcap.protocol.network.Ip4: size=20 bytes
JMemory: owner=nio.JMemoryPool$Block.class(size=32768/offset=19290)
********************************************************************************
0000:*dc a6 32 f8  6a 3c e4 5f  01 96 47 65  08 06 00 01    ..2.j<._..Ge....
0010: 08 00 06 04  00 01 e4 5f  01 96 47 65  c0 a8 00 65    ......._..Ge...e
0020: 00 00 00 00  00 00 c0 a8  00 03                       ..........      


2026-06-28 17:40:36 DEBUG cic.cs.unb.ca.jnetpcap.PacketReader    null
********************************************************************************
0000:*e4 5f 01 96  47 65 dc a6  32 f8 6a 3c  08 06 00 01*   ._..Ge..2.j<....
0010: 08 00 06 04  00 02 dc a6  32 f8 6a 3c  c0 a8 00 03    ........2.j<....
0020: e4 5f 01 96  47 65 c0 a8  00 65*                      ._..Ge...e      


2026-06-28 17:40:36 DEBUG cic.cs.unb.ca.jnetpcap.PacketReader    null
********************************************************************************
0000:*33 33 00 00  00 01 72 5d  cc cd 13 20* 86 dd 60 00    33....r]... ..`.
0010: 00 00 00 24  00 01 fe 80  00 00 00 00  00 00 70 5d    ...$..........p]
0020: cc ff fe cd  13 20 ff 02  00 00 00 00  00 00 00 00    ..... ..........
0030: 00 00 00 00  00 01 3a 00  05 02 00 00  01 00 82 00    ......:.........
0040: 2c f1 03 e8  00 00 00 00  00 00 00 00  00 00 00 00    ,...............
0050: 00 00 00 00  00 00 00 00  00 00*                      ..........      


2026-06-28 17:40:36 DEBUG cic.cs.unb.ca.jnetpcap.PacketReader    null
********************************************************************************
0000:*33 33 00 00  00 16 e4 5f  01 96 47 65* 86 dd 60 00    33....._..Ge..`.
0010: 00 00 00 38  00 01 fe 80  00 00 00 00  00 00 f8 d0    ...8............
0020: 36 ba 92 4b  e0 c2 ff 02  00 00 00 00  00 00 00 00    6..K............
0030: 00 00 00 00  00 16 3a 00  05 02 00 00  01 00 8f 00    ......:.........
0040: ed 4e 00 00  00 02 02 00  00 00 ff 02  00 00 00 00    .N..............
0050: 00 00 00 00  00 01 ff 4b  e0 c2 02 00  00 00 ff 02    .......K........
0060: 00 00 00 00  00 00 00 00  00 00 00 00  00 fb*         ..............  


2026-06-28 17:40:36 DEBUG cic.cs.unb.ca.jnetpcap.PacketReader    null
********************************************************************************
0000:*e4 5f 01 96  47 65 dc a6  32 f8 6a 3c  08 06 00 01*   ._..Ge..2.j<....
0010: 08 00 06 04  00 01 dc a6  32 f8 6a 3c  c0 a8 00 03    ........2.j<....
0020: 00 00 00 00  00 00 c0 a8  00 65*                      .........e      


2026-06-28 17:40:36 DEBUG cic.cs.unb.ca.jnetpcap.PacketReader    Invalid [0,48,48) range.
JMemory: JMemory@269e24fbc08class org.jnetpcap.protocol.network.Ip4: size=16 bytes
JMemory: owner=nio.JMemoryPool$Block.class(size=32768/offset=14776)
********************************************************************************
0000:*dc a6 32 f8  6a 3c e4 5f  01 96 47 65  08 06 00 01    ..2.j<._..Ge....
0010: 08 00 06 04  00 02 e4 5f  01 96 47 65  c0 a8 00 65    ......._..Ge...e
0020: dc a6 32 f8  6a 3c c0 a8  00 03                       ..2.j<....      


2026-06-28 17:40:36 DEBUG cic.cs.unb.ca.jnetpcap.PacketReader    Invalid [0,48,48) range.
JMemory: JMemory@269e2515af6class org.jnetpcap.protocol.network.Ip4: size=20 bytes
JMemory: owner=nio.JMemoryPool$Block.class(size=32768/offset=22646)
********************************************************************************
0000:*dc a6 32 f8  6a 3c e4 5f  01 96 47 65  08 06 00 01    ..2.j<._..Ge....
0010: 08 00 06 04  00 01 e4 5f  01 96 47 65  c0 a8 00 65    ......._..Ge...e
0020: 00 00 00 00  00 00 c0 a8  00 03                       ..........      


2026-06-28 17:40:36 DEBUG cic.cs.unb.ca.jnetpcap.PacketReader    null
********************************************************************************
0000:*e4 5f 01 96  47 65 dc a6  32 f8 6a 3c  08 06 00 01*   ._..Ge..2.j<....
0010: 08 00 06 04  00 02 dc a6  32 f8 6a 3c  c0 a8 00 03    ........2.j<....
0020: e4 5f 01 96  47 65 c0 a8  00 65*                      ._..Ge...e      


2026-06-28 17:40:36 DEBUG cic.cs.unb.ca.jnetpcap.PacketReader    Invalid [0,48,48) range.
JMemory: JMemory@269e2545ececlass org.jnetpcap.protocol.network.Ip4: size=20 bytes
JMemory: owner=nio.JMemoryPool$Block.class(size=32768/offset=23534)
********************************************************************************
0000:*dc a6 32 f8  6a 3c e4 5f  01 96 47 65  08 06 00 01    ..2.j<._..Ge....
0010: 08 00 06 04  00 01 e4 5f  01 96 47 65  c0 a8 00 65    ......._..Ge...e
0020: 00 00 00 00  00 00 c0 a8  00 03                       ..........      


2026-06-28 17:40:36 DEBUG cic.cs.unb.ca.jnetpcap.PacketReader    null
********************************************************************************
0000:*e4 5f 01 96  47 65 dc a6  32 f8 6a 3c  08 06 00 01*   ._..Ge..2.j<....
0010: 08 00 06 04  00 02 dc a6  32 f8 6a 3c  c0 a8 00 03    ........2.j<....
0020: e4 5f 01 96  47 65 c0 a8  00 65*                      ._..Ge...e      


2026-06-28 17:40:36 DEBUG cic.cs.unb.ca.jnetpcap.PacketReader    null
********************************************************************************
0000:*e4 5f 01 96  47 65 dc a6  32 f8 6a 3c  08 06 00 01*   ._..Ge..2.j<....
0010: 08 00 06 04  00 01 dc a6  32 f8 6a 3c  c0 a8 00 03    ........2.j<....
0020: 00 00 00 00  00 00 c0 a8  00 65*                      .........e      


2026-06-28 17:40:36 DEBUG cic.cs.unb.ca.jnetpcap.PacketReader    Invalid [0,48,48) range.
JMemory: JMemory@269e2610784class org.jnetpcap.protocol.network.Ip4: size=16 bytes
JMemory: owner=nio.JMemoryPool$Block.class(size=32768/offset=1796)
********************************************************************************
0000:*dc a6 32 f8  6a 3c e4 5f  01 96 47 65  08 06 00 01    ..2.j<._..Ge....
0010: 08 00 06 04  00 02 e4 5f  01 96 47 65  c0 a8 00 65    ......._..Ge...e
0020: dc a6 32 f8  6a 3c c0 a8  00 03                       ..2.j<....      


2026-06-28 17:40:36 DEBUG cic.cs.unb.ca.jnetpcap.PacketReader    Invalid [0,48,48) range.
JMemory: JMemory@269e2619dd8class org.jnetpcap.protocol.network.Ip4: size=42 bytes
JMemory: owner=nio.JMemoryPool$Block.class(size=32768/offset=7496)
********************************************************************************
0000:*dc a6 32 f8  6a 3c e4 5f  01 96 47 65  08 06 00 01    ..2.j<._..Ge....
0010: 08 00 06 04  00 02 e4 5f  01 96 47 65  c0 a8 00 65    ......._..Ge...e
0020: dc a6 32 f8  6a 3c c0 a8  00 03                       ..2.j<....      


2026-06-28 17:40:36 DEBUG cic.cs.unb.ca.jnetpcap.PacketReader    null
********************************************************************************
0000:*33 33 00 00  00 01 72 5d  cc cd 13 20* 86 dd 60 00    33....r]... ..`.
0010: 00 00 00 24  00 01 fe 80  00 00 00 00  00 00 70 5d    ...$..........p]
0020: cc ff fe cd  13 20 ff 02  00 00 00 00  00 00 00 00    ..... ..........
0030: 00 00 00 00  00 01 3a 00  05 02 00 00  01 00 82 00    ......:.........
0040: 2c f1 03 e8  00 00 00 00  00 00 00 00  00 00 00 00    ,...............
0050: 00 00 00 00  00 00 00 00  00 00*                      ..........      


2026-06-28 17:40:36 DEBUG cic.cs.unb.ca.jnetpcap.PacketReader    null
********************************************************************************
0000:*33 33 00 00  00 16 e4 5f  01 96 47 65* 86 dd 60 00    33....._..Ge..`.
0010: 00 00 00 38  00 01 fe 80  00 00 00 00  00 00 f8 d0    ...8............
0020: 36 ba 92 4b  e0 c2 ff 02  00 00 00 00  00 00 00 00    6..K............
0030: 00 00 00 00  00 16 3a 00  05 02 00 00  01 00 8f 00    ......:.........
0040: ed 4e 00 00  00 02 02 00  00 00 ff 02  00 00 00 00    .N..............
0050: 00 00 00 00  00 01 ff 4b  e0 c2 02 00  00 00 ff 02    .......K........
0060: 00 00 00 00  00 00 00 00  00 00 00 00  00 fb*         ..............  


2026-06-28 17:40:36 DEBUG cic.cs.unb.ca.jnetpcap.PacketReader    Invalid [0,48,48) range.
JMemory: JMemory@269e263cfaeclass org.jnetpcap.protocol.network.Ip4: size=20 bytes
JMemory: owner=nio.JMemoryPool$Block.class(size=32768/offset=20190)
********************************************************************************
0000:*dc a6 32 f8  6a 3c e4 5f  01 96 47 65  08 06 00 01    ..2.j<._..Ge....
0010: 08 00 06 04  00 01 e4 5f  01 96 47 65  c0 a8 00 65    ......._..Ge...e
0020: 00 00 00 00  00 00 c0 a8  00 03                       ..........      


2026-06-28 17:40:36 DEBUG cic.cs.unb.ca.jnetpcap.PacketReader    null
********************************************************************************
0000:*e4 5f 01 96  47 65 dc a6  32 f8 6a 3c  08 06 00 01*   ._..Ge..2.j<....
0010: 08 00 06 04  00 02 dc a6  32 f8 6a 3c  c0 a8 00 03    ........2.j<....
0020: e4 5f 01 96  47 65 c0 a8  00 65*                      ._..Ge...e      


2026-06-28 17:40:36 DEBUG cic.cs.unb.ca.jnetpcap.PacketReader    null
********************************************************************************
0000:*e4 5f 01 96  47 65 dc a6  32 f8 6a 3c  08 06 00 01*   ._..Ge..2.j<....
0010: 08 00 06 04  00 01 dc a6  32 f8 6a 3c  c0 a8 00 03    ........2.j<....
0020: 00 00 00 00  00 00 c0 a8  00 65*                      .........e      


2026-06-28 17:40:36 DEBUG cic.cs.unb.ca.jnetpcap.PacketReader    Invalid [0,48,48) range.
JMemory: JMemory@269e265dd40class org.jnetpcap.protocol.network.Ip4: size=16 bytes
JMemory: owner=nio.JMemoryPool$Block.class(size=32768/offset=23600)
********************************************************************************
0000:*dc a6 32 f8  6a 3c e4 5f  01 96 47 65  08 06 00 01    ..2.j<._..Ge....
0010: 08 00 06 04  00 02 e4 5f  01 96 47 65  c0 a8 00 65    ......._..Ge...e
0020: dc a6 32 f8  6a 3c c0 a8  00 03                       ..2.j<....      


2026-06-28 17:40:36 DEBUG cic.cs.unb.ca.jnetpcap.PacketReader    Invalid [0,48,48) range.
JMemory: JMemory@269e266de7aclass org.jnetpcap.protocol.network.Ip4: size=20 bytes
JMemory: owner=nio.JMemoryPool$Block.class(size=32768/offset=23882)
********************************************************************************
0000:*dc a6 32 f8  6a 3c e4 5f  01 96 47 65  08 06 00 01    ..2.j<._..Ge....
0010: 08 00 06 04  00 01 e4 5f  01 96 47 65  c0 a8 00 65    ......._..Ge...e
0020: 00 00 00 00  00 00 c0 a8  00 03                       ..........      


2026-06-28 17:40:36 DEBUG cic.cs.unb.ca.jnetpcap.PacketReader    null
********************************************************************************
0000:*e4 5f 01 96  47 65 dc a6  32 f8 6a 3c  08 06 00 01*   ._..Ge..2.j<....
0010: 08 00 06 04  00 02 dc a6  32 f8 6a 3c  c0 a8 00 03    ........2.j<....
0020: e4 5f 01 96  47 65 c0 a8  00 65*                      ._..Ge...e      


2026-06-28 17:40:36 DEBUG cic.cs.unb.ca.jnetpcap.PacketReader    null
********************************************************************************
0000:*e4 5f 01 96  47 65 dc a6  32 f8 6a 3c  08 06 00 01*   ._..Ge..2.j<....
0010: 08 00 06 04  00 01 dc a6  32 f8 6a 3c  c0 a8 00 03    ........2.j<....
0020: 00 00 00 00  00 00 c0 a8  00 65*                      .........e      


2026-06-28 17:40:36 DEBUG cic.cs.unb.ca.jnetpcap.PacketReader    Invalid [0,48,48) range.
JMemory: JMemory@269e26869dcclass org.jnetpcap.protocol.network.Ip4: size=16 bytes
JMemory: owner=nio.JMemoryPool$Block.class(size=32768/offset=26748)
********************************************************************************
0000:*dc a6 32 f8  6a 3c e4 5f  01 96 47 65  08 06 00 01    ..2.j<._..Ge....
0010: 08 00 06 04  00 02 e4 5f  01 96 47 65  c0 a8 00 65    ......._..Ge...e
0020: dc a6 32 f8  6a 3c c0 a8  00 03                       ..2.j<....      


2026-06-28 17:40:36 DEBUG cic.cs.unb.ca.jnetpcap.PacketReader    Invalid [0,48,48) range.
JMemory: JMemory@269e269b32eclass org.jnetpcap.protocol.network.Ip4: size=20 bytes
JMemory: owner=nio.JMemoryPool$Block.class(size=32768/offset=12702)
********************************************************************************
0000:*dc a6 32 f8  6a 3c e4 5f  01 96 47 65  08 06 00 01    ..2.j<._..Ge....
0010: 08 00 06 04  00 01 e4 5f  01 96 47 65  c0 a8 00 65    ......._..Ge...e
0020: 00 00 00 00  00 00 c0 a8  00 03                       ..........      


2026-06-28 17:40:36 DEBUG cic.cs.unb.ca.jnetpcap.PacketReader    null
********************************************************************************
0000:*e4 5f 01 96  47 65 dc a6  32 f8 6a 3c  08 06 00 01*   ._..Ge..2.j<....
0010: 08 00 06 04  00 02 dc a6  32 f8 6a 3c  c0 a8 00 03    ........2.j<....
0020: e4 5f 01 96  47 65 c0 a8  00 65*                      ._..Ge...e      


2026-06-28 17:40:36 DEBUG cic.cs.unb.ca.jnetpcap.PacketReader    null
********************************************************************************
0000:*33 33 00 00  00 01 72 5d  cc cd 13 20* 86 dd 60 00    33....r]... ..`.
0010: 00 00 00 24  00 01 fe 80  00 00 00 00  00 00 70 5d    ...$..........p]
0020: cc ff fe cd  13 20 ff 02  00 00 00 00  00 00 00 00    ..... ..........
0030: 00 00 00 00  00 01 3a 00  05 02 00 00  01 00 82 00    ......:.........
0040: 2c f1 03 e8  00 00 00 00  00 00 00 00  00 00 00 00    ,...............
0050: 00 00 00 00  00 00 00 00  00 00*                      ..........      


2026-06-28 17:40:36 DEBUG cic.cs.unb.ca.jnetpcap.PacketReader    null
********************************************************************************
0000:*33 33 00 00  00 16 e4 5f  01 96 47 65* 86 dd 60 00    33....._..Ge..`.
0010: 00 00 00 38  00 01 fe 80  00 00 00 00  00 00 f8 d0    ...8............
0020: 36 ba 92 4b  e0 c2 ff 02  00 00 00 00  00 00 00 00    6..K............
0030: 00 00 00 00  00 16 3a 00  05 02 00 00  01 00 8f 00    ......:.........
0040: ed 4e 00 00  00 02 02 00  00 00 ff 02  00 00 00 00    .N..............
0050: 00 00 00 00  00 01 ff 4b  e0 c2 02 00  00 00 ff 02    .......K........
0060: 00 00 00 00  00 00 00 00  00 00 00 00  00 fb*         ..............  


2026-06-28 17:40:36 DEBUG cic.cs.unb.ca.jnetpcap.PacketReader    null
********************************************************************************
0000:*e4 5f 01 96  47 65 dc a6  32 f8 6a 3c  08 06 00 01*   ._..Ge..2.j<....
0010: 08 00 06 04  00 01 dc a6  32 f8 6a 3c  c0 a8 00 03    ........2.j<....
0020: 00 00 00 00  00 00 c0 a8  00 65*                      .........e      


2026-06-28 17:40:36 DEBUG cic.cs.unb.ca.jnetpcap.PacketReader    Invalid [0,48,48) range.
JMemory: JMemory@269e26abd9cclass org.jnetpcap.protocol.network.Ip4: size=16 bytes
JMemory: owner=nio.JMemoryPool$Block.class(size=32768/offset=15340)
********************************************************************************
0000:*dc a6 32 f8  6a 3c e4 5f  01 96 47 65  08 06 00 01    ..2.j<._..Ge....
0010: 08 00 06 04  00 02 e4 5f  01 96 47 65  c0 a8 00 65    ......._..Ge...e
0020: dc a6 32 f8  6a 3c c0 a8  00 03                       ..2.j<....      


2026-06-28 17:40:36 DEBUG cic.cs.unb.ca.jnetpcap.PacketReader    Read All packets on C:\Users\Lenovo\Desktop\hybrid_ids_final_ir_integration\uploads\web_attack(bruteforce).pcap
2026-06-28 17:49:58 DEBUG cic.cs.unb.ca.jnetpcap.worker.ReadPcapFileWorker    Working on... C:\Users\Lenovo\Desktop\hybrid_ids_final_ir_integration\uploads\portscan.pcap
2026-06-28 17:49:58 DEBUG cic.cs.unb.ca.jnetpcap.PacketReader    Read All packets on C:\Users\Lenovo\Desktop\hybrid_ids_final_ir_integration\uploads\portscan.pcap
2026-06-28 17:50:48 DEBUG cic.cs.unb.ca.jnetpcap.worker.ReadPcapFileWorker    Working on... C:\Users\Lenovo\Desktop\hybrid_ids_final_ir_integration\uploads\traffic.pcap
2026-06-28 17:50:49 DEBUG cic.cs.unb.ca.jnetpcap.FlowGenerator    FlagFIN current has 2 flow
2026-06-28 17:50:49 INFO  cic.cs.unb.ca.jnetpcap.FlowGenerator    Forward flow closed due to FIN Flag
2026-06-28 17:50:49 DEBUG cic.cs.unb.ca.jnetpcap.FlowGenerator    FlagFIN current has 3 flow
2026-06-28 17:50:49 DEBUG cic.cs.unb.ca.jnetpcap.FlowGenerator    FlagRST current has 3 flow
2026-06-28 17:50:49 DEBUG cic.cs.unb.ca.jnetpcap.PacketReader    Read All packets on C:\Users\Lenovo\Desktop\hybrid_ids_final_ir_integration\uploads\traffic.pcap
2026-06-28 20:04:23 DEBUG cic.cs.unb.ca.jnetpcap.worker.ReadPcapFileWorker    Working on... C:\Users\amoha\OneDrive\Desktop\gp\gp\hybrid_ids_share_with_keys\uploads\web_attack(bruteforce).pcap
2026-06-28 20:04:24 DEBUG cic.cs.unb.ca.jnetpcap.PacketReader    Invalid [0,48,48) range.
JMemory: JMemory@18958dcdca6class org.jnetpcap.protocol.network.Ip4: size=20 bytes
JMemory: owner=nio.JMemoryPool$Block.class(size=32768/offset=32086)
********************************************************************************
0000:*dc a6 32 f8  6a 3c e4 5f  01 96 47 65  08 06 00 01    ..2.j<._..Ge....
0010: 08 00 06 04  00 01 e4 5f  01 96 47 65  c0 a8 00 65    ......._..Ge...e
0020: 00 00 00 00  00 00 c0 a8  00 03                       ..........      


2026-06-28 20:04:24 DEBUG cic.cs.unb.ca.jnetpcap.PacketReader    null
********************************************************************************
0000:*e4 5f 01 96  47 65 dc a6  32 f8 6a 3c  08 06 00 01*   ._..Ge..2.j<....
0010: 08 00 06 04  00 02 dc a6  32 f8 6a 3c  c0 a8 00 03    ........2.j<....
0020: e4 5f 01 96  47 65 c0 a8  00 65*                      ._..Ge...e      


2026-06-28 20:04:24 DEBUG cic.cs.unb.ca.jnetpcap.PacketReader    null
********************************************************************************
0000:*33 33 00 00  00 01 72 5d  cc cd 13 20* 86 dd 60 00    33....r]... ..`.
0010: 00 00 00 24  00 01 fe 80  00 00 00 00  00 00 70 5d    ...$..........p]
0020: cc ff fe cd  13 20 ff 02  00 00 00 00  00 00 00 00    ..... ..........
0030: 00 00 00 00  00 01 3a 00  05 02 00 00  01 00 82 00    ......:.........
0040: 2c f1 03 e8  00 00 00 00  00 00 00 00  00 00 00 00    ,...............
0050: 00 00 00 00  00 00 00 00  00 00*                      ..........      


2026-06-28 20:04:24 DEBUG cic.cs.unb.ca.jnetpcap.PacketReader    null
********************************************************************************
0000:*33 33 00 00  00 16 e4 5f  01 96 47 65* 86 dd 60 00    33....._..Ge..`.
0010: 00 00 00 38  00 01 fe 80  00 00 00 00  00 00 f8 d0    ...8............
0020: 36 ba 92 4b  e0 c2 ff 02  00 00 00 00  00 00 00 00    6..K............
0030: 00 00 00 00  00 16 3a 00  05 02 00 00  01 00 8f 00    ......:.........
0040: ed 4e 00 00  00 02 02 00  00 00 ff 02  00 00 00 00    .N..............
0050: 00 00 00 00  00 01 ff 4b  e0 c2 02 00  00 00 ff 02    .......K........
0060: 00 00 00 00  00 00 00 00  00 00 00 00  00 fb*         ..............  


2026-06-28 20:04:24 DEBUG cic.cs.unb.ca.jnetpcap.PacketReader    null
********************************************************************************
0000:*e4 5f 01 96  47 65 dc a6  32 f8 6a 3c  08 06 00 01*   ._..Ge..2.j<....
0010: 08 00 06 04  00 01 dc a6  32 f8 6a 3c  c0 a8 00 03    ........2.j<....
0020: 00 00 00 00  00 00 c0 a8  00 65*                      .........e      


2026-06-28 20:04:24 DEBUG cic.cs.unb.ca.jnetpcap.PacketReader    Invalid [0,48,48) range.
JMemory: JMemory@1895a6965ecclass org.jnetpcap.protocol.network.Ip4: size=16 bytes
JMemory: owner=nio.JMemoryPool$Block.class(size=32768/offset=25964)
********************************************************************************
0000:*dc a6 32 f8  6a 3c e4 5f  01 96 47 65  08 06 00 01    ..2.j<._..Ge....
0010: 08 00 06 04  00 02 e4 5f  01 96 47 65  c0 a8 00 65    ......._..Ge...e
0020: dc a6 32 f8  6a 3c c0 a8  00 03                       ..2.j<....      


2026-06-28 20:04:24 DEBUG cic.cs.unb.ca.jnetpcap.PacketReader    Invalid [0,48,48) range.
JMemory: JMemory@1895a6a894eclass org.jnetpcap.protocol.network.Ip4: size=20 bytes
JMemory: owner=nio.JMemoryPool$Block.class(size=32768/offset=2206)
********************************************************************************
0000:*dc a6 32 f8  6a 3c e4 5f  01 96 47 65  08 06 00 01    ..2.j<._..Ge....
0010: 08 00 06 04  00 01 e4 5f  01 96 47 65  c0 a8 00 65    ......._..Ge...e
0020: 00 00 00 00  00 00 c0 a8  00 03                       ..........      


2026-06-28 20:04:24 DEBUG cic.cs.unb.ca.jnetpcap.PacketReader    null
********************************************************************************
0000:*e4 5f 01 96  47 65 dc a6  32 f8 6a 3c  08 06 00 01*   ._..Ge..2.j<....
0010: 08 00 06 04  00 02 dc a6  32 f8 6a 3c  c0 a8 00 03    ........2.j<....
0020: e4 5f 01 96  47 65 c0 a8  00 65*                      ._..Ge...e      


2026-06-28 20:04:24 DEBUG cic.cs.unb.ca.jnetpcap.PacketReader    Invalid [0,48,48) range.
JMemory: JMemory@1895a6d6e0aclass org.jnetpcap.protocol.network.Ip4: size=20 bytes
JMemory: owner=nio.JMemoryPool$Block.class(size=32768/offset=27914)
********************************************************************************
0000:*dc a6 32 f8  6a 3c e4 5f  01 96 47 65  08 06 00 01    ..2.j<._..Ge....
0010: 08 00 06 04  00 01 e4 5f  01 96 47 65  c0 a8 00 65    ......._..Ge...e
0020: 00 00 00 00  00 00 c0 a8  00 03                       ..........      


2026-06-28 20:04:24 DEBUG cic.cs.unb.ca.jnetpcap.PacketReader    null
********************************************************************************
0000:*e4 5f 01 96  47 65 dc a6  32 f8 6a 3c  08 06 00 01*   ._..Ge..2.j<....
0010: 08 00 06 04  00 02 dc a6  32 f8 6a 3c  c0 a8 00 03    ........2.j<....
0020: e4 5f 01 96  47 65 c0 a8  00 65*                      ._..Ge...e      


2026-06-28 20:04:24 DEBUG cic.cs.unb.ca.jnetpcap.PacketReader    null
********************************************************************************
0000:*e4 5f 01 96  47 65 dc a6  32 f8 6a 3c  08 06 00 01*   ._..Ge..2.j<....
0010: 08 00 06 04  00 01 dc a6  32 f8 6a 3c  c0 a8 00 03    ........2.j<....
0020: 00 00 00 00  00 00 c0 a8  00 65*                      .........e      


2026-06-28 20:04:24 DEBUG cic.cs.unb.ca.jnetpcap.PacketReader    Invalid [0,48,48) range.
JMemory: JMemory@1895a6e2938class org.jnetpcap.protocol.network.Ip4: size=16 bytes
JMemory: owner=nio.JMemoryPool$Block.class(size=32768/offset=10264)
********************************************************************************
0000:*dc a6 32 f8  6a 3c e4 5f  01 96 47 65  08 06 00 01    ..2.j<._..Ge....
0010: 08 00 06 04  00 02 e4 5f  01 96 47 65  c0 a8 00 65    ......._..Ge...e
0020: dc a6 32 f8  6a 3c c0 a8  00 03                       ..2.j<....      


2026-06-28 20:04:24 DEBUG cic.cs.unb.ca.jnetpcap.PacketReader    null
********************************************************************************
0000:*33 33 00 00  00 01 72 5d  cc cd 13 20* 86 dd 60 00    33....r]... ..`.
0010: 00 00 00 24  00 01 fe 80  00 00 00 00  00 00 70 5d    ...$..........p]
0020: cc ff fe cd  13 20 ff 02  00 00 00 00  00 00 00 00    ..... ..........
0030: 00 00 00 00  00 01 3a 00  05 02 00 00  01 00 82 00    ......:.........
0040: 2c f1 03 e8  00 00 00 00  00 00 00 00  00 00 00 00    ,...............
0050: 00 00 00 00  00 00 00 00  00 00*                      ..........      


2026-06-28 20:04:24 DEBUG cic.cs.unb.ca.jnetpcap.PacketReader    null
********************************************************************************
0000:*33 33 00 00  00 16 e4 5f  01 96 47 65* 86 dd 60 00    33....._..Ge..`.
0010: 00 00 00 38  00 01 fe 80  00 00 00 00  00 00 f8 d0    ...8............
0020: 36 ba 92 4b  e0 c2 ff 02  00 00 00 00  00 00 00 00    6..K............
0030: 00 00 00 00  00 16 3a 00  05 02 00 00  01 00 8f 00    ......:.........
0040: ed 4e 00 00  00 02 02 00  00 00 ff 02  00 00 00 00    .N..............
0050: 00 00 00 00  00 01 ff 4b  e0 c2 02 00  00 00 ff 02    .......K........
0060: 00 00 00 00  00 00 00 00  00 00 00 00  00 fb*         ..............  


2026-06-28 20:04:24 DEBUG cic.cs.unb.ca.jnetpcap.PacketReader    Invalid [0,48,48) range.
JMemory: JMemory@1895a70818eclass org.jnetpcap.protocol.network.Ip4: size=20 bytes
JMemory: owner=nio.JMemoryPool$Block.class(size=32768/offset=30)
********************************************************************************
0000:*dc a6 32 f8  6a 3c e4 5f  01 96 47 65  08 06 00 01    ..2.j<._..Ge....
0010: 08 00 06 04  00 01 e4 5f  01 96 47 65  c0 a8 00 65    ......._..Ge...e
0020: 00 00 00 00  00 00 c0 a8  00 03                       ..........      


2026-06-28 20:04:24 DEBUG cic.cs.unb.ca.jnetpcap.PacketReader    null
********************************************************************************
0000:*e4 5f 01 96  47 65 dc a6  32 f8 6a 3c  08 06 00 01*   ._..Ge..2.j<....
0010: 08 00 06 04  00 02 dc a6  32 f8 6a 3c  c0 a8 00 03    ........2.j<....
0020: e4 5f 01 96  47 65 c0 a8  00 65*                      ._..Ge...e      


2026-06-28 20:04:24 DEBUG cic.cs.unb.ca.jnetpcap.PacketReader    null
********************************************************************************
0000:*e4 5f 01 96  47 65 dc a6  32 f8 6a 3c  08 06 00 01*   ._..Ge..2.j<....
0010: 08 00 06 04  00 01 dc a6  32 f8 6a 3c  c0 a8 00 03    ........2.j<....
0020: 00 00 00 00  00 00 c0 a8  00 65*                      .........e      


2026-06-28 20:04:24 DEBUG cic.cs.unb.ca.jnetpcap.PacketReader    Invalid [0,48,48) range.
JMemory: JMemory@1895a7335f4class org.jnetpcap.protocol.network.Ip4: size=16 bytes
JMemory: owner=nio.JMemoryPool$Block.class(size=32768/offset=13364)
********************************************************************************
0000:*dc a6 32 f8  6a 3c e4 5f  01 96 47 65  08 06 00 01    ..2.j<._..Ge....
0010: 08 00 06 04  00 02 e4 5f  01 96 47 65  c0 a8 00 65    ......._..Ge...e
0020: dc a6 32 f8  6a 3c c0 a8  00 03                       ..2.j<....      


2026-06-28 20:04:24 DEBUG cic.cs.unb.ca.jnetpcap.PacketReader    Invalid [0,48,48) range.
JMemory: JMemory@1895a736842class org.jnetpcap.protocol.network.Ip4: size=20 bytes
JMemory: owner=nio.JMemoryPool$Block.class(size=32768/offset=26242)
********************************************************************************
0000:*dc a6 32 f8  6a 3c e4 5f  01 96 47 65  08 06 00 01    ..2.j<._..Ge....
0010: 08 00 06 04  00 01 e4 5f  01 96 47 65  c0 a8 00 65    ......._..Ge...e
0020: 00 00 00 00  00 00 c0 a8  00 03                       ..........      


2026-06-28 20:04:24 DEBUG cic.cs.unb.ca.jnetpcap.PacketReader    null
********************************************************************************
0000:*e4 5f 01 96  47 65 dc a6  32 f8 6a 3c  08 06 00 01*   ._..Ge..2.j<....
0010: 08 00 06 04  00 02 dc a6  32 f8 6a 3c  c0 a8 00 03    ........2.j<....
0020: e4 5f 01 96  47 65 c0 a8  00 65*                      ._..Ge...e      


2026-06-28 20:04:24 DEBUG cic.cs.unb.ca.jnetpcap.PacketReader    Invalid [0,48,48) range.
JMemory: JMemory@1895a7392a0class org.jnetpcap.protocol.network.Ip4: size=42 bytes
JMemory: owner=nio.JMemoryPool$Block.class(size=32768/offset=4304)
********************************************************************************
0000:*dc a6 32 f8  6a 3c e4 5f  01 96 47 65  08 06 00 01    ..2.j<._..Ge....
0010: 08 00 06 04  00 02 e4 5f  01 96 47 65  c0 a8 00 65    ......._..Ge...e
0020: dc a6 32 f8  6a 3c c0 a8  00 03                       ..2.j<....      


2026-06-28 20:04:24 DEBUG cic.cs.unb.ca.jnetpcap.PacketReader    null
********************************************************************************
0000:*33 33 00 00  00 01 72 5d  cc cd 13 20* 86 dd 60 00    33....r]... ..`.
0010: 00 00 00 24  00 01 fe 80  00 00 00 00  00 00 70 5d    ...$..........p]
0020: cc ff fe cd  13 20 ff 02  00 00 00 00  00 00 00 00    ..... ..........
0030: 00 00 00 00  00 01 3a 00  05 02 00 00  01 00 82 00    ......:.........
0040: 2c f1 03 e8  00 00 00 00  00 00 00 00  00 00 00 00    ,...............
0050: 00 00 00 00  00 00 00 00  00 00*                      ..........      


2026-06-28 20:04:24 DEBUG cic.cs.unb.ca.jnetpcap.PacketReader    null
********************************************************************************
0000:*33 33 00 00  00 16 e4 5f  01 96 47 65* 86 dd 60 00    33....._..Ge..`.
0010: 00 00 00 38  00 01 fe 80  00 00 00 00  00 00 f8 d0    ...8............
0020: 36 ba 92 4b  e0 c2 ff 02  00 00 00 00  00 00 00 00    6..K............
0030: 00 00 00 00  00 16 3a 00  05 02 00 00  01 00 8f 00    ......:.........
0040: ed 4e 00 00  00 02 02 00  00 00 ff 02  00 00 00 00    .N..............
0050: 00 00 00 00  00 01 ff 4b  e0 c2 02 00  00 00 ff 02    .......K........
0060: 00 00 00 00  00 00 00 00  00 00 00 00  00 fb*         ..............  


2026-06-28 20:04:24 DEBUG cic.cs.unb.ca.jnetpcap.PacketReader    Invalid [0,48,48) range.
JMemory: JMemory@1895a766dfaclass org.jnetpcap.protocol.network.Ip4: size=20 bytes
JMemory: owner=nio.JMemoryPool$Block.class(size=32768/offset=27610)
********************************************************************************
0000:*dc a6 32 f8  6a 3c e4 5f  01 96 47 65  08 06 00 01    ..2.j<._..Ge....
0010: 08 00 06 04  00 01 e4 5f  01 96 47 65  c0 a8 00 65    ......._..Ge...e
0020: 00 00 00 00  00 00 c0 a8  00 03                       ..........      


2026-06-28 20:04:24 DEBUG cic.cs.unb.ca.jnetpcap.PacketReader    null
********************************************************************************
0000:*e4 5f 01 96  47 65 dc a6  32 f8 6a 3c  08 06 00 01*   ._..Ge..2.j<....
0010: 08 00 06 04  00 02 dc a6  32 f8 6a 3c  c0 a8 00 03    ........2.j<....
0020: e4 5f 01 96  47 65 c0 a8  00 65*                      ._..Ge...e      


2026-06-28 20:04:24 DEBUG cic.cs.unb.ca.jnetpcap.PacketReader    null
********************************************************************************
0000:*e4 5f 01 96  47 65 dc a6  32 f8 6a 3c  08 06 00 01*   ._..Ge..2.j<....
0010: 08 00 06 04  00 01 dc a6  32 f8 6a 3c  c0 a8 00 03    ........2.j<....
0020: 00 00 00 00  00 00 c0 a8  00 65*                      .........e      


2026-06-28 20:04:24 DEBUG cic.cs.unb.ca.jnetpcap.PacketReader    Invalid [0,48,48) range.
JMemory: JMemory@1895a7887e0class org.jnetpcap.protocol.network.Ip4: size=16 bytes
JMemory: owner=nio.JMemoryPool$Block.class(size=32768/offset=1392)
********************************************************************************
0000:*dc a6 32 f8  6a 3c e4 5f  01 96 47 65  08 06 00 01    ..2.j<._..Ge....
0010: 08 00 06 04  00 02 e4 5f  01 96 47 65  c0 a8 00 65    ......._..Ge...e
0020: dc a6 32 f8  6a 3c c0 a8  00 03                       ..2.j<....      


2026-06-28 20:04:24 DEBUG cic.cs.unb.ca.jnetpcap.PacketReader    Invalid [0,48,48) range.
JMemory: JMemory@1895a797e92class org.jnetpcap.protocol.network.Ip4: size=20 bytes
JMemory: owner=nio.JMemoryPool$Block.class(size=32768/offset=31762)
********************************************************************************
0000:*dc a6 32 f8  6a 3c e4 5f  01 96 47 65  08 06 00 01    ..2.j<._..Ge....
0010: 08 00 06 04  00 01 e4 5f  01 96 47 65  c0 a8 00 65    ......._..Ge...e
0020: 00 00 00 00  00 00 c0 a8  00 03                       ..........      


2026-06-28 20:04:24 DEBUG cic.cs.unb.ca.jnetpcap.PacketReader    null
********************************************************************************
0000:*e4 5f 01 96  47 65 dc a6  32 f8 6a 3c  08 06 00 01*   ._..Ge..2.j<....
0010: 08 00 06 04  00 02 dc a6  32 f8 6a 3c  c0 a8 00 03    ........2.j<....
0020: e4 5f 01 96  47 65 c0 a8  00 65*                      ._..Ge...e      


2026-06-28 20:04:24 DEBUG cic.cs.unb.ca.jnetpcap.PacketReader    Invalid [0,48,48) range.
JMemory: JMemory@1895a7c66e6class org.jnetpcap.protocol.network.Ip4: size=20 bytes
JMemory: owner=nio.JMemoryPool$Block.class(size=32768/offset=25606)
********************************************************************************
0000:*dc a6 32 f8  6a 3c e4 5f  01 96 47 65  08 06 00 01    ..2.j<._..Ge....
0010: 08 00 06 04  00 01 e4 5f  01 96 47 65  c0 a8 00 65    ......._..Ge...e
0020: 00 00 00 00  00 00 c0 a8  00 03                       ..........      


2026-06-28 20:04:24 DEBUG cic.cs.unb.ca.jnetpcap.PacketReader    null
********************************************************************************
0000:*e4 5f 01 96  47 65 dc a6  32 f8 6a 3c  08 06 00 01*   ._..Ge..2.j<....
0010: 08 00 06 04  00 02 dc a6  32 f8 6a 3c  c0 a8 00 03    ........2.j<....
0020: e4 5f 01 96  47 65 c0 a8  00 65*                      ._..Ge...e      


2026-06-28 20:04:24 DEBUG cic.cs.unb.ca.jnetpcap.PacketReader    null
********************************************************************************
0000:*e4 5f 01 96  47 65 dc a6  32 f8 6a 3c  08 06 00 01*   ._..Ge..2.j<....
0010: 08 00 06 04  00 01 dc a6  32 f8 6a 3c  c0 a8 00 03    ........2.j<....
0020: 00 00 00 00  00 00 c0 a8  00 65*                      .........e      


2026-06-28 20:04:24 DEBUG cic.cs.unb.ca.jnetpcap.PacketReader    Invalid [0,48,48) range.
JMemory: JMemory@18958cf9000class org.jnetpcap.protocol.network.Ip4: size=16 bytes
JMemory: owner=nio.JMemoryPool$Block.class(size=32768/offset=19520)
********************************************************************************
0000:*dc a6 32 f8  6a 3c e4 5f  01 96 47 65  08 06 00 01    ..2.j<._..Ge....
0010: 08 00 06 04  00 02 e4 5f  01 96 47 65  c0 a8 00 65    ......._..Ge...e
0020: dc a6 32 f8  6a 3c c0 a8  00 03                       ..2.j<....      


2026-06-28 20:04:24 DEBUG cic.cs.unb.ca.jnetpcap.PacketReader    null
********************************************************************************
0000:*33 33 00 00  00 01 72 5d  cc cd 13 20* 86 dd 60 00    33....r]... ..`.
0010: 00 00 00 24  00 01 fe 80  00 00 00 00  00 00 70 5d    ...$..........p]
0020: cc ff fe cd  13 20 ff 02  00 00 00 00  00 00 00 00    ..... ..........
0030: 00 00 00 00  00 01 3a 00  05 02 00 00  01 00 82 00    ......:.........
0040: 2c f1 03 e8  00 00 00 00  00 00 00 00  00 00 00 00    ,...............
0050: 00 00 00 00  00 00 00 00  00 00*                      ..........      


2026-06-28 20:04:24 DEBUG cic.cs.unb.ca.jnetpcap.PacketReader    null
********************************************************************************
0000:*33 33 00 00  00 16 e4 5f  01 96 47 65* 86 dd 60 00    33....._..Ge..`.
0010: 00 00 00 38  00 01 fe 80  00 00 00 00  00 00 f8 d0    ...8............
0020: 36 ba 92 4b  e0 c2 ff 02  00 00 00 00  00 00 00 00    6..K............
0030: 00 00 00 00  00 16 3a 00  05 02 00 00  01 00 8f 00    ......:.........
0040: ed 4e 00 00  00 02 02 00  00 00 ff 02  00 00 00 00    .N..............
0050: 00 00 00 00  00 01 ff 4b  e0 c2 02 00  00 00 ff 02    .......K........
0060: 00 00 00 00  00 00 00 00  00 00 00 00  00 fb*         ..............  


2026-06-28 20:04:24 DEBUG cic.cs.unb.ca.jnetpcap.PacketReader    Invalid [0,48,48) range.
JMemory: JMemory@1895a7af48aclass org.jnetpcap.protocol.network.Ip4: size=20 bytes
JMemory: owner=nio.JMemoryPool$Block.class(size=32768/offset=29770)
********************************************************************************
0000:*dc a6 32 f8  6a 3c e4 5f  01 96 47 65  08 06 00 01    ..2.j<._..Ge....
0010: 08 00 06 04  00 01 e4 5f  01 96 47 65  c0 a8 00 65    ......._..Ge...e
0020: 00 00 00 00  00 00 c0 a8  00 03                       ..........      


2026-06-28 20:04:24 DEBUG cic.cs.unb.ca.jnetpcap.PacketReader    null
********************************************************************************
0000:*e4 5f 01 96  47 65 dc a6  32 f8 6a 3c  08 06 00 01*   ._..Ge..2.j<....
0010: 08 00 06 04  00 02 dc a6  32 f8 6a 3c  c0 a8 00 03    ........2.j<....
0020: e4 5f 01 96  47 65 c0 a8  00 65*                      ._..Ge...e      


2026-06-28 20:04:24 DEBUG cic.cs.unb.ca.jnetpcap.PacketReader    null
********************************************************************************
0000:*e4 5f 01 96  47 65 dc a6  32 f8 6a 3c  08 06 00 01*   ._..Ge..2.j<....
0010: 08 00 06 04  00 01 dc a6  32 f8 6a 3c  c0 a8 00 03    ........2.j<....
0020: 00 00 00 00  00 00 c0 a8  00 65*                      .........e      


2026-06-28 20:04:24 DEBUG cic.cs.unb.ca.jnetpcap.PacketReader    Invalid [0,48,48) range.
JMemory: JMemory@18958dc2a58class org.jnetpcap.protocol.network.Ip4: size=16 bytes
JMemory: owner=nio.JMemoryPool$Block.class(size=32768/offset=19224)
********************************************************************************
0000:*dc a6 32 f8  6a 3c e4 5f  01 96 47 65  08 06 00 01    ..2.j<._..Ge....
0010: 08 00 06 04  00 02 e4 5f  01 96 47 65  c0 a8 00 65    ......._..Ge...e
0020: dc a6 32 f8  6a 3c c0 a8  00 03                       ..2.j<....      


2026-06-28 20:04:24 DEBUG cic.cs.unb.ca.jnetpcap.PacketReader    Invalid [0,48,48) range.
JMemory: JMemory@18958dc493eclass org.jnetpcap.protocol.network.Ip4: size=20 bytes
JMemory: owner=nio.JMemoryPool$Block.class(size=32768/offset=27134)
********************************************************************************
0000:*dc a6 32 f8  6a 3c e4 5f  01 96 47 65  08 06 00 01    ..2.j<._..Ge....
0010: 08 00 06 04  00 01 e4 5f  01 96 47 65  c0 a8 00 65    ......._..Ge...e
0020: 00 00 00 00  00 00 c0 a8  00 03                       ..........      


2026-06-28 20:04:24 DEBUG cic.cs.unb.ca.jnetpcap.PacketReader    null
********************************************************************************
0000:*e4 5f 01 96  47 65 dc a6  32 f8 6a 3c  08 06 00 01*   ._..Ge..2.j<....
0010: 08 00 06 04  00 02 dc a6  32 f8 6a 3c  c0 a8 00 03    ........2.j<....
0020: e4 5f 01 96  47 65 c0 a8  00 65*                      ._..Ge...e      


2026-06-28 20:04:24 DEBUG cic.cs.unb.ca.jnetpcap.PacketReader    Invalid [0,48,48) range.
JMemory: JMemory@18958dce55cclass org.jnetpcap.protocol.network.Ip4: size=42 bytes
JMemory: owner=nio.JMemoryPool$Block.class(size=32768/offset=1532)
********************************************************************************
0000:*dc a6 32 f8  6a 3c e4 5f  01 96 47 65  08 06 00 01    ..2.j<._..Ge....
0010: 08 00 06 04  00 02 e4 5f  01 96 47 65  c0 a8 00 65    ......._..Ge...e
0020: dc a6 32 f8  6a 3c c0 a8  00 03                       ..2.j<....      


2026-06-28 20:04:24 DEBUG cic.cs.unb.ca.jnetpcap.PacketReader    null
********************************************************************************
0000:*e4 5f 01 96  47 65 70 5d  cc dd 13 23  08 06 00 01*   ._..Gep]...#....
0010: 08 00 06 04  00 01 70 5d  cc dd 13 23  c0 a8 00 01    ......p]...#....
0020: 00 00 00 00  00 00 c0 a8  00 65*                      .........e      


2026-06-28 20:04:24 DEBUG cic.cs.unb.ca.jnetpcap.PacketReader    null
********************************************************************************
0000:*e4 5f 01 96  47 65 70 5d  cc dd 13 23  08 06 00 01*   ._..Gep]...#....
0010: 08 00 06 04  00 02 70 5d  cc dd 13 23  c0 a8 00 01    ......p]...#....
0020: e4 5f 01 96  47 65 c0 a8  00 65*                      ._..Ge...e      


2026-06-28 20:04:24 DEBUG cic.cs.unb.ca.jnetpcap.PacketReader    null
********************************************************************************
0000:*33 33 00 00  00 01 72 5d  cc cd 13 20* 86 dd 60 00    33....r]... ..`.
0010: 00 00 00 24  00 01 fe 80  00 00 00 00  00 00 70 5d    ...$..........p]
0020: cc ff fe cd  13 20 ff 02  00 00 00 00  00 00 00 00    ..... ..........
0030: 00 00 00 00  00 01 3a 00  05 02 00 00  01 00 82 00    ......:.........
0040: 2c f1 03 e8  00 00 00 00  00 00 00 00  00 00 00 00    ,...............
0050: 00 00 00 00  00 00 00 00  00 00*                      ..........      


2026-06-28 20:04:24 DEBUG cic.cs.unb.ca.jnetpcap.PacketReader    null
********************************************************************************
0000:*33 33 00 00  00 16 e4 5f  01 96 47 65* 86 dd 60 00    33....._..Ge..`.
0010: 00 00 00 38  00 01 fe 80  00 00 00 00  00 00 f8 d0    ...8............
0020: 36 ba 92 4b  e0 c2 ff 02  00 00 00 00  00 00 00 00    6..K............
0030: 00 00 00 00  00 16 3a 00  05 02 00 00  01 00 8f 00    ......:.........
0040: ed 4e 00 00  00 02 02 00  00 00 ff 02  00 00 00 00    .N..............
0050: 00 00 00 00  00 01 ff 4b  e0 c2 02 00  00 00 ff 02    .......K........
0060: 00 00 00 00  00 00 00 00  00 00 00 00  00 fb*         ..............  


2026-06-28 20:04:24 DEBUG cic.cs.unb.ca.jnetpcap.PacketReader    Invalid [0,48,48) range.
JMemory: JMemory@1895a7dea8eclass org.jnetpcap.protocol.network.Ip4: size=20 bytes
JMemory: owner=nio.JMemoryPool$Block.class(size=32768/offset=26494)
********************************************************************************
0000:*dc a6 32 f8  6a 3c e4 5f  01 96 47 65  08 06 00 01    ..2.j<._..Ge....
0010: 08 00 06 04  00 01 e4 5f  01 96 47 65  c0 a8 00 65    ......._..Ge...e
0020: 00 00 00 00  00 00 c0 a8  00 03                       ..........      


2026-06-28 20:04:24 DEBUG cic.cs.unb.ca.jnetpcap.PacketReader    null
********************************************************************************
0000:*e4 5f 01 96  47 65 dc a6  32 f8 6a 3c  08 06 00 01*   ._..Ge..2.j<....
0010: 08 00 06 04  00 02 dc a6  32 f8 6a 3c  c0 a8 00 03    ........2.j<....
0020: e4 5f 01 96  47 65 c0 a8  00 65*                      ._..Ge...e      


2026-06-28 20:04:24 DEBUG cic.cs.unb.ca.jnetpcap.PacketReader    null
********************************************************************************
0000:*e4 5f 01 96  47 65 dc a6  32 f8 6a 3c  08 06 00 01*   ._..Ge..2.j<....
0010: 08 00 06 04  00 01 dc a6  32 f8 6a 3c  c0 a8 00 03    ........2.j<....
0020: 00 00 00 00  00 00 c0 a8  00 65*                      .........e      


2026-06-28 20:04:24 DEBUG cic.cs.unb.ca.jnetpcap.PacketReader    Invalid [0,48,48) range.
JMemory: JMemory@1895a805f08class org.jnetpcap.protocol.network.Ip4: size=16 bytes
JMemory: owner=nio.JMemoryPool$Block.class(size=32768/offset=23464)
********************************************************************************
0000:*dc a6 32 f8  6a 3c e4 5f  01 96 47 65  08 06 00 01    ..2.j<._..Ge....
0010: 08 00 06 04  00 02 e4 5f  01 96 47 65  c0 a8 00 65    ......._..Ge...e
0020: dc a6 32 f8  6a 3c c0 a8  00 03                       ..2.j<....      


2026-06-28 20:04:24 DEBUG cic.cs.unb.ca.jnetpcap.PacketReader    Invalid [0,48,48) range.
JMemory: JMemory@1895a80f6d2class org.jnetpcap.protocol.network.Ip4: size=20 bytes
JMemory: owner=nio.JMemoryPool$Block.class(size=32768/offset=29538)
********************************************************************************
0000:*dc a6 32 f8  6a 3c e4 5f  01 96 47 65  08 06 00 01    ..2.j<._..Ge....
0010: 08 00 06 04  00 01 e4 5f  01 96 47 65  c0 a8 00 65    ......._..Ge...e
0020: 00 00 00 00  00 00 c0 a8  00 03                       ..........      


2026-06-28 20:04:24 DEBUG cic.cs.unb.ca.jnetpcap.PacketReader    null
********************************************************************************
0000:*e4 5f 01 96  47 65 dc a6  32 f8 6a 3c  08 06 00 01*   ._..Ge..2.j<....
0010: 08 00 06 04  00 02 dc a6  32 f8 6a 3c  c0 a8 00 03    ........2.j<....
0020: e4 5f 01 96  47 65 c0 a8  00 65*                      ._..Ge...e      


2026-06-28 20:04:24 DEBUG cic.cs.unb.ca.jnetpcap.PacketReader    Invalid [0,48,48) range.
JMemory: JMemory@1895a83da7eclass org.jnetpcap.protocol.network.Ip4: size=20 bytes
JMemory: owner=nio.JMemoryPool$Block.class(size=32768/offset=22190)
********************************************************************************
0000:*dc a6 32 f8  6a 3c e4 5f  01 96 47 65  08 06 00 01    ..2.j<._..Ge....
0010: 08 00 06 04  00 01 e4 5f  01 96 47 65  c0 a8 00 65    ......._..Ge...e
0020: 00 00 00 00  00 00 c0 a8  00 03                       ..........      


2026-06-28 20:04:24 DEBUG cic.cs.unb.ca.jnetpcap.PacketReader    null
********************************************************************************
0000:*e4 5f 01 96  47 65 dc a6  32 f8 6a 3c  08 06 00 01*   ._..Ge..2.j<....
0010: 08 00 06 04  00 02 dc a6  32 f8 6a 3c  c0 a8 00 03    ........2.j<....
0020: e4 5f 01 96  47 65 c0 a8  00 65*                      ._..Ge...e      


2026-06-28 20:04:24 DEBUG cic.cs.unb.ca.jnetpcap.PacketReader    null
********************************************************************************
0000:*33 33 00 00  00 01 72 5d  cc cd 13 20* 86 dd 60 00    33....r]... ..`.
0010: 00 00 00 24  00 01 fe 80  00 00 00 00  00 00 70 5d    ...$..........p]
0020: cc ff fe cd  13 20 ff 02  00 00 00 00  00 00 00 00    ..... ..........
0030: 00 00 00 00  00 01 3a 00  05 02 00 00  01 00 82 00    ......:.........
0040: 2c f1 03 e8  00 00 00 00  00 00 00 00  00 00 00 00    ,...............
0050: 00 00 00 00  00 00 00 00  00 00*                      ..........      


2026-06-28 20:04:24 DEBUG cic.cs.unb.ca.jnetpcap.PacketReader    null
********************************************************************************
0000:*33 33 00 00  00 16 e4 5f  01 96 47 65* 86 dd 60 00    33....._..Ge..`.
0010: 00 00 00 38  00 01 fe 80  00 00 00 00  00 00 f8 d0    ...8............
0020: 36 ba 92 4b  e0 c2 ff 02  00 00 00 00  00 00 00 00    6..K............
0030: 00 00 00 00  00 16 3a 00  05 02 00 00  01 00 8f 00    ......:.........
0040: ed 4e 00 00  00 02 02 00  00 00 ff 02  00 00 00 00    .N..............
0050: 00 00 00 00  00 01 ff 4b  e0 c2 02 00  00 00 ff 02    .......K........
0060: 00 00 00 00  00 00 00 00  00 00 00 00  00 fb*         ..............  


2026-06-28 20:04:24 DEBUG cic.cs.unb.ca.jnetpcap.PacketReader    null
********************************************************************************
0000:*e4 5f 01 96  47 65 dc a6  32 f8 6a 3c  08 06 00 01*   ._..Ge..2.j<....
0010: 08 00 06 04  00 01 dc a6  32 f8 6a 3c  c0 a8 00 03    ........2.j<....
0020: 00 00 00 00  00 00 c0 a8  00 65*                      .........e      


2026-06-28 20:04:24 DEBUG cic.cs.unb.ca.jnetpcap.PacketReader    Invalid [0,48,48) range.
JMemory: JMemory@1895a852508class org.jnetpcap.protocol.network.Ip4: size=16 bytes
JMemory: owner=nio.JMemoryPool$Block.class(size=32768/offset=8456)
********************************************************************************
0000:*dc a6 32 f8  6a 3c e4 5f  01 96 47 65  08 06 00 01    ..2.j<._..Ge....
0010: 08 00 06 04  00 02 e4 5f  01 96 47 65  c0 a8 00 65    ......._..Ge...e
0020: dc a6 32 f8  6a 3c c0 a8  00 03                       ..2.j<....      


2026-06-28 20:04:24 DEBUG cic.cs.unb.ca.jnetpcap.PacketReader    null
********************************************************************************
0000:*33 33 00 00  00 fb 8c 88  2b 40 07 be* 86 dd 60 0a    33......+@....`.
0010: 8e 35 00 24  11 01 fe 80  00 00 00 00  00 00 67 bd    .5.$..........g.
0020: 69 35 c9 5b  bf cb ff 02  00 00 00 00  00 00 00 00    i5.[............
0030: 00 00 00 00  00 fb 14 e9  14 e9 00 24  68 89 00 00    ...........$h...
0040: 00 00 00 01  00 00 00 00  00 00 04 77  70 61 64 05    ...........wpad.
0050: 6c 6f 63 61  6c 00 00 01  00 01*                      local.....      


2026-06-28 20:04:24 DEBUG cic.cs.unb.ca.jnetpcap.PacketReader    null
********************************************************************************
0000:*33 33 00 00  00 fb 8c 88  2b 40 07 be* 86 dd 60 0a    33......+@....`.
0010: 8e 35 00 24  11 01 fe 80  00 00 00 00  00 00 67 bd    .5.$..........g.
0020: 69 35 c9 5b  bf cb ff 02  00 00 00 00  00 00 00 00    i5.[............
0030: 00 00 00 00  00 fb 14 e9  14 e9 00 24  68 6e 00 00    ...........$hn..
0040: 00 00 00 01  00 00 00 00  00 00 04 77  70 61 64 05    ...........wpad.
0050: 6c 6f 63 61  6c 00 00 1c  00 01*                      local.....      


2026-06-28 20:04:24 DEBUG cic.cs.unb.ca.jnetpcap.PacketReader    null
********************************************************************************
0000:*33 33 00 00  00 fb 8c 88  2b 40 07 be* 86 dd 60 0a    33......+@....`.
0010: 8e 35 00 24  11 01 fe 80  00 00 00 00  00 00 67 bd    .5.$..........g.
0020: 69 35 c9 5b  bf cb ff 02  00 00 00 00  00 00 00 00    i5.[............
0030: 00 00 00 00  00 fb 14 e9  14 e9 00 24  68 89 00 00    ...........$h...
0040: 00 00 00 01  00 00 00 00  00 00 04 77  70 61 64 05    ...........wpad.
0050: 6c 6f 63 61  6c 00 00 01  00 01*                      local.....      


2026-06-28 20:04:24 DEBUG cic.cs.unb.ca.jnetpcap.PacketReader    null
********************************************************************************
0000:*33 33 00 00  00 fb 8c 88  2b 40 07 be* 86 dd 60 0a    33......+@....`.
0010: 8e 35 00 24  11 01 fe 80  00 00 00 00  00 00 67 bd    .5.$..........g.
0020: 69 35 c9 5b  bf cb ff 02  00 00 00 00  00 00 00 00    i5.[............
0030: 00 00 00 00  00 fb 14 e9  14 e9 00 24  68 6e 00 00    ...........$hn..
0040: 00 00 00 01  00 00 00 00  00 00 04 77  70 61 64 05    ...........wpad.
0050: 6c 6f 63 61  6c 00 00 1c  00 01*                      local.....      


2026-06-28 20:04:24 DEBUG cic.cs.unb.ca.jnetpcap.PacketReader    null
********************************************************************************
0000:*33 33 00 00  00 fb 8c 88  2b 40 07 be* 86 dd 60 0a    33......+@....`.
0010: 8e 35 00 24  11 01 fe 80  00 00 00 00  00 00 67 bd    .5.$..........g.
0020: 69 35 c9 5b  bf cb ff 02  00 00 00 00  00 00 00 00    i5.[............
0030: 00 00 00 00  00 fb 14 e9  14 e9 00 24  68 89 00 00    ...........$h...
0040: 00 00 00 01  00 00 00 00  00 00 04 77  70 61 64 05    ...........wpad.
0050: 6c 6f 63 61  6c 00 00 01  00 01*                      local.....      


2026-06-28 20:04:24 DEBUG cic.cs.unb.ca.jnetpcap.PacketReader    null
********************************************************************************
0000:*33 33 00 00  00 fb 8c 88  2b 40 07 be* 86 dd 60 0a    33......+@....`.
0010: 8e 35 00 24  11 01 fe 80  00 00 00 00  00 00 67 bd    .5.$..........g.
0020: 69 35 c9 5b  bf cb ff 02  00 00 00 00  00 00 00 00    i5.[............
0030: 00 00 00 00  00 fb 14 e9  14 e9 00 24  68 89 00 00    ...........$h...
0040: 00 00 00 01  00 00 00 00  00 00 04 77  70 61 64 05    ...........wpad.
0050: 6c 6f 63 61  6c 00 00 01  00 01*                      local.....      


2026-06-28 20:04:24 DEBUG cic.cs.unb.ca.jnetpcap.PacketReader    null
********************************************************************************
0000:*33 33 00 00  00 fb 8c 88  2b 40 07 be* 86 dd 60 0a    33......+@....`.
0010: 8e 35 00 24  11 01 fe 80  00 00 00 00  00 00 67 bd    .5.$..........g.
0020: 69 35 c9 5b  bf cb ff 02  00 00 00 00  00 00 00 00    i5.[............
0030: 00 00 00 00  00 fb 14 e9  14 e9 00 24  68 6e 00 00    ...........$hn..
0040: 00 00 00 01  00 00 00 00  00 00 04 77  70 61 64 05    ...........wpad.
0050: 6c 6f 63 61  6c 00 00 1c  00 01*                      local.....      


2026-06-28 20:04:24 DEBUG cic.cs.unb.ca.jnetpcap.PacketReader    null
********************************************************************************
0000:*33 33 00 00  00 fb 8c 88  2b 40 07 be* 86 dd 60 0a    33......+@....`.
0010: 8e 35 00 24  11 01 fe 80  00 00 00 00  00 00 67 bd    .5.$..........g.
0020: 69 35 c9 5b  bf cb ff 02  00 00 00 00  00 00 00 00    i5.[............
0030: 00 00 00 00  00 fb 14 e9  14 e9 00 24  68 6e 00 00    ...........$hn..
0040: 00 00 00 01  00 00 00 00  00 00 04 77  70 61 64 05    ...........wpad.
0050: 6c 6f 63 61  6c 00 00 1c  00 01*                      local.....      


2026-06-28 20:04:24 DEBUG cic.cs.unb.ca.jnetpcap.PacketReader    null
********************************************************************************
0000:*33 33 00 00  00 fb e4 5f  01 96 47 65* 86 dd 60 08    33....._..Ge..`.
0010: 6f c5 00 35  11 ff fe 80  00 00 00 00  00 00 f8 d0    o..5............
0020: 36 ba 92 4b  e0 c2 ff 02  00 00 00 00  00 00 00 00    6..K............
0030: 00 00 00 00  00 fb 14 e9  14 e9 00 35  33 1f 00 00    ...........53..
0040: 00 00 00 02  00 00 00 00  00 00 05 5f  69 70 70 73    ..........._ipps
0050: 04 5f 74 63  70 05 6c 6f  63 61 6c 00  00 0c 00 01    ._tcp.local.....
0060: 04 5f 69 70  70 c0 12 00  0c 00 01*                   ._ipp......     


2026-06-28 20:04:24 DEBUG cic.cs.unb.ca.jnetpcap.PacketReader    Invalid [0,48,48) range.
JMemory: JMemory@1895a86f028class org.jnetpcap.protocol.network.Ip4: size=20 bytes
JMemory: owner=nio.JMemoryPool$Block.class(size=32768/offset=27640)
********************************************************************************
0000:*dc a6 32 f8  6a 3c e4 5f  01 96 47 65  08 06 00 01    ..2.j<._..Ge....
0010: 08 00 06 04  00 01 e4 5f  01 96 47 65  c0 a8 00 65    ......._..Ge...e
0020: 00 00 00 00  00 00 c0 a8  00 03                       ..........      


2026-06-28 20:04:24 DEBUG cic.cs.unb.ca.jnetpcap.PacketReader    null
********************************************************************************
0000:*e4 5f 01 96  47 65 dc a6  32 f8 6a 3c  08 06 00 01*   ._..Ge..2.j<....
0010: 08 00 06 04  00 02 dc a6  32 f8 6a 3c  c0 a8 00 03    ........2.j<....
0020: e4 5f 01 96  47 65 c0 a8  00 65*                      ._..Ge...e      


2026-06-28 20:04:24 DEBUG cic.cs.unb.ca.jnetpcap.PacketReader    Invalid [0,48,48) range.
JMemory: JMemory@1895a6a60faclass org.jnetpcap.protocol.network.Ip4: size=20 bytes
JMemory: owner=nio.JMemoryPool$Block.class(size=32768/offset=24666)
********************************************************************************
0000:*dc a6 32 f8  6a 3c e4 5f  01 96 47 65  08 06 00 01    ..2.j<._..Ge....
0010: 08 00 06 04  00 01 e4 5f  01 96 47 65  c0 a8 00 65    ......._..Ge...e
0020: 00 00 00 00  00 00 c0 a8  00 03                       ..........      


2026-06-28 20:04:24 DEBUG cic.cs.unb.ca.jnetpcap.PacketReader    null
********************************************************************************
0000:*e4 5f 01 96  47 65 dc a6  32 f8 6a 3c  08 06 00 01*   ._..Ge..2.j<....
0010: 08 00 06 04  00 02 dc a6  32 f8 6a 3c  c0 a8 00 03    ........2.j<....
0020: e4 5f 01 96  47 65 c0 a8  00 65*                      ._..Ge...e      


2026-06-28 20:04:24 DEBUG cic.cs.unb.ca.jnetpcap.PacketReader    null
********************************************************************************
0000:*e4 5f 01 96  47 65 dc a6  32 f8 6a 3c  08 06 00 01*   ._..Ge..2.j<....
0010: 08 00 06 04  00 01 dc a6  32 f8 6a 3c  c0 a8 00 03    ........2.j<....
0020: 00 00 00 00  00 00 c0 a8  00 65*                      .........e      


2026-06-28 20:04:24 DEBUG cic.cs.unb.ca.jnetpcap.PacketReader    Invalid [0,48,48) range.
JMemory: JMemory@1895a6a6f44class org.jnetpcap.protocol.network.Ip4: size=16 bytes
JMemory: owner=nio.JMemoryPool$Block.class(size=32768/offset=28324)
********************************************************************************
0000:*dc a6 32 f8  6a 3c e4 5f  01 96 47 65  08 06 00 01    ..2.j<._..Ge....
0010: 08 00 06 04  00 02 e4 5f  01 96 47 65  c0 a8 00 65    ......._..Ge...e
0020: dc a6 32 f8  6a 3c c0 a8  00 03                       ..2.j<....      


2026-06-28 20:04:24 DEBUG cic.cs.unb.ca.jnetpcap.PacketReader    Invalid [0,48,48) range.
JMemory: JMemory@1895a6b0fa8class org.jnetpcap.protocol.network.Ip4: size=42 bytes
JMemory: owner=nio.JMemoryPool$Block.class(size=32768/offset=3816)
********************************************************************************
0000:*dc a6 32 f8  6a 3c e4 5f  01 96 47 65  08 06 00 01    ..2.j<._..Ge....
0010: 08 00 06 04  00 02 e4 5f  01 96 47 65  c0 a8 00 65    ......._..Ge...e
0020: dc a6 32 f8  6a 3c c0 a8  00 03                       ..2.j<....      


2026-06-28 20:04:24 DEBUG cic.cs.unb.ca.jnetpcap.PacketReader    null
********************************************************************************
0000:*33 33 00 00  00 01 72 5d  cc cd 13 20* 86 dd 60 00    33....r]... ..`.
0010: 00 00 00 24  00 01 fe 80  00 00 00 00  00 00 70 5d    ...$..........p]
0020: cc ff fe cd  13 20 ff 02  00 00 00 00  00 00 00 00    ..... ..........
0030: 00 00 00 00  00 01 3a 00  05 02 00 00  01 00 82 00    ......:.........
0040: 2c f1 03 e8  00 00 00 00  00 00 00 00  00 00 00 00    ,...............
0050: 00 00 00 00  00 00 00 00  00 00*                      ..........      


2026-06-28 20:04:24 DEBUG cic.cs.unb.ca.jnetpcap.PacketReader    null
********************************************************************************
0000:*33 33 00 00  00 16 e4 5f  01 96 47 65* 86 dd 60 00    33....._..Ge..`.
0010: 00 00 00 38  00 01 fe 80  00 00 00 00  00 00 f8 d0    ...8............
0020: 36 ba 92 4b  e0 c2 ff 02  00 00 00 00  00 00 00 00    6..K............
0030: 00 00 00 00  00 16 3a 00  05 02 00 00  01 00 8f 00    ......:.........
0040: ed 4e 00 00  00 02 02 00  00 00 ff 02  00 00 00 00    .N..............
0050: 00 00 00 00  00 01 ff 4b  e0 c2 02 00  00 00 ff 02    .......K........
0060: 00 00 00 00  00 00 00 00  00 00 00 00  00 fb*         ..............  


2026-06-28 20:04:24 DEBUG cic.cs.unb.ca.jnetpcap.PacketReader    Invalid [0,48,48) range.
JMemory: JMemory@1895a6d55c2class org.jnetpcap.protocol.network.Ip4: size=20 bytes
JMemory: owner=nio.JMemoryPool$Block.class(size=32768/offset=21698)
********************************************************************************
0000:*dc a6 32 f8  6a 3c e4 5f  01 96 47 65  08 06 00 01    ..2.j<._..Ge....
0010: 08 00 06 04  00 01 e4 5f  01 96 47 65  c0 a8 00 65    ......._..Ge...e
0020: 00 00 00 00  00 00 c0 a8  00 03                       ..........      


2026-06-28 20:04:24 DEBUG cic.cs.unb.ca.jnetpcap.PacketReader    null
********************************************************************************
0000:*e4 5f 01 96  47 65 dc a6  32 f8 6a 3c  08 06 00 01*   ._..Ge..2.j<....
0010: 08 00 06 04  00 02 dc a6  32 f8 6a 3c  c0 a8 00 03    ........2.j<....
0020: e4 5f 01 96  47 65 c0 a8  00 65*                      ._..Ge...e      


2026-06-28 20:04:24 DEBUG cic.cs.unb.ca.jnetpcap.PacketReader    null
********************************************************************************
0000:*e4 5f 01 96  47 65 dc a6  32 f8 6a 3c  08 06 00 01*   ._..Ge..2.j<....
0010: 08 00 06 04  00 01 dc a6  32 f8 6a 3c  c0 a8 00 03    ........2.j<....
0020: 00 00 00 00  00 00 c0 a8  00 65*                      .........e      


2026-06-28 20:04:24 DEBUG cic.cs.unb.ca.jnetpcap.PacketReader    Invalid [0,48,48) range.
JMemory: JMemory@1895a6fe180class org.jnetpcap.protocol.network.Ip4: size=16 bytes
JMemory: owner=nio.JMemoryPool$Block.class(size=32768/offset=24624)
********************************************************************************
0000:*dc a6 32 f8  6a 3c e4 5f  01 96 47 65  08 06 00 01    ..2.j<._..Ge....
0010: 08 00 06 04  00 02 e4 5f  01 96 47 65  c0 a8 00 65    ......._..Ge...e
0020: dc a6 32 f8  6a 3c c0 a8  00 03                       ..2.j<....      


2026-06-28 20:04:24 DEBUG cic.cs.unb.ca.jnetpcap.PacketReader    Invalid [0,48,48) range.
JMemory: JMemory@1895a70605aclass org.jnetpcap.protocol.network.Ip4: size=20 bytes
JMemory: owner=nio.JMemoryPool$Block.class(size=32768/offset=24314)
********************************************************************************
0000:*dc a6 32 f8  6a 3c e4 5f  01 96 47 65  08 06 00 01    ..2.j<._..Ge....
0010: 08 00 06 04  00 01 e4 5f  01 96 47 65  c0 a8 00 65    ......._..Ge...e
0020: 00 00 00 00  00 00 c0 a8  00 03                       ..........      


2026-06-28 20:04:24 DEBUG cic.cs.unb.ca.jnetpcap.PacketReader    null
********************************************************************************
0000:*e4 5f 01 96  47 65 dc a6  32 f8 6a 3c  08 06 00 01*   ._..Ge..2.j<....
0010: 08 00 06 04  00 02 dc a6  32 f8 6a 3c  c0 a8 00 03    ........2.j<....
0020: e4 5f 01 96  47 65 c0 a8  00 65*                      ._..Ge...e      


2026-06-28 20:04:24 DEBUG cic.cs.unb.ca.jnetpcap.PacketReader    Invalid [0,48,48) range.
JMemory: JMemory@1895a734d1aclass org.jnetpcap.protocol.network.Ip4: size=20 bytes
JMemory: owner=nio.JMemoryPool$Block.class(size=32768/offset=19290)
********************************************************************************
0000:*dc a6 32 f8  6a 3c e4 5f  01 96 47 65  08 06 00 01    ..2.j<._..Ge....
0010: 08 00 06 04  00 01 e4 5f  01 96 47 65  c0 a8 00 65    ......._..Ge...e
0020: 00 00 00 00  00 00 c0 a8  00 03                       ..........      


2026-06-28 20:04:24 DEBUG cic.cs.unb.ca.jnetpcap.PacketReader    null
********************************************************************************
0000:*e4 5f 01 96  47 65 dc a6  32 f8 6a 3c  08 06 00 01*   ._..Ge..2.j<....
0010: 08 00 06 04  00 02 dc a6  32 f8 6a 3c  c0 a8 00 03    ........2.j<....
0020: e4 5f 01 96  47 65 c0 a8  00 65*                      ._..Ge...e      


2026-06-28 20:04:24 DEBUG cic.cs.unb.ca.jnetpcap.PacketReader    null
********************************************************************************
0000:*33 33 00 00  00 01 72 5d  cc cd 13 20* 86 dd 60 00    33....r]... ..`.
0010: 00 00 00 24  00 01 fe 80  00 00 00 00  00 00 70 5d    ...$..........p]
0020: cc ff fe cd  13 20 ff 02  00 00 00 00  00 00 00 00    ..... ..........
0030: 00 00 00 00  00 01 3a 00  05 02 00 00  01 00 82 00    ......:.........
0040: 2c f1 03 e8  00 00 00 00  00 00 00 00  00 00 00 00    ,...............
0050: 00 00 00 00  00 00 00 00  00 00*                      ..........      


2026-06-28 20:04:24 DEBUG cic.cs.unb.ca.jnetpcap.PacketReader    null
********************************************************************************
0000:*33 33 00 00  00 16 e4 5f  01 96 47 65* 86 dd 60 00    33....._..Ge..`.
0010: 00 00 00 38  00 01 fe 80  00 00 00 00  00 00 f8 d0    ...8............
0020: 36 ba 92 4b  e0 c2 ff 02  00 00 00 00  00 00 00 00    6..K............
0030: 00 00 00 00  00 16 3a 00  05 02 00 00  01 00 8f 00    ......:.........
0040: ed 4e 00 00  00 02 02 00  00 00 ff 02  00 00 00 00    .N..............
0050: 00 00 00 00  00 01 ff 4b  e0 c2 02 00  00 00 ff 02    .......K........
0060: 00 00 00 00  00 00 00 00  00 00 00 00  00 fb*         ..............  


2026-06-28 20:04:24 DEBUG cic.cs.unb.ca.jnetpcap.PacketReader    null
********************************************************************************
0000:*e4 5f 01 96  47 65 dc a6  32 f8 6a 3c  08 06 00 01*   ._..Ge..2.j<....
0010: 08 00 06 04  00 01 dc a6  32 f8 6a 3c  c0 a8 00 03    ........2.j<....
0020: 00 00 00 00  00 00 c0 a8  00 65*                      .........e      


2026-06-28 20:04:24 DEBUG cic.cs.unb.ca.jnetpcap.PacketReader    Invalid [0,48,48) range.
JMemory: JMemory@1895a74bba8class org.jnetpcap.protocol.network.Ip4: size=16 bytes
JMemory: owner=nio.JMemoryPool$Block.class(size=32768/offset=14776)
********************************************************************************
0000:*dc a6 32 f8  6a 3c e4 5f  01 96 47 65  08 06 00 01    ..2.j<._..Ge....
0010: 08 00 06 04  00 02 e4 5f  01 96 47 65  c0 a8 00 65    ......._..Ge...e
0020: dc a6 32 f8  6a 3c c0 a8  00 03                       ..2.j<....      


2026-06-28 20:04:24 DEBUG cic.cs.unb.ca.jnetpcap.PacketReader    Invalid [0,48,48) range.
JMemory: JMemory@1895a765a96class org.jnetpcap.protocol.network.Ip4: size=20 bytes
JMemory: owner=nio.JMemoryPool$Block.class(size=32768/offset=22646)
********************************************************************************
0000:*dc a6 32 f8  6a 3c e4 5f  01 96 47 65  08 06 00 01    ..2.j<._..Ge....
0010: 08 00 06 04  00 01 e4 5f  01 96 47 65  c0 a8 00 65    ......._..Ge...e
0020: 00 00 00 00  00 00 c0 a8  00 03                       ..........      


2026-06-28 20:04:24 DEBUG cic.cs.unb.ca.jnetpcap.PacketReader    null
********************************************************************************
0000:*e4 5f 01 96  47 65 dc a6  32 f8 6a 3c  08 06 00 01*   ._..Ge..2.j<....
0010: 08 00 06 04  00 02 dc a6  32 f8 6a 3c  c0 a8 00 03    ........2.j<....
0020: e4 5f 01 96  47 65 c0 a8  00 65*                      ._..Ge...e      


2026-06-28 20:04:24 DEBUG cic.cs.unb.ca.jnetpcap.PacketReader    Invalid [0,48,48) range.
JMemory: JMemory@1895a89dc7eclass org.jnetpcap.protocol.network.Ip4: size=20 bytes
JMemory: owner=nio.JMemoryPool$Block.class(size=32768/offset=23534)
********************************************************************************
0000:*dc a6 32 f8  6a 3c e4 5f  01 96 47 65  08 06 00 01    ..2.j<._..Ge....
0010: 08 00 06 04  00 01 e4 5f  01 96 47 65  c0 a8 00 65    ......._..Ge...e
0020: 00 00 00 00  00 00 c0 a8  00 03                       ..........      


2026-06-28 20:04:24 DEBUG cic.cs.unb.ca.jnetpcap.PacketReader    null
********************************************************************************
0000:*e4 5f 01 96  47 65 dc a6  32 f8 6a 3c  08 06 00 01*   ._..Ge..2.j<....
0010: 08 00 06 04  00 02 dc a6  32 f8 6a 3c  c0 a8 00 03    ........2.j<....
0020: e4 5f 01 96  47 65 c0 a8  00 65*                      ._..Ge...e      


2026-06-28 20:04:24 DEBUG cic.cs.unb.ca.jnetpcap.PacketReader    null
********************************************************************************
0000:*e4 5f 01 96  47 65 dc a6  32 f8 6a 3c  08 06 00 01*   ._..Ge..2.j<....
0010: 08 00 06 04  00 01 dc a6  32 f8 6a 3c  c0 a8 00 03    ........2.j<....
0020: 00 00 00 00  00 00 c0 a8  00 65*                      .........e      


2026-06-28 20:04:24 DEBUG cic.cs.unb.ca.jnetpcap.PacketReader    Invalid [0,48,48) range.
JMemory: JMemory@1895a8a07a4class org.jnetpcap.protocol.network.Ip4: size=16 bytes
JMemory: owner=nio.JMemoryPool$Block.class(size=32768/offset=1796)
********************************************************************************
0000:*dc a6 32 f8  6a 3c e4 5f  01 96 47 65  08 06 00 01    ..2.j<._..Ge....
0010: 08 00 06 04  00 02 e4 5f  01 96 47 65  c0 a8 00 65    ......._..Ge...e
0020: dc a6 32 f8  6a 3c c0 a8  00 03                       ..2.j<....      


2026-06-28 20:04:24 DEBUG cic.cs.unb.ca.jnetpcap.PacketReader    Invalid [0,48,48) range.
JMemory: JMemory@1895a8a9df8class org.jnetpcap.protocol.network.Ip4: size=42 bytes
JMemory: owner=nio.JMemoryPool$Block.class(size=32768/offset=7496)
********************************************************************************
0000:*dc a6 32 f8  6a 3c e4 5f  01 96 47 65  08 06 00 01    ..2.j<._..Ge....
0010: 08 00 06 04  00 02 e4 5f  01 96 47 65  c0 a8 00 65    ......._..Ge...e
0020: dc a6 32 f8  6a 3c c0 a8  00 03                       ..2.j<....      


2026-06-28 20:04:24 DEBUG cic.cs.unb.ca.jnetpcap.PacketReader    null
********************************************************************************
0000:*33 33 00 00  00 01 72 5d  cc cd 13 20* 86 dd 60 00    33....r]... ..`.
0010: 00 00 00 24  00 01 fe 80  00 00 00 00  00 00 70 5d    ...$..........p]
0020: cc ff fe cd  13 20 ff 02  00 00 00 00  00 00 00 00    ..... ..........
0030: 00 00 00 00  00 01 3a 00  05 02 00 00  01 00 82 00    ......:.........
0040: 2c f1 03 e8  00 00 00 00  00 00 00 00  00 00 00 00    ,...............
0050: 00 00 00 00  00 00 00 00  00 00*                      ..........      


2026-06-28 20:04:24 DEBUG cic.cs.unb.ca.jnetpcap.PacketReader    null
********************************************************************************
0000:*33 33 00 00  00 16 e4 5f  01 96 47 65* 86 dd 60 00    33....._..Ge..`.
0010: 00 00 00 38  00 01 fe 80  00 00 00 00  00 00 f8 d0    ...8............
0020: 36 ba 92 4b  e0 c2 ff 02  00 00 00 00  00 00 00 00    6..K............
0030: 00 00 00 00  00 16 3a 00  05 02 00 00  01 00 8f 00    ......:.........
0040: ed 4e 00 00  00 02 02 00  00 00 ff 02  00 00 00 00    .N..............
0050: 00 00 00 00  00 01 ff 4b  e0 c2 02 00  00 00 ff 02    .......K........
0060: 00 00 00 00  00 00 00 00  00 00 00 00  00 fb*         ..............  


2026-06-28 20:04:24 DEBUG cic.cs.unb.ca.jnetpcap.PacketReader    Invalid [0,48,48) range.
JMemory: JMemory@1895a8ccfceclass org.jnetpcap.protocol.network.Ip4: size=20 bytes
JMemory: owner=nio.JMemoryPool$Block.class(size=32768/offset=20190)
********************************************************************************
0000:*dc a6 32 f8  6a 3c e4 5f  01 96 47 65  08 06 00 01    ..2.j<._..Ge....
0010: 08 00 06 04  00 01 e4 5f  01 96 47 65  c0 a8 00 65    ......._..Ge...e
0020: 00 00 00 00  00 00 c0 a8  00 03                       ..........      


2026-06-28 20:04:24 DEBUG cic.cs.unb.ca.jnetpcap.PacketReader    null
********************************************************************************
0000:*e4 5f 01 96  47 65 dc a6  32 f8 6a 3c  08 06 00 01*   ._..Ge..2.j<....
0010: 08 00 06 04  00 02 dc a6  32 f8 6a 3c  c0 a8 00 03    ........2.j<....
0020: e4 5f 01 96  47 65 c0 a8  00 65*                      ._..Ge...e      


2026-06-28 20:04:24 DEBUG cic.cs.unb.ca.jnetpcap.PacketReader    null
********************************************************************************
0000:*e4 5f 01 96  47 65 dc a6  32 f8 6a 3c  08 06 00 01*   ._..Ge..2.j<....
0010: 08 00 06 04  00 01 dc a6  32 f8 6a 3c  c0 a8 00 03    ........2.j<....
0020: 00 00 00 00  00 00 c0 a8  00 65*                      .........e      


2026-06-28 20:04:24 DEBUG cic.cs.unb.ca.jnetpcap.PacketReader    Invalid [0,48,48) range.
JMemory: JMemory@1895a8edd60class org.jnetpcap.protocol.network.Ip4: size=16 bytes
JMemory: owner=nio.JMemoryPool$Block.class(size=32768/offset=23600)
********************************************************************************
0000:*dc a6 32 f8  6a 3c e4 5f  01 96 47 65  08 06 00 01    ..2.j<._..Ge....
0010: 08 00 06 04  00 02 e4 5f  01 96 47 65  c0 a8 00 65    ......._..Ge...e
0020: dc a6 32 f8  6a 3c c0 a8  00 03                       ..2.j<....      


2026-06-28 20:04:24 DEBUG cic.cs.unb.ca.jnetpcap.PacketReader    Invalid [0,48,48) range.
JMemory: JMemory@1895a8fde9aclass org.jnetpcap.protocol.network.Ip4: size=20 bytes
JMemory: owner=nio.JMemoryPool$Block.class(size=32768/offset=23882)
********************************************************************************
0000:*dc a6 32 f8  6a 3c e4 5f  01 96 47 65  08 06 00 01    ..2.j<._..Ge....
0010: 08 00 06 04  00 01 e4 5f  01 96 47 65  c0 a8 00 65    ......._..Ge...e
0020: 00 00 00 00  00 00 c0 a8  00 03                       ..........      


2026-06-28 20:04:24 DEBUG cic.cs.unb.ca.jnetpcap.PacketReader    null
********************************************************************************
0000:*e4 5f 01 96  47 65 dc a6  32 f8 6a 3c  08 06 00 01*   ._..Ge..2.j<....
0010: 08 00 06 04  00 02 dc a6  32 f8 6a 3c  c0 a8 00 03    ........2.j<....
0020: e4 5f 01 96  47 65 c0 a8  00 65*                      ._..Ge...e      


2026-06-28 20:04:24 DEBUG cic.cs.unb.ca.jnetpcap.PacketReader    null
********************************************************************************
0000:*e4 5f 01 96  47 65 dc a6  32 f8 6a 3c  08 06 00 01*   ._..Ge..2.j<....
0010: 08 00 06 04  00 01 dc a6  32 f8 6a 3c  c0 a8 00 03    ........2.j<....
0020: 00 00 00 00  00 00 c0 a8  00 65*                      .........e      


2026-06-28 20:04:24 DEBUG cic.cs.unb.ca.jnetpcap.PacketReader    Invalid [0,48,48) range.
JMemory: JMemory@1895a9169fcclass org.jnetpcap.protocol.network.Ip4: size=16 bytes
JMemory: owner=nio.JMemoryPool$Block.class(size=32768/offset=26748)
********************************************************************************
0000:*dc a6 32 f8  6a 3c e4 5f  01 96 47 65  08 06 00 01    ..2.j<._..Ge....
0010: 08 00 06 04  00 02 e4 5f  01 96 47 65  c0 a8 00 65    ......._..Ge...e
0020: dc a6 32 f8  6a 3c c0 a8  00 03                       ..2.j<....      


2026-06-28 20:04:24 DEBUG cic.cs.unb.ca.jnetpcap.PacketReader    Invalid [0,48,48) range.
JMemory: JMemory@1895a92b34eclass org.jnetpcap.protocol.network.Ip4: size=20 bytes
JMemory: owner=nio.JMemoryPool$Block.class(size=32768/offset=12702)
********************************************************************************
0000:*dc a6 32 f8  6a 3c e4 5f  01 96 47 65  08 06 00 01    ..2.j<._..Ge....
0010: 08 00 06 04  00 01 e4 5f  01 96 47 65  c0 a8 00 65    ......._..Ge...e
0020: 00 00 00 00  00 00 c0 a8  00 03                       ..........      


2026-06-28 20:04:24 DEBUG cic.cs.unb.ca.jnetpcap.PacketReader    null
********************************************************************************
0000:*e4 5f 01 96  47 65 dc a6  32 f8 6a 3c  08 06 00 01*   ._..Ge..2.j<....
0010: 08 00 06 04  00 02 dc a6  32 f8 6a 3c  c0 a8 00 03    ........2.j<....
0020: e4 5f 01 96  47 65 c0 a8  00 65*                      ._..Ge...e      


2026-06-28 20:04:24 DEBUG cic.cs.unb.ca.jnetpcap.PacketReader    null
********************************************************************************
0000:*33 33 00 00  00 01 72 5d  cc cd 13 20* 86 dd 60 00    33....r]... ..`.
0010: 00 00 00 24  00 01 fe 80  00 00 00 00  00 00 70 5d    ...$..........p]
0020: cc ff fe cd  13 20 ff 02  00 00 00 00  00 00 00 00    ..... ..........
0030: 00 00 00 00  00 01 3a 00  05 02 00 00  01 00 82 00    ......:.........
0040: 2c f1 03 e8  00 00 00 00  00 00 00 00  00 00 00 00    ,...............
0050: 00 00 00 00  00 00 00 00  00 00*                      ..........      


2026-06-28 20:04:24 DEBUG cic.cs.unb.ca.jnetpcap.PacketReader    null
********************************************************************************
0000:*33 33 00 00  00 16 e4 5f  01 96 47 65* 86 dd 60 00    33....._..Ge..`.
0010: 00 00 00 38  00 01 fe 80  00 00 00 00  00 00 f8 d0    ...8............
0020: 36 ba 92 4b  e0 c2 ff 02  00 00 00 00  00 00 00 00    6..K............
0030: 00 00 00 00  00 16 3a 00  05 02 00 00  01 00 8f 00    ......:.........
0040: ed 4e 00 00  00 02 02 00  00 00 ff 02  00 00 00 00    .N..............
0050: 00 00 00 00  00 01 ff 4b  e0 c2 02 00  00 00 ff 02    .......K........
0060: 00 00 00 00  00 00 00 00  00 00 00 00  00 fb*         ..............  


2026-06-28 20:04:24 DEBUG cic.cs.unb.ca.jnetpcap.PacketReader    null
********************************************************************************
0000:*e4 5f 01 96  47 65 dc a6  32 f8 6a 3c  08 06 00 01*   ._..Ge..2.j<....
0010: 08 00 06 04  00 01 dc a6  32 f8 6a 3c  c0 a8 00 03    ........2.j<....
0020: 00 00 00 00  00 00 c0 a8  00 65*                      .........e      


2026-06-28 20:04:24 DEBUG cic.cs.unb.ca.jnetpcap.PacketReader    Invalid [0,48,48) range.
JMemory: JMemory@1895a93bdbcclass org.jnetpcap.protocol.network.Ip4: size=16 bytes
JMemory: owner=nio.JMemoryPool$Block.class(size=32768/offset=15340)
********************************************************************************
0000:*dc a6 32 f8  6a 3c e4 5f  01 96 47 65  08 06 00 01    ..2.j<._..Ge....
0010: 08 00 06 04  00 02 e4 5f  01 96 47 65  c0 a8 00 65    ......._..Ge...e
0020: dc a6 32 f8  6a 3c c0 a8  00 03                       ..2.j<....      


2026-06-28 20:04:24 DEBUG cic.cs.unb.ca.jnetpcap.PacketReader    Read All packets on C:\Users\amoha\OneDrive\Desktop\gp\gp\hybrid_ids_share_with_keys\uploads\web_attack(bruteforce).pcap
2026-06-28 20:06:21 DEBUG cic.cs.unb.ca.jnetpcap.worker.ReadPcapFileWorker    Working on... C:\Users\amoha\OneDrive\Desktop\gp\gp\hybrid_ids_share_with_keys\uploads\portscan.pcap
2026-06-28 20:06:21 DEBUG cic.cs.unb.ca.jnetpcap.PacketReader    Read All packets on C:\Users\amoha\OneDrive\Desktop\gp\gp\hybrid_ids_share_with_keys\uploads\portscan.pcap
2026-06-28 20:06:33 DEBUG cic.cs.unb.ca.jnetpcap.worker.ReadPcapFileWorker    Working on... C:\Users\amoha\OneDrive\Desktop\gp\gp\hybrid_ids_share_with_keys\uploads\portscan.pcap
2026-06-28 20:06:33 DEBUG cic.cs.unb.ca.jnetpcap.PacketReader    Read All packets on C:\Users\amoha\OneDrive\Desktop\gp\gp\hybrid_ids_share_with_keys\uploads\portscan.pcap
2026-06-28 20:23:44 DEBUG cic.cs.unb.ca.jnetpcap.worker.ReadPcapFileWorker    Working on... C:\Users\amoha\OneDrive\Desktop\gp\gp\hybrid_ids_share_with_keys\uploads\web_attack(bruteforce).pcap
2026-06-28 20:23:44 DEBUG cic.cs.unb.ca.jnetpcap.PacketReader    Invalid [0,48,48) range.
JMemory: JMemory@2c2656bdca6class org.jnetpcap.protocol.network.Ip4: size=20 bytes
JMemory: owner=nio.JMemoryPool$Block.class(size=32768/offset=32086)
********************************************************************************
0000:*dc a6 32 f8  6a 3c e4 5f  01 96 47 65  08 06 00 01    ..2.j<._..Ge....
0010: 08 00 06 04  00 01 e4 5f  01 96 47 65  c0 a8 00 65    ......._..Ge...e
0020: 00 00 00 00  00 00 c0 a8  00 03                       ..........      


2026-06-28 20:23:44 DEBUG cic.cs.unb.ca.jnetpcap.PacketReader    null
********************************************************************************
0000:*e4 5f 01 96  47 65 dc a6  32 f8 6a 3c  08 06 00 01*   ._..Ge..2.j<....
0010: 08 00 06 04  00 02 dc a6  32 f8 6a 3c  c0 a8 00 03    ........2.j<....
0020: e4 5f 01 96  47 65 c0 a8  00 65*                      ._..Ge...e      


2026-06-28 20:23:44 DEBUG cic.cs.unb.ca.jnetpcap.PacketReader    null
********************************************************************************
0000:*33 33 00 00  00 01 72 5d  cc cd 13 20* 86 dd 60 00    33....r]... ..`.
0010: 00 00 00 24  00 01 fe 80  00 00 00 00  00 00 70 5d    ...$..........p]
0020: cc ff fe cd  13 20 ff 02  00 00 00 00  00 00 00 00    ..... ..........
0030: 00 00 00 00  00 01 3a 00  05 02 00 00  01 00 82 00    ......:.........
0040: 2c f1 03 e8  00 00 00 00  00 00 00 00  00 00 00 00    ,...............
0050: 00 00 00 00  00 00 00 00  00 00*                      ..........      


2026-06-28 20:23:44 DEBUG cic.cs.unb.ca.jnetpcap.PacketReader    null
********************************************************************************
0000:*33 33 00 00  00 16 e4 5f  01 96 47 65* 86 dd 60 00    33....._..Ge..`.
0010: 00 00 00 38  00 01 fe 80  00 00 00 00  00 00 f8 d0    ...8............
0020: 36 ba 92 4b  e0 c2 ff 02  00 00 00 00  00 00 00 00    6..K............
0030: 00 00 00 00  00 16 3a 00  05 02 00 00  01 00 8f 00    ......:.........
0040: ed 4e 00 00  00 02 02 00  00 00 ff 02  00 00 00 00    .N..............
0050: 00 00 00 00  00 01 ff 4b  e0 c2 02 00  00 00 ff 02    .......K........
0060: 00 00 00 00  00 00 00 00  00 00 00 00  00 fb*         ..............  


2026-06-28 20:23:44 DEBUG cic.cs.unb.ca.jnetpcap.PacketReader    null
********************************************************************************
0000:*e4 5f 01 96  47 65 dc a6  32 f8 6a 3c  08 06 00 01*   ._..Ge..2.j<....
0010: 08 00 06 04  00 01 dc a6  32 f8 6a 3c  c0 a8 00 03    ........2.j<....
0020: 00 00 00 00  00 00 c0 a8  00 65*                      .........e      


2026-06-28 20:23:44 DEBUG cic.cs.unb.ca.jnetpcap.PacketReader    Invalid [0,48,48) range.
JMemory: JMemory@2c266e065ecclass org.jnetpcap.protocol.network.Ip4: size=16 bytes
JMemory: owner=nio.JMemoryPool$Block.class(size=32768/offset=25964)
********************************************************************************
0000:*dc a6 32 f8  6a 3c e4 5f  01 96 47 65  08 06 00 01    ..2.j<._..Ge....
0010: 08 00 06 04  00 02 e4 5f  01 96 47 65  c0 a8 00 65    ......._..Ge...e
0020: dc a6 32 f8  6a 3c c0 a8  00 03                       ..2.j<....      


2026-06-28 20:23:44 DEBUG cic.cs.unb.ca.jnetpcap.PacketReader    Invalid [0,48,48) range.
JMemory: JMemory@2c266e1894eclass org.jnetpcap.protocol.network.Ip4: size=20 bytes
JMemory: owner=nio.JMemoryPool$Block.class(size=32768/offset=2206)
********************************************************************************
0000:*dc a6 32 f8  6a 3c e4 5f  01 96 47 65  08 06 00 01    ..2.j<._..Ge....
0010: 08 00 06 04  00 01 e4 5f  01 96 47 65  c0 a8 00 65    ......._..Ge...e
0020: 00 00 00 00  00 00 c0 a8  00 03                       ..........      


2026-06-28 20:23:44 DEBUG cic.cs.unb.ca.jnetpcap.PacketReader    null
********************************************************************************
0000:*e4 5f 01 96  47 65 dc a6  32 f8 6a 3c  08 06 00 01*   ._..Ge..2.j<....
0010: 08 00 06 04  00 02 dc a6  32 f8 6a 3c  c0 a8 00 03    ........2.j<....
0020: e4 5f 01 96  47 65 c0 a8  00 65*                      ._..Ge...e      


2026-06-28 20:23:44 DEBUG cic.cs.unb.ca.jnetpcap.PacketReader    Invalid [0,48,48) range.
JMemory: JMemory@2c266e46e0aclass org.jnetpcap.protocol.network.Ip4: size=20 bytes
JMemory: owner=nio.JMemoryPool$Block.class(size=32768/offset=27914)
********************************************************************************
0000:*dc a6 32 f8  6a 3c e4 5f  01 96 47 65  08 06 00 01    ..2.j<._..Ge....
0010: 08 00 06 04  00 01 e4 5f  01 96 47 65  c0 a8 00 65    ......._..Ge...e
0020: 00 00 00 00  00 00 c0 a8  00 03                       ..........      


2026-06-28 20:23:44 DEBUG cic.cs.unb.ca.jnetpcap.PacketReader    null
********************************************************************************
0000:*e4 5f 01 96  47 65 dc a6  32 f8 6a 3c  08 06 00 01*   ._..Ge..2.j<....
0010: 08 00 06 04  00 02 dc a6  32 f8 6a 3c  c0 a8 00 03    ........2.j<....
0020: e4 5f 01 96  47 65 c0 a8  00 65*                      ._..Ge...e      


2026-06-28 20:23:44 DEBUG cic.cs.unb.ca.jnetpcap.PacketReader    null
********************************************************************************
0000:*e4 5f 01 96  47 65 dc a6  32 f8 6a 3c  08 06 00 01*   ._..Ge..2.j<....
0010: 08 00 06 04  00 01 dc a6  32 f8 6a 3c  c0 a8 00 03    ........2.j<....
0020: 00 00 00 00  00 00 c0 a8  00 65*                      .........e      


2026-06-28 20:23:44 DEBUG cic.cs.unb.ca.jnetpcap.PacketReader    Invalid [0,48,48) range.
JMemory: JMemory@2c266e52938class org.jnetpcap.protocol.network.Ip4: size=16 bytes
JMemory: owner=nio.JMemoryPool$Block.class(size=32768/offset=10264)
********************************************************************************
0000:*dc a6 32 f8  6a 3c e4 5f  01 96 47 65  08 06 00 01    ..2.j<._..Ge....
0010: 08 00 06 04  00 02 e4 5f  01 96 47 65  c0 a8 00 65    ......._..Ge...e
0020: dc a6 32 f8  6a 3c c0 a8  00 03                       ..2.j<....      


2026-06-28 20:23:44 DEBUG cic.cs.unb.ca.jnetpcap.PacketReader    null
********************************************************************************
0000:*33 33 00 00  00 01 72 5d  cc cd 13 20* 86 dd 60 00    33....r]... ..`.
0010: 00 00 00 24  00 01 fe 80  00 00 00 00  00 00 70 5d    ...$..........p]
0020: cc ff fe cd  13 20 ff 02  00 00 00 00  00 00 00 00    ..... ..........
0030: 00 00 00 00  00 01 3a 00  05 02 00 00  01 00 82 00    ......:.........
0040: 2c f1 03 e8  00 00 00 00  00 00 00 00  00 00 00 00    ,...............
0050: 00 00 00 00  00 00 00 00  00 00*                      ..........      


2026-06-28 20:23:44 DEBUG cic.cs.unb.ca.jnetpcap.PacketReader    null
********************************************************************************
0000:*33 33 00 00  00 16 e4 5f  01 96 47 65* 86 dd 60 00    33....._..Ge..`.
0010: 00 00 00 38  00 01 fe 80  00 00 00 00  00 00 f8 d0    ...8............
0020: 36 ba 92 4b  e0 c2 ff 02  00 00 00 00  00 00 00 00    6..K............
0030: 00 00 00 00  00 16 3a 00  05 02 00 00  01 00 8f 00    ......:.........
0040: ed 4e 00 00  00 02 02 00  00 00 ff 02  00 00 00 00    .N..............
0050: 00 00 00 00  00 01 ff 4b  e0 c2 02 00  00 00 ff 02    .......K........
0060: 00 00 00 00  00 00 00 00  00 00 00 00  00 fb*         ..............  


2026-06-28 20:23:45 DEBUG cic.cs.unb.ca.jnetpcap.PacketReader    Invalid [0,48,48) range.
JMemory: JMemory@2c266e7818eclass org.jnetpcap.protocol.network.Ip4: size=20 bytes
JMemory: owner=nio.JMemoryPool$Block.class(size=32768/offset=30)
********************************************************************************
0000:*dc a6 32 f8  6a 3c e4 5f  01 96 47 65  08 06 00 01    ..2.j<._..Ge....
0010: 08 00 06 04  00 01 e4 5f  01 96 47 65  c0 a8 00 65    ......._..Ge...e
0020: 00 00 00 00  00 00 c0 a8  00 03                       ..........      


2026-06-28 20:23:45 DEBUG cic.cs.unb.ca.jnetpcap.PacketReader    null
********************************************************************************
0000:*e4 5f 01 96  47 65 dc a6  32 f8 6a 3c  08 06 00 01*   ._..Ge..2.j<....
0010: 08 00 06 04  00 02 dc a6  32 f8 6a 3c  c0 a8 00 03    ........2.j<....
0020: e4 5f 01 96  47 65 c0 a8  00 65*                      ._..Ge...e      


2026-06-28 20:23:45 DEBUG cic.cs.unb.ca.jnetpcap.PacketReader    null
********************************************************************************
0000:*e4 5f 01 96  47 65 dc a6  32 f8 6a 3c  08 06 00 01*   ._..Ge..2.j<....
0010: 08 00 06 04  00 01 dc a6  32 f8 6a 3c  c0 a8 00 03    ........2.j<....
0020: 00 00 00 00  00 00 c0 a8  00 65*                      .........e      


2026-06-28 20:23:45 DEBUG cic.cs.unb.ca.jnetpcap.PacketReader    Invalid [0,48,48) range.
JMemory: JMemory@2c266ea35f4class org.jnetpcap.protocol.network.Ip4: size=16 bytes
JMemory: owner=nio.JMemoryPool$Block.class(size=32768/offset=13364)
********************************************************************************
0000:*dc a6 32 f8  6a 3c e4 5f  01 96 47 65  08 06 00 01    ..2.j<._..Ge....
0010: 08 00 06 04  00 02 e4 5f  01 96 47 65  c0 a8 00 65    ......._..Ge...e
0020: dc a6 32 f8  6a 3c c0 a8  00 03                       ..2.j<....      


2026-06-28 20:23:45 DEBUG cic.cs.unb.ca.jnetpcap.PacketReader    Invalid [0,48,48) range.
JMemory: JMemory@2c266ea6842class org.jnetpcap.protocol.network.Ip4: size=20 bytes
JMemory: owner=nio.JMemoryPool$Block.class(size=32768/offset=26242)
********************************************************************************
0000:*dc a6 32 f8  6a 3c e4 5f  01 96 47 65  08 06 00 01    ..2.j<._..Ge....
0010: 08 00 06 04  00 01 e4 5f  01 96 47 65  c0 a8 00 65    ......._..Ge...e
0020: 00 00 00 00  00 00 c0 a8  00 03                       ..........      


2026-06-28 20:23:45 DEBUG cic.cs.unb.ca.jnetpcap.PacketReader    null
********************************************************************************
0000:*e4 5f 01 96  47 65 dc a6  32 f8 6a 3c  08 06 00 01*   ._..Ge..2.j<....
0010: 08 00 06 04  00 02 dc a6  32 f8 6a 3c  c0 a8 00 03    ........2.j<....
0020: e4 5f 01 96  47 65 c0 a8  00 65*                      ._..Ge...e      


2026-06-28 20:23:45 DEBUG cic.cs.unb.ca.jnetpcap.PacketReader    Invalid [0,48,48) range.
JMemory: JMemory@2c266ea92a0class org.jnetpcap.protocol.network.Ip4: size=42 bytes
JMemory: owner=nio.JMemoryPool$Block.class(size=32768/offset=4304)
********************************************************************************
0000:*dc a6 32 f8  6a 3c e4 5f  01 96 47 65  08 06 00 01    ..2.j<._..Ge....
0010: 08 00 06 04  00 02 e4 5f  01 96 47 65  c0 a8 00 65    ......._..Ge...e
0020: dc a6 32 f8  6a 3c c0 a8  00 03                       ..2.j<....      


2026-06-28 20:23:45 DEBUG cic.cs.unb.ca.jnetpcap.PacketReader    null
********************************************************************************
0000:*33 33 00 00  00 01 72 5d  cc cd 13 20* 86 dd 60 00    33....r]... ..`.
0010: 00 00 00 24  00 01 fe 80  00 00 00 00  00 00 70 5d    ...$..........p]
0020: cc ff fe cd  13 20 ff 02  00 00 00 00  00 00 00 00    ..... ..........
0030: 00 00 00 00  00 01 3a 00  05 02 00 00  01 00 82 00    ......:.........
0040: 2c f1 03 e8  00 00 00 00  00 00 00 00  00 00 00 00    ,...............
0050: 00 00 00 00  00 00 00 00  00 00*                      ..........      


2026-06-28 20:23:45 DEBUG cic.cs.unb.ca.jnetpcap.PacketReader    null
********************************************************************************
0000:*33 33 00 00  00 16 e4 5f  01 96 47 65* 86 dd 60 00    33....._..Ge..`.
0010: 00 00 00 38  00 01 fe 80  00 00 00 00  00 00 f8 d0    ...8............
0020: 36 ba 92 4b  e0 c2 ff 02  00 00 00 00  00 00 00 00    6..K............
0030: 00 00 00 00  00 16 3a 00  05 02 00 00  01 00 8f 00    ......:.........
0040: ed 4e 00 00  00 02 02 00  00 00 ff 02  00 00 00 00    .N..............
0050: 00 00 00 00  00 01 ff 4b  e0 c2 02 00  00 00 ff 02    .......K........
0060: 00 00 00 00  00 00 00 00  00 00 00 00  00 fb*         ..............  


2026-06-28 20:23:45 DEBUG cic.cs.unb.ca.jnetpcap.PacketReader    Invalid [0,48,48) range.
JMemory: JMemory@2c266ed6dfaclass org.jnetpcap.protocol.network.Ip4: size=20 bytes
JMemory: owner=nio.JMemoryPool$Block.class(size=32768/offset=27610)
********************************************************************************
0000:*dc a6 32 f8  6a 3c e4 5f  01 96 47 65  08 06 00 01    ..2.j<._..Ge....
0010: 08 00 06 04  00 01 e4 5f  01 96 47 65  c0 a8 00 65    ......._..Ge...e
0020: 00 00 00 00  00 00 c0 a8  00 03                       ..........      


2026-06-28 20:23:45 DEBUG cic.cs.unb.ca.jnetpcap.PacketReader    null
********************************************************************************
0000:*e4 5f 01 96  47 65 dc a6  32 f8 6a 3c  08 06 00 01*   ._..Ge..2.j<....
0010: 08 00 06 04  00 02 dc a6  32 f8 6a 3c  c0 a8 00 03    ........2.j<....
0020: e4 5f 01 96  47 65 c0 a8  00 65*                      ._..Ge...e      


2026-06-28 20:23:45 DEBUG cic.cs.unb.ca.jnetpcap.PacketReader    null
********************************************************************************
0000:*e4 5f 01 96  47 65 dc a6  32 f8 6a 3c  08 06 00 01*   ._..Ge..2.j<....
0010: 08 00 06 04  00 01 dc a6  32 f8 6a 3c  c0 a8 00 03    ........2.j<....
0020: 00 00 00 00  00 00 c0 a8  00 65*                      .........e      


2026-06-28 20:23:45 DEBUG cic.cs.unb.ca.jnetpcap.PacketReader    Invalid [0,48,48) range.
JMemory: JMemory@2c266ef87e0class org.jnetpcap.protocol.network.Ip4: size=16 bytes
JMemory: owner=nio.JMemoryPool$Block.class(size=32768/offset=1392)
********************************************************************************
0000:*dc a6 32 f8  6a 3c e4 5f  01 96 47 65  08 06 00 01    ..2.j<._..Ge....
0010: 08 00 06 04  00 02 e4 5f  01 96 47 65  c0 a8 00 65    ......._..Ge...e
0020: dc a6 32 f8  6a 3c c0 a8  00 03                       ..2.j<....      


2026-06-28 20:23:45 DEBUG cic.cs.unb.ca.jnetpcap.PacketReader    Invalid [0,48,48) range.
JMemory: JMemory@2c266f07e92class org.jnetpcap.protocol.network.Ip4: size=20 bytes
JMemory: owner=nio.JMemoryPool$Block.class(size=32768/offset=31762)
********************************************************************************
0000:*dc a6 32 f8  6a 3c e4 5f  01 96 47 65  08 06 00 01    ..2.j<._..Ge....
0010: 08 00 06 04  00 01 e4 5f  01 96 47 65  c0 a8 00 65    ......._..Ge...e
0020: 00 00 00 00  00 00 c0 a8  00 03                       ..........      


2026-06-28 20:23:45 DEBUG cic.cs.unb.ca.jnetpcap.PacketReader    null
********************************************************************************
0000:*e4 5f 01 96  47 65 dc a6  32 f8 6a 3c  08 06 00 01*   ._..Ge..2.j<....
0010: 08 00 06 04  00 02 dc a6  32 f8 6a 3c  c0 a8 00 03    ........2.j<....
0020: e4 5f 01 96  47 65 c0 a8  00 65*                      ._..Ge...e      


2026-06-28 20:23:45 DEBUG cic.cs.unb.ca.jnetpcap.PacketReader    Invalid [0,48,48) range.
JMemory: JMemory@2c266f366e6class org.jnetpcap.protocol.network.Ip4: size=20 bytes
JMemory: owner=nio.JMemoryPool$Block.class(size=32768/offset=25606)
********************************************************************************
0000:*dc a6 32 f8  6a 3c e4 5f  01 96 47 65  08 06 00 01    ..2.j<._..Ge....
0010: 08 00 06 04  00 01 e4 5f  01 96 47 65  c0 a8 00 65    ......._..Ge...e
0020: 00 00 00 00  00 00 c0 a8  00 03                       ..........      


2026-06-28 20:23:45 DEBUG cic.cs.unb.ca.jnetpcap.PacketReader    null
********************************************************************************
0000:*e4 5f 01 96  47 65 dc a6  32 f8 6a 3c  08 06 00 01*   ._..Ge..2.j<....
0010: 08 00 06 04  00 02 dc a6  32 f8 6a 3c  c0 a8 00 03    ........2.j<....
0020: e4 5f 01 96  47 65 c0 a8  00 65*                      ._..Ge...e      


2026-06-28 20:23:45 DEBUG cic.cs.unb.ca.jnetpcap.PacketReader    null
********************************************************************************
0000:*e4 5f 01 96  47 65 dc a6  32 f8 6a 3c  08 06 00 01*   ._..Ge..2.j<....
0010: 08 00 06 04  00 01 dc a6  32 f8 6a 3c  c0 a8 00 03    ........2.j<....
0020: 00 00 00 00  00 00 c0 a8  00 65*                      .........e      


2026-06-28 20:23:45 DEBUG cic.cs.unb.ca.jnetpcap.PacketReader    Invalid [0,48,48) range.
JMemory: JMemory@2c266f44f40class org.jnetpcap.protocol.network.Ip4: size=16 bytes
JMemory: owner=nio.JMemoryPool$Block.class(size=32768/offset=19520)
********************************************************************************
0000:*dc a6 32 f8  6a 3c e4 5f  01 96 47 65  08 06 00 01    ..2.j<._..Ge....
0010: 08 00 06 04  00 02 e4 5f  01 96 47 65  c0 a8 00 65    ......._..Ge...e
0020: dc a6 32 f8  6a 3c c0 a8  00 03                       ..2.j<....      


2026-06-28 20:23:45 DEBUG cic.cs.unb.ca.jnetpcap.PacketReader    null
********************************************************************************
0000:*33 33 00 00  00 01 72 5d  cc cd 13 20* 86 dd 60 00    33....r]... ..`.
0010: 00 00 00 24  00 01 fe 80  00 00 00 00  00 00 70 5d    ...$..........p]
0020: cc ff fe cd  13 20 ff 02  00 00 00 00  00 00 00 00    ..... ..........
0030: 00 00 00 00  00 01 3a 00  05 02 00 00  01 00 82 00    ......:.........
0040: 2c f1 03 e8  00 00 00 00  00 00 00 00  00 00 00 00    ,...............
0050: 00 00 00 00  00 00 00 00  00 00*                      ..........      


2026-06-28 20:23:45 DEBUG cic.cs.unb.ca.jnetpcap.PacketReader    null
********************************************************************************
0000:*33 33 00 00  00 16 e4 5f  01 96 47 65* 86 dd 60 00    33....._..Ge..`.
0010: 00 00 00 38  00 01 fe 80  00 00 00 00  00 00 f8 d0    ...8............
0020: 36 ba 92 4b  e0 c2 ff 02  00 00 00 00  00 00 00 00    6..K............
0030: 00 00 00 00  00 16 3a 00  05 02 00 00  01 00 8f 00    ......:.........
0040: ed 4e 00 00  00 02 02 00  00 00 ff 02  00 00 00 00    .N..............
0050: 00 00 00 00  00 01 ff 4b  e0 c2 02 00  00 00 ff 02    .......K........
0060: 00 00 00 00  00 00 00 00  00 00 00 00  00 fb*         ..............  


2026-06-28 20:23:45 DEBUG cic.cs.unb.ca.jnetpcap.PacketReader    Invalid [0,48,48) range.
JMemory: JMemory@2c26569d35aclass org.jnetpcap.protocol.network.Ip4: size=20 bytes
JMemory: owner=nio.JMemoryPool$Block.class(size=32768/offset=29770)
********************************************************************************
0000:*dc a6 32 f8  6a 3c e4 5f  01 96 47 65  08 06 00 01    ..2.j<._..Ge....
0010: 08 00 06 04  00 01 e4 5f  01 96 47 65  c0 a8 00 65    ......._..Ge...e
0020: 00 00 00 00  00 00 c0 a8  00 03                       ..........      


2026-06-28 20:23:45 DEBUG cic.cs.unb.ca.jnetpcap.PacketReader    null
********************************************************************************
0000:*e4 5f 01 96  47 65 dc a6  32 f8 6a 3c  08 06 00 01*   ._..Ge..2.j<....
0010: 08 00 06 04  00 02 dc a6  32 f8 6a 3c  c0 a8 00 03    ........2.j<....
0020: e4 5f 01 96  47 65 c0 a8  00 65*                      ._..Ge...e      


2026-06-28 20:23:45 DEBUG cic.cs.unb.ca.jnetpcap.PacketReader    null
********************************************************************************
0000:*e4 5f 01 96  47 65 dc a6  32 f8 6a 3c  08 06 00 01*   ._..Ge..2.j<....
0010: 08 00 06 04  00 01 dc a6  32 f8 6a 3c  c0 a8 00 03    ........2.j<....
0020: 00 00 00 00  00 00 c0 a8  00 65*                      .........e      


2026-06-28 20:23:45 DEBUG cic.cs.unb.ca.jnetpcap.PacketReader    Invalid [0,48,48) range.
JMemory: JMemory@2c2656caa88class org.jnetpcap.protocol.network.Ip4: size=16 bytes
JMemory: owner=nio.JMemoryPool$Block.class(size=32768/offset=19224)
********************************************************************************
0000:*dc a6 32 f8  6a 3c e4 5f  01 96 47 65  08 06 00 01    ..2.j<._..Ge....
0010: 08 00 06 04  00 02 e4 5f  01 96 47 65  c0 a8 00 65    ......._..Ge...e
0020: dc a6 32 f8  6a 3c c0 a8  00 03                       ..2.j<....      


2026-06-28 20:23:45 DEBUG cic.cs.unb.ca.jnetpcap.PacketReader    Invalid [0,48,48) range.
JMemory: JMemory@2c2656cc96eclass org.jnetpcap.protocol.network.Ip4: size=20 bytes
JMemory: owner=nio.JMemoryPool$Block.class(size=32768/offset=27134)
********************************************************************************
0000:*dc a6 32 f8  6a 3c e4 5f  01 96 47 65  08 06 00 01    ..2.j<._..Ge....
0010: 08 00 06 04  00 01 e4 5f  01 96 47 65  c0 a8 00 65    ......._..Ge...e
0020: 00 00 00 00  00 00 c0 a8  00 03                       ..........      


2026-06-28 20:23:45 DEBUG cic.cs.unb.ca.jnetpcap.PacketReader    null
********************************************************************************
0000:*e4 5f 01 96  47 65 dc a6  32 f8 6a 3c  08 06 00 01*   ._..Ge..2.j<....
0010: 08 00 06 04  00 02 dc a6  32 f8 6a 3c  c0 a8 00 03    ........2.j<....
0020: e4 5f 01 96  47 65 c0 a8  00 65*                      ._..Ge...e      


2026-06-28 20:23:45 DEBUG cic.cs.unb.ca.jnetpcap.PacketReader    Invalid [0,48,48) range.
JMemory: JMemory@2c266f5892cclass org.jnetpcap.protocol.network.Ip4: size=42 bytes
JMemory: owner=nio.JMemoryPool$Block.class(size=32768/offset=1532)
********************************************************************************
0000:*dc a6 32 f8  6a 3c e4 5f  01 96 47 65  08 06 00 01    ..2.j<._..Ge....
0010: 08 00 06 04  00 02 e4 5f  01 96 47 65  c0 a8 00 65    ......._..Ge...e
0020: dc a6 32 f8  6a 3c c0 a8  00 03                       ..2.j<....      


2026-06-28 20:23:45 DEBUG cic.cs.unb.ca.jnetpcap.PacketReader    null
********************************************************************************
0000:*e4 5f 01 96  47 65 70 5d  cc dd 13 23  08 06 00 01*   ._..Gep]...#....
0010: 08 00 06 04  00 01 70 5d  cc dd 13 23  c0 a8 00 01    ......p]...#....
0020: 00 00 00 00  00 00 c0 a8  00 65*                      .........e      


2026-06-28 20:23:45 DEBUG cic.cs.unb.ca.jnetpcap.PacketReader    null
********************************************************************************
0000:*e4 5f 01 96  47 65 70 5d  cc dd 13 23  08 06 00 01*   ._..Gep]...#....
0010: 08 00 06 04  00 02 70 5d  cc dd 13 23  c0 a8 00 01    ......p]...#....
0020: e4 5f 01 96  47 65 c0 a8  00 65*                      ._..Ge...e      


2026-06-28 20:23:45 DEBUG cic.cs.unb.ca.jnetpcap.PacketReader    null
********************************************************************************
0000:*33 33 00 00  00 01 72 5d  cc cd 13 20* 86 dd 60 00    33....r]... ..`.
0010: 00 00 00 24  00 01 fe 80  00 00 00 00  00 00 70 5d    ...$..........p]
0020: cc ff fe cd  13 20 ff 02  00 00 00 00  00 00 00 00    ..... ..........
0030: 00 00 00 00  00 01 3a 00  05 02 00 00  01 00 82 00    ......:.........
0040: 2c f1 03 e8  00 00 00 00  00 00 00 00  00 00 00 00    ,...............
0050: 00 00 00 00  00 00 00 00  00 00*                      ..........      


2026-06-28 20:23:45 DEBUG cic.cs.unb.ca.jnetpcap.PacketReader    null
********************************************************************************
0000:*33 33 00 00  00 16 e4 5f  01 96 47 65* 86 dd 60 00    33....._..Ge..`.
0010: 00 00 00 38  00 01 fe 80  00 00 00 00  00 00 f8 d0    ...8............
0020: 36 ba 92 4b  e0 c2 ff 02  00 00 00 00  00 00 00 00    6..K............
0030: 00 00 00 00  00 16 3a 00  05 02 00 00  01 00 8f 00    ......:.........
0040: ed 4e 00 00  00 02 02 00  00 00 ff 02  00 00 00 00    .N..............
0050: 00 00 00 00  00 01 ff 4b  e0 c2 02 00  00 00 ff 02    .......K........
0060: 00 00 00 00  00 00 00 00  00 00 00 00  00 fb*         ..............  


2026-06-28 20:23:45 DEBUG cic.cs.unb.ca.jnetpcap.PacketReader    Invalid [0,48,48) range.
JMemory: JMemory@2c266f7eaeeclass org.jnetpcap.protocol.network.Ip4: size=20 bytes
JMemory: owner=nio.JMemoryPool$Block.class(size=32768/offset=26494)
********************************************************************************
0000:*dc a6 32 f8  6a 3c e4 5f  01 96 47 65  08 06 00 01    ..2.j<._..Ge....
0010: 08 00 06 04  00 01 e4 5f  01 96 47 65  c0 a8 00 65    ......._..Ge...e
0020: 00 00 00 00  00 00 c0 a8  00 03                       ..........      


2026-06-28 20:23:45 DEBUG cic.cs.unb.ca.jnetpcap.PacketReader    null
********************************************************************************
0000:*e4 5f 01 96  47 65 dc a6  32 f8 6a 3c  08 06 00 01*   ._..Ge..2.j<....
0010: 08 00 06 04  00 02 dc a6  32 f8 6a 3c  c0 a8 00 03    ........2.j<....
0020: e4 5f 01 96  47 65 c0 a8  00 65*                      ._..Ge...e      


2026-06-28 20:23:45 DEBUG cic.cs.unb.ca.jnetpcap.PacketReader    null
********************************************************************************
0000:*e4 5f 01 96  47 65 dc a6  32 f8 6a 3c  08 06 00 01*   ._..Ge..2.j<....
0010: 08 00 06 04  00 01 dc a6  32 f8 6a 3c  c0 a8 00 03    ........2.j<....
0020: 00 00 00 00  00 00 c0 a8  00 65*                      .........e      


2026-06-28 20:23:45 DEBUG cic.cs.unb.ca.jnetpcap.PacketReader    Invalid [0,48,48) range.
JMemory: JMemory@2c266fa5f68class org.jnetpcap.protocol.network.Ip4: size=16 bytes
JMemory: owner=nio.JMemoryPool$Block.class(size=32768/offset=23464)
********************************************************************************
0000:*dc a6 32 f8  6a 3c e4 5f  01 96 47 65  08 06 00 01    ..2.j<._..Ge....
0010: 08 00 06 04  00 02 e4 5f  01 96 47 65  c0 a8 00 65    ......._..Ge...e
0020: dc a6 32 f8  6a 3c c0 a8  00 03                       ..2.j<....      


2026-06-28 20:23:45 DEBUG cic.cs.unb.ca.jnetpcap.PacketReader    Invalid [0,48,48) range.
JMemory: JMemory@2c266faf732class org.jnetpcap.protocol.network.Ip4: size=20 bytes
JMemory: owner=nio.JMemoryPool$Block.class(size=32768/offset=29538)
********************************************************************************
0000:*dc a6 32 f8  6a 3c e4 5f  01 96 47 65  08 06 00 01    ..2.j<._..Ge....
0010: 08 00 06 04  00 01 e4 5f  01 96 47 65  c0 a8 00 65    ......._..Ge...e
0020: 00 00 00 00  00 00 c0 a8  00 03                       ..........      


2026-06-28 20:23:45 DEBUG cic.cs.unb.ca.jnetpcap.PacketReader    null
********************************************************************************
0000:*e4 5f 01 96  47 65 dc a6  32 f8 6a 3c  08 06 00 01*   ._..Ge..2.j<....
0010: 08 00 06 04  00 02 dc a6  32 f8 6a 3c  c0 a8 00 03    ........2.j<....
0020: e4 5f 01 96  47 65 c0 a8  00 65*                      ._..Ge...e      


2026-06-28 20:23:45 DEBUG cic.cs.unb.ca.jnetpcap.PacketReader    Invalid [0,48,48) range.
JMemory: JMemory@2c266fddadeclass org.jnetpcap.protocol.network.Ip4: size=20 bytes
JMemory: owner=nio.JMemoryPool$Block.class(size=32768/offset=22190)
********************************************************************************
0000:*dc a6 32 f8  6a 3c e4 5f  01 96 47 65  08 06 00 01    ..2.j<._..Ge....
0010: 08 00 06 04  00 01 e4 5f  01 96 47 65  c0 a8 00 65    ......._..Ge...e
0020: 00 00 00 00  00 00 c0 a8  00 03                       ..........      


2026-06-28 20:23:45 DEBUG cic.cs.unb.ca.jnetpcap.PacketReader    null
********************************************************************************
0000:*e4 5f 01 96  47 65 dc a6  32 f8 6a 3c  08 06 00 01*   ._..Ge..2.j<....
0010: 08 00 06 04  00 02 dc a6  32 f8 6a 3c  c0 a8 00 03    ........2.j<....
0020: e4 5f 01 96  47 65 c0 a8  00 65*                      ._..Ge...e      


2026-06-28 20:23:45 DEBUG cic.cs.unb.ca.jnetpcap.PacketReader    null
********************************************************************************
0000:*33 33 00 00  00 01 72 5d  cc cd 13 20* 86 dd 60 00    33....r]... ..`.
0010: 00 00 00 24  00 01 fe 80  00 00 00 00  00 00 70 5d    ...$..........p]
0020: cc ff fe cd  13 20 ff 02  00 00 00 00  00 00 00 00    ..... ..........
0030: 00 00 00 00  00 01 3a 00  05 02 00 00  01 00 82 00    ......:.........
0040: 2c f1 03 e8  00 00 00 00  00 00 00 00  00 00 00 00    ,...............
0050: 00 00 00 00  00 00 00 00  00 00*                      ..........      


2026-06-28 20:23:45 DEBUG cic.cs.unb.ca.jnetpcap.PacketReader    null
********************************************************************************
0000:*33 33 00 00  00 16 e4 5f  01 96 47 65* 86 dd 60 00    33....._..Ge..`.
0010: 00 00 00 38  00 01 fe 80  00 00 00 00  00 00 f8 d0    ...8............
0020: 36 ba 92 4b  e0 c2 ff 02  00 00 00 00  00 00 00 00    6..K............
0030: 00 00 00 00  00 16 3a 00  05 02 00 00  01 00 8f 00    ......:.........
0040: ed 4e 00 00  00 02 02 00  00 00 ff 02  00 00 00 00    .N..............
0050: 00 00 00 00  00 01 ff 4b  e0 c2 02 00  00 00 ff 02    .......K........
0060: 00 00 00 00  00 00 00 00  00 00 00 00  00 fb*         ..............  


2026-06-28 20:23:45 DEBUG cic.cs.unb.ca.jnetpcap.PacketReader    null
********************************************************************************
0000:*e4 5f 01 96  47 65 dc a6  32 f8 6a 3c  08 06 00 01*   ._..Ge..2.j<....
0010: 08 00 06 04  00 01 dc a6  32 f8 6a 3c  c0 a8 00 03    ........2.j<....
0020: 00 00 00 00  00 00 c0 a8  00 65*                      .........e      


2026-06-28 20:23:45 DEBUG cic.cs.unb.ca.jnetpcap.PacketReader    Invalid [0,48,48) range.
JMemory: JMemory@2c266ff2568class org.jnetpcap.protocol.network.Ip4: size=16 bytes
JMemory: owner=nio.JMemoryPool$Block.class(size=32768/offset=8456)
********************************************************************************
0000:*dc a6 32 f8  6a 3c e4 5f  01 96 47 65  08 06 00 01    ..2.j<._..Ge....
0010: 08 00 06 04  00 02 e4 5f  01 96 47 65  c0 a8 00 65    ......._..Ge...e
0020: dc a6 32 f8  6a 3c c0 a8  00 03                       ..2.j<....      


2026-06-28 20:23:45 DEBUG cic.cs.unb.ca.jnetpcap.PacketReader    null
********************************************************************************
0000:*33 33 00 00  00 fb 8c 88  2b 40 07 be* 86 dd 60 0a    33......+@....`.
0010: 8e 35 00 24  11 01 fe 80  00 00 00 00  00 00 67 bd    .5.$..........g.
0020: 69 35 c9 5b  bf cb ff 02  00 00 00 00  00 00 00 00    i5.[............
0030: 00 00 00 00  00 fb 14 e9  14 e9 00 24  68 89 00 00    ...........$h...
0040: 00 00 00 01  00 00 00 00  00 00 04 77  70 61 64 05    ...........wpad.
0050: 6c 6f 63 61  6c 00 00 01  00 01*                      local.....      


2026-06-28 20:23:45 DEBUG cic.cs.unb.ca.jnetpcap.PacketReader    null
********************************************************************************
0000:*33 33 00 00  00 fb 8c 88  2b 40 07 be* 86 dd 60 0a    33......+@....`.
0010: 8e 35 00 24  11 01 fe 80  00 00 00 00  00 00 67 bd    .5.$..........g.
0020: 69 35 c9 5b  bf cb ff 02  00 00 00 00  00 00 00 00    i5.[............
0030: 00 00 00 00  00 fb 14 e9  14 e9 00 24  68 6e 00 00    ...........$hn..
0040: 00 00 00 01  00 00 00 00  00 00 04 77  70 61 64 05    ...........wpad.
0050: 6c 6f 63 61  6c 00 00 1c  00 01*                      local.....      


2026-06-28 20:23:45 DEBUG cic.cs.unb.ca.jnetpcap.PacketReader    null
********************************************************************************
0000:*33 33 00 00  00 fb 8c 88  2b 40 07 be* 86 dd 60 0a    33......+@....`.
0010: 8e 35 00 24  11 01 fe 80  00 00 00 00  00 00 67 bd    .5.$..........g.
0020: 69 35 c9 5b  bf cb ff 02  00 00 00 00  00 00 00 00    i5.[............
0030: 00 00 00 00  00 fb 14 e9  14 e9 00 24  68 89 00 00    ...........$h...
0040: 00 00 00 01  00 00 00 00  00 00 04 77  70 61 64 05    ...........wpad.
0050: 6c 6f 63 61  6c 00 00 01  00 01*                      local.....      


2026-06-28 20:23:45 DEBUG cic.cs.unb.ca.jnetpcap.PacketReader    null
********************************************************************************
0000:*33 33 00 00  00 fb 8c 88  2b 40 07 be* 86 dd 60 0a    33......+@....`.
0010: 8e 35 00 24  11 01 fe 80  00 00 00 00  00 00 67 bd    .5.$..........g.
0020: 69 35 c9 5b  bf cb ff 02  00 00 00 00  00 00 00 00    i5.[............
0030: 00 00 00 00  00 fb 14 e9  14 e9 00 24  68 6e 00 00    ...........$hn..
0040: 00 00 00 01  00 00 00 00  00 00 04 77  70 61 64 05    ...........wpad.
0050: 6c 6f 63 61  6c 00 00 1c  00 01*                      local.....      


2026-06-28 20:23:45 DEBUG cic.cs.unb.ca.jnetpcap.PacketReader    null
********************************************************************************
0000:*33 33 00 00  00 fb 8c 88  2b 40 07 be* 86 dd 60 0a    33......+@....`.
0010: 8e 35 00 24  11 01 fe 80  00 00 00 00  00 00 67 bd    .5.$..........g.
0020: 69 35 c9 5b  bf cb ff 02  00 00 00 00  00 00 00 00    i5.[............
0030: 00 00 00 00  00 fb 14 e9  14 e9 00 24  68 89 00 00    ...........$h...
0040: 00 00 00 01  00 00 00 00  00 00 04 77  70 61 64 05    ...........wpad.
0050: 6c 6f 63 61  6c 00 00 01  00 01*                      local.....      


2026-06-28 20:23:45 DEBUG cic.cs.unb.ca.jnetpcap.PacketReader    null
********************************************************************************
0000:*33 33 00 00  00 fb 8c 88  2b 40 07 be* 86 dd 60 0a    33......+@....`.
0010: 8e 35 00 24  11 01 fe 80  00 00 00 00  00 00 67 bd    .5.$..........g.
0020: 69 35 c9 5b  bf cb ff 02  00 00 00 00  00 00 00 00    i5.[............
0030: 00 00 00 00  00 fb 14 e9  14 e9 00 24  68 89 00 00    ...........$h...
0040: 00 00 00 01  00 00 00 00  00 00 04 77  70 61 64 05    ...........wpad.
0050: 6c 6f 63 61  6c 00 00 01  00 01*                      local.....      


2026-06-28 20:23:45 DEBUG cic.cs.unb.ca.jnetpcap.PacketReader    null
********************************************************************************
0000:*33 33 00 00  00 fb 8c 88  2b 40 07 be* 86 dd 60 0a    33......+@....`.
0010: 8e 35 00 24  11 01 fe 80  00 00 00 00  00 00 67 bd    .5.$..........g.
0020: 69 35 c9 5b  bf cb ff 02  00 00 00 00  00 00 00 00    i5.[............
0030: 00 00 00 00  00 fb 14 e9  14 e9 00 24  68 6e 00 00    ...........$hn..
0040: 00 00 00 01  00 00 00 00  00 00 04 77  70 61 64 05    ...........wpad.
0050: 6c 6f 63 61  6c 00 00 1c  00 01*                      local.....      


2026-06-28 20:23:45 DEBUG cic.cs.unb.ca.jnetpcap.PacketReader    null
********************************************************************************
0000:*33 33 00 00  00 fb 8c 88  2b 40 07 be* 86 dd 60 0a    33......+@....`.
0010: 8e 35 00 24  11 01 fe 80  00 00 00 00  00 00 67 bd    .5.$..........g.
0020: 69 35 c9 5b  bf cb ff 02  00 00 00 00  00 00 00 00    i5.[............
0030: 00 00 00 00  00 fb 14 e9  14 e9 00 24  68 6e 00 00    ...........$hn..
0040: 00 00 00 01  00 00 00 00  00 00 04 77  70 61 64 05    ...........wpad.
0050: 6c 6f 63 61  6c 00 00 1c  00 01*                      local.....      


2026-06-28 20:23:45 DEBUG cic.cs.unb.ca.jnetpcap.PacketReader    null
********************************************************************************
0000:*33 33 00 00  00 fb e4 5f  01 96 47 65* 86 dd 60 08    33....._..Ge..`.
0010: 6f c5 00 35  11 ff fe 80  00 00 00 00  00 00 f8 d0    o..5............
0020: 36 ba 92 4b  e0 c2 ff 02  00 00 00 00  00 00 00 00    6..K............
0030: 00 00 00 00  00 fb 14 e9  14 e9 00 35  33 1f 00 00    ...........53..
0040: 00 00 00 02  00 00 00 00  00 00 05 5f  69 70 70 73    ..........._ipps
0050: 04 5f 74 63  70 05 6c 6f  63 61 6c 00  00 0c 00 01    ._tcp.local.....
0060: 04 5f 69 70  70 c0 12 00  0c 00 01*                   ._ipp......     


2026-06-28 20:23:45 DEBUG cic.cs.unb.ca.jnetpcap.PacketReader    Invalid [0,48,48) range.
JMemory: JMemory@2c266e16c98class org.jnetpcap.protocol.network.Ip4: size=20 bytes
JMemory: owner=nio.JMemoryPool$Block.class(size=32768/offset=27640)
********************************************************************************
0000:*dc a6 32 f8  6a 3c e4 5f  01 96 47 65  08 06 00 01    ..2.j<._..Ge....
0010: 08 00 06 04  00 01 e4 5f  01 96 47 65  c0 a8 00 65    ......._..Ge...e
0020: 00 00 00 00  00 00 c0 a8  00 03                       ..........      


2026-06-28 20:23:45 DEBUG cic.cs.unb.ca.jnetpcap.PacketReader    null
********************************************************************************
0000:*e4 5f 01 96  47 65 dc a6  32 f8 6a 3c  08 06 00 01*   ._..Ge..2.j<....
0010: 08 00 06 04  00 02 dc a6  32 f8 6a 3c  c0 a8 00 03    ........2.j<....
0020: e4 5f 01 96  47 65 c0 a8  00 65*                      ._..Ge...e      


2026-06-28 20:23:45 DEBUG cic.cs.unb.ca.jnetpcap.PacketReader    Invalid [0,48,48) range.
JMemory: JMemory@2c266e4615aclass org.jnetpcap.protocol.network.Ip4: size=20 bytes
JMemory: owner=nio.JMemoryPool$Block.class(size=32768/offset=24666)
********************************************************************************
0000:*dc a6 32 f8  6a 3c e4 5f  01 96 47 65  08 06 00 01    ..2.j<._..Ge....
0010: 08 00 06 04  00 01 e4 5f  01 96 47 65  c0 a8 00 65    ......._..Ge...e
0020: 00 00 00 00  00 00 c0 a8  00 03                       ..........      


2026-06-28 20:23:45 DEBUG cic.cs.unb.ca.jnetpcap.PacketReader    null
********************************************************************************
0000:*e4 5f 01 96  47 65 dc a6  32 f8 6a 3c  08 06 00 01*   ._..Ge..2.j<....
0010: 08 00 06 04  00 02 dc a6  32 f8 6a 3c  c0 a8 00 03    ........2.j<....
0020: e4 5f 01 96  47 65 c0 a8  00 65*                      ._..Ge...e      


2026-06-28 20:23:45 DEBUG cic.cs.unb.ca.jnetpcap.PacketReader    null
********************************************************************************
0000:*e4 5f 01 96  47 65 dc a6  32 f8 6a 3c  08 06 00 01*   ._..Ge..2.j<....
0010: 08 00 06 04  00 01 dc a6  32 f8 6a 3c  c0 a8 00 03    ........2.j<....
0020: 00 00 00 00  00 00 c0 a8  00 65*                      .........e      


2026-06-28 20:23:45 DEBUG cic.cs.unb.ca.jnetpcap.PacketReader    Invalid [0,48,48) range.
JMemory: JMemory@2c266e46fa4class org.jnetpcap.protocol.network.Ip4: size=16 bytes
JMemory: owner=nio.JMemoryPool$Block.class(size=32768/offset=28324)
********************************************************************************
0000:*dc a6 32 f8  6a 3c e4 5f  01 96 47 65  08 06 00 01    ..2.j<._..Ge....
0010: 08 00 06 04  00 02 e4 5f  01 96 47 65  c0 a8 00 65    ......._..Ge...e
0020: dc a6 32 f8  6a 3c c0 a8  00 03                       ..2.j<....      


2026-06-28 20:23:45 DEBUG cic.cs.unb.ca.jnetpcap.PacketReader    Invalid [0,48,48) range.
JMemory: JMemory@2c266e51008class org.jnetpcap.protocol.network.Ip4: size=42 bytes
JMemory: owner=nio.JMemoryPool$Block.class(size=32768/offset=3816)
********************************************************************************
0000:*dc a6 32 f8  6a 3c e4 5f  01 96 47 65  08 06 00 01    ..2.j<._..Ge....
0010: 08 00 06 04  00 02 e4 5f  01 96 47 65  c0 a8 00 65    ......._..Ge...e
0020: dc a6 32 f8  6a 3c c0 a8  00 03                       ..2.j<....      


2026-06-28 20:23:45 DEBUG cic.cs.unb.ca.jnetpcap.PacketReader    null
********************************************************************************
0000:*33 33 00 00  00 01 72 5d  cc cd 13 20* 86 dd 60 00    33....r]... ..`.
0010: 00 00 00 24  00 01 fe 80  00 00 00 00  00 00 70 5d    ...$..........p]
0020: cc ff fe cd  13 20 ff 02  00 00 00 00  00 00 00 00    ..... ..........
0030: 00 00 00 00  00 01 3a 00  05 02 00 00  01 00 82 00    ......:.........
0040: 2c f1 03 e8  00 00 00 00  00 00 00 00  00 00 00 00    ,...............
0050: 00 00 00 00  00 00 00 00  00 00*                      ..........      


2026-06-28 20:23:45 DEBUG cic.cs.unb.ca.jnetpcap.PacketReader    null
********************************************************************************
0000:*33 33 00 00  00 16 e4 5f  01 96 47 65* 86 dd 60 00    33....._..Ge..`.
0010: 00 00 00 38  00 01 fe 80  00 00 00 00  00 00 f8 d0    ...8............
0020: 36 ba 92 4b  e0 c2 ff 02  00 00 00 00  00 00 00 00    6..K............
0030: 00 00 00 00  00 16 3a 00  05 02 00 00  01 00 8f 00    ......:.........
0040: ed 4e 00 00  00 02 02 00  00 00 ff 02  00 00 00 00    .N..............
0050: 00 00 00 00  00 01 ff 4b  e0 c2 02 00  00 00 ff 02    .......K........
0060: 00 00 00 00  00 00 00 00  00 00 00 00  00 fb*         ..............  


2026-06-28 20:23:45 DEBUG cic.cs.unb.ca.jnetpcap.PacketReader    Invalid [0,48,48) range.
JMemory: JMemory@2c266e75622class org.jnetpcap.protocol.network.Ip4: size=20 bytes
JMemory: owner=nio.JMemoryPool$Block.class(size=32768/offset=21698)
********************************************************************************
0000:*dc a6 32 f8  6a 3c e4 5f  01 96 47 65  08 06 00 01    ..2.j<._..Ge....
0010: 08 00 06 04  00 01 e4 5f  01 96 47 65  c0 a8 00 65    ......._..Ge...e
0020: 00 00 00 00  00 00 c0 a8  00 03                       ..........      


2026-06-28 20:23:45 DEBUG cic.cs.unb.ca.jnetpcap.PacketReader    null
********************************************************************************
0000:*e4 5f 01 96  47 65 dc a6  32 f8 6a 3c  08 06 00 01*   ._..Ge..2.j<....
0010: 08 00 06 04  00 02 dc a6  32 f8 6a 3c  c0 a8 00 03    ........2.j<....
0020: e4 5f 01 96  47 65 c0 a8  00 65*                      ._..Ge...e      


2026-06-28 20:23:45 DEBUG cic.cs.unb.ca.jnetpcap.PacketReader    null
********************************************************************************
0000:*e4 5f 01 96  47 65 dc a6  32 f8 6a 3c  08 06 00 01*   ._..Ge..2.j<....
0010: 08 00 06 04  00 01 dc a6  32 f8 6a 3c  c0 a8 00 03    ........2.j<....
0020: 00 00 00 00  00 00 c0 a8  00 65*                      .........e      


2026-06-28 20:23:45 DEBUG cic.cs.unb.ca.jnetpcap.PacketReader    Invalid [0,48,48) range.
JMemory: JMemory@2c266e9e1e0class org.jnetpcap.protocol.network.Ip4: size=16 bytes
JMemory: owner=nio.JMemoryPool$Block.class(size=32768/offset=24624)
********************************************************************************
0000:*dc a6 32 f8  6a 3c e4 5f  01 96 47 65  08 06 00 01    ..2.j<._..Ge....
0010: 08 00 06 04  00 02 e4 5f  01 96 47 65  c0 a8 00 65    ......._..Ge...e
0020: dc a6 32 f8  6a 3c c0 a8  00 03                       ..2.j<....      


2026-06-28 20:23:45 DEBUG cic.cs.unb.ca.jnetpcap.PacketReader    Invalid [0,48,48) range.
JMemory: JMemory@2c266ea60baclass org.jnetpcap.protocol.network.Ip4: size=20 bytes
JMemory: owner=nio.JMemoryPool$Block.class(size=32768/offset=24314)
********************************************************************************
0000:*dc a6 32 f8  6a 3c e4 5f  01 96 47 65  08 06 00 01    ..2.j<._..Ge....
0010: 08 00 06 04  00 01 e4 5f  01 96 47 65  c0 a8 00 65    ......._..Ge...e
0020: 00 00 00 00  00 00 c0 a8  00 03                       ..........      


2026-06-28 20:23:45 DEBUG cic.cs.unb.ca.jnetpcap.PacketReader    null
********************************************************************************
0000:*e4 5f 01 96  47 65 dc a6  32 f8 6a 3c  08 06 00 01*   ._..Ge..2.j<....
0010: 08 00 06 04  00 02 dc a6  32 f8 6a 3c  c0 a8 00 03    ........2.j<....
0020: e4 5f 01 96  47 65 c0 a8  00 65*                      ._..Ge...e      


2026-06-28 20:23:45 DEBUG cic.cs.unb.ca.jnetpcap.PacketReader    Invalid [0,48,48) range.
JMemory: JMemory@2c266ed4d7aclass org.jnetpcap.protocol.network.Ip4: size=20 bytes
JMemory: owner=nio.JMemoryPool$Block.class(size=32768/offset=19290)
********************************************************************************
0000:*dc a6 32 f8  6a 3c e4 5f  01 96 47 65  08 06 00 01    ..2.j<._..Ge....
0010: 08 00 06 04  00 01 e4 5f  01 96 47 65  c0 a8 00 65    ......._..Ge...e
0020: 00 00 00 00  00 00 c0 a8  00 03                       ..........      


2026-06-28 20:23:45 DEBUG cic.cs.unb.ca.jnetpcap.PacketReader    null
********************************************************************************
0000:*e4 5f 01 96  47 65 dc a6  32 f8 6a 3c  08 06 00 01*   ._..Ge..2.j<....
0010: 08 00 06 04  00 02 dc a6  32 f8 6a 3c  c0 a8 00 03    ........2.j<....
0020: e4 5f 01 96  47 65 c0 a8  00 65*                      ._..Ge...e      


2026-06-28 20:23:45 DEBUG cic.cs.unb.ca.jnetpcap.PacketReader    null
********************************************************************************
0000:*33 33 00 00  00 01 72 5d  cc cd 13 20* 86 dd 60 00    33....r]... ..`.
0010: 00 00 00 24  00 01 fe 80  00 00 00 00  00 00 70 5d    ...$..........p]
0020: cc ff fe cd  13 20 ff 02  00 00 00 00  00 00 00 00    ..... ..........
0030: 00 00 00 00  00 01 3a 00  05 02 00 00  01 00 82 00    ......:.........
0040: 2c f1 03 e8  00 00 00 00  00 00 00 00  00 00 00 00    ,...............
0050: 00 00 00 00  00 00 00 00  00 00*                      ..........      


2026-06-28 20:23:45 DEBUG cic.cs.unb.ca.jnetpcap.PacketReader    null
********************************************************************************
0000:*33 33 00 00  00 16 e4 5f  01 96 47 65* 86 dd 60 00    33....._..Ge..`.
0010: 00 00 00 38  00 01 fe 80  00 00 00 00  00 00 f8 d0    ...8............
0020: 36 ba 92 4b  e0 c2 ff 02  00 00 00 00  00 00 00 00    6..K............
0030: 00 00 00 00  00 16 3a 00  05 02 00 00  01 00 8f 00    ......:.........
0040: ed 4e 00 00  00 02 02 00  00 00 ff 02  00 00 00 00    .N..............
0050: 00 00 00 00  00 01 ff 4b  e0 c2 02 00  00 00 ff 02    .......K........
0060: 00 00 00 00  00 00 00 00  00 00 00 00  00 fb*         ..............  


2026-06-28 20:23:45 DEBUG cic.cs.unb.ca.jnetpcap.PacketReader    null
********************************************************************************
0000:*e4 5f 01 96  47 65 dc a6  32 f8 6a 3c  08 06 00 01*   ._..Ge..2.j<....
0010: 08 00 06 04  00 01 dc a6  32 f8 6a 3c  c0 a8 00 03    ........2.j<....
0020: 00 00 00 00  00 00 c0 a8  00 65*                      .........e      


2026-06-28 20:23:45 DEBUG cic.cs.unb.ca.jnetpcap.PacketReader    Invalid [0,48,48) range.
JMemory: JMemory@2c266eebc08class org.jnetpcap.protocol.network.Ip4: size=16 bytes
JMemory: owner=nio.JMemoryPool$Block.class(size=32768/offset=14776)
********************************************************************************
0000:*dc a6 32 f8  6a 3c e4 5f  01 96 47 65  08 06 00 01    ..2.j<._..Ge....
0010: 08 00 06 04  00 02 e4 5f  01 96 47 65  c0 a8 00 65    ......._..Ge...e
0020: dc a6 32 f8  6a 3c c0 a8  00 03                       ..2.j<....      


2026-06-28 20:23:45 DEBUG cic.cs.unb.ca.jnetpcap.PacketReader    Invalid [0,48,48) range.
JMemory: JMemory@2c266f05af6class org.jnetpcap.protocol.network.Ip4: size=20 bytes
JMemory: owner=nio.JMemoryPool$Block.class(size=32768/offset=22646)
********************************************************************************
0000:*dc a6 32 f8  6a 3c e4 5f  01 96 47 65  08 06 00 01    ..2.j<._..Ge....
0010: 08 00 06 04  00 01 e4 5f  01 96 47 65  c0 a8 00 65    ......._..Ge...e
0020: 00 00 00 00  00 00 c0 a8  00 03                       ..........      


2026-06-28 20:23:45 DEBUG cic.cs.unb.ca.jnetpcap.PacketReader    null
********************************************************************************
0000:*e4 5f 01 96  47 65 dc a6  32 f8 6a 3c  08 06 00 01*   ._..Ge..2.j<....
0010: 08 00 06 04  00 02 dc a6  32 f8 6a 3c  c0 a8 00 03    ........2.j<....
0020: e4 5f 01 96  47 65 c0 a8  00 65*                      ._..Ge...e      


2026-06-28 20:23:45 DEBUG cic.cs.unb.ca.jnetpcap.PacketReader    Invalid [0,48,48) range.
JMemory: JMemory@2c266f35ececlass org.jnetpcap.protocol.network.Ip4: size=20 bytes
JMemory: owner=nio.JMemoryPool$Block.class(size=32768/offset=23534)
********************************************************************************
0000:*dc a6 32 f8  6a 3c e4 5f  01 96 47 65  08 06 00 01    ..2.j<._..Ge....
0010: 08 00 06 04  00 01 e4 5f  01 96 47 65  c0 a8 00 65    ......._..Ge...e
0020: 00 00 00 00  00 00 c0 a8  00 03                       ..........      


2026-06-28 20:23:45 DEBUG cic.cs.unb.ca.jnetpcap.PacketReader    null
********************************************************************************
0000:*e4 5f 01 96  47 65 dc a6  32 f8 6a 3c  08 06 00 01*   ._..Ge..2.j<....
0010: 08 00 06 04  00 02 dc a6  32 f8 6a 3c  c0 a8 00 03    ........2.j<....
0020: e4 5f 01 96  47 65 c0 a8  00 65*                      ._..Ge...e      


2026-06-28 20:23:45 DEBUG cic.cs.unb.ca.jnetpcap.PacketReader    null
********************************************************************************
0000:*e4 5f 01 96  47 65 dc a6  32 f8 6a 3c  08 06 00 01*   ._..Ge..2.j<....
0010: 08 00 06 04  00 01 dc a6  32 f8 6a 3c  c0 a8 00 03    ........2.j<....
0020: 00 00 00 00  00 00 c0 a8  00 65*                      .........e      


2026-06-28 20:23:45 DEBUG cic.cs.unb.ca.jnetpcap.PacketReader    Invalid [0,48,48) range.
JMemory: JMemory@2c266f389f4class org.jnetpcap.protocol.network.Ip4: size=16 bytes
JMemory: owner=nio.JMemoryPool$Block.class(size=32768/offset=1796)
********************************************************************************
0000:*dc a6 32 f8  6a 3c e4 5f  01 96 47 65  08 06 00 01    ..2.j<._..Ge....
0010: 08 00 06 04  00 02 e4 5f  01 96 47 65  c0 a8 00 65    ......._..Ge...e
0020: dc a6 32 f8  6a 3c c0 a8  00 03                       ..2.j<....      


2026-06-28 20:23:45 DEBUG cic.cs.unb.ca.jnetpcap.PacketReader    Invalid [0,48,48) range.
JMemory: JMemory@2c266f42048class org.jnetpcap.protocol.network.Ip4: size=42 bytes
JMemory: owner=nio.JMemoryPool$Block.class(size=32768/offset=7496)
********************************************************************************
0000:*dc a6 32 f8  6a 3c e4 5f  01 96 47 65  08 06 00 01    ..2.j<._..Ge....
0010: 08 00 06 04  00 02 e4 5f  01 96 47 65  c0 a8 00 65    ......._..Ge...e
0020: dc a6 32 f8  6a 3c c0 a8  00 03                       ..2.j<....      


2026-06-28 20:23:45 DEBUG cic.cs.unb.ca.jnetpcap.PacketReader    null
********************************************************************************
0000:*33 33 00 00  00 01 72 5d  cc cd 13 20* 86 dd 60 00    33....r]... ..`.
0010: 00 00 00 24  00 01 fe 80  00 00 00 00  00 00 70 5d    ...$..........p]
0020: cc ff fe cd  13 20 ff 02  00 00 00 00  00 00 00 00    ..... ..........
0030: 00 00 00 00  00 01 3a 00  05 02 00 00  01 00 82 00    ......:.........
0040: 2c f1 03 e8  00 00 00 00  00 00 00 00  00 00 00 00    ,...............
0050: 00 00 00 00  00 00 00 00  00 00*                      ..........      


2026-06-28 20:23:45 DEBUG cic.cs.unb.ca.jnetpcap.PacketReader    null
********************************************************************************
0000:*33 33 00 00  00 16 e4 5f  01 96 47 65* 86 dd 60 00    33....._..Ge..`.
0010: 00 00 00 38  00 01 fe 80  00 00 00 00  00 00 f8 d0    ...8............
0020: 36 ba 92 4b  e0 c2 ff 02  00 00 00 00  00 00 00 00    6..K............
0030: 00 00 00 00  00 16 3a 00  05 02 00 00  01 00 8f 00    ......:.........
0040: ed 4e 00 00  00 02 02 00  00 00 ff 02  00 00 00 00    .N..............
0050: 00 00 00 00  00 01 ff 4b  e0 c2 02 00  00 00 ff 02    .......K........
0060: 00 00 00 00  00 00 00 00  00 00 00 00  00 fb*         ..............  


2026-06-28 20:23:45 DEBUG cic.cs.unb.ca.jnetpcap.PacketReader    Invalid [0,48,48) range.
JMemory: JMemory@2c26701cf8eclass org.jnetpcap.protocol.network.Ip4: size=20 bytes
JMemory: owner=nio.JMemoryPool$Block.class(size=32768/offset=20190)
********************************************************************************
0000:*dc a6 32 f8  6a 3c e4 5f  01 96 47 65  08 06 00 01    ..2.j<._..Ge....
0010: 08 00 06 04  00 01 e4 5f  01 96 47 65  c0 a8 00 65    ......._..Ge...e
0020: 00 00 00 00  00 00 c0 a8  00 03                       ..........      


2026-06-28 20:23:45 DEBUG cic.cs.unb.ca.jnetpcap.PacketReader    null
********************************************************************************
0000:*e4 5f 01 96  47 65 dc a6  32 f8 6a 3c  08 06 00 01*   ._..Ge..2.j<....
0010: 08 00 06 04  00 02 dc a6  32 f8 6a 3c  c0 a8 00 03    ........2.j<....
0020: e4 5f 01 96  47 65 c0 a8  00 65*                      ._..Ge...e      


2026-06-28 20:23:45 DEBUG cic.cs.unb.ca.jnetpcap.PacketReader    null
********************************************************************************
0000:*e4 5f 01 96  47 65 dc a6  32 f8 6a 3c  08 06 00 01*   ._..Ge..2.j<....
0010: 08 00 06 04  00 01 dc a6  32 f8 6a 3c  c0 a8 00 03    ........2.j<....
0020: 00 00 00 00  00 00 c0 a8  00 65*                      .........e      


2026-06-28 20:23:45 DEBUG cic.cs.unb.ca.jnetpcap.PacketReader    Invalid [0,48,48) range.
JMemory: JMemory@2c26703dd20class org.jnetpcap.protocol.network.Ip4: size=16 bytes
JMemory: owner=nio.JMemoryPool$Block.class(size=32768/offset=23600)
********************************************************************************
0000:*dc a6 32 f8  6a 3c e4 5f  01 96 47 65  08 06 00 01    ..2.j<._..Ge....
0010: 08 00 06 04  00 02 e4 5f  01 96 47 65  c0 a8 00 65    ......._..Ge...e
0020: dc a6 32 f8  6a 3c c0 a8  00 03                       ..2.j<....      


2026-06-28 20:23:45 DEBUG cic.cs.unb.ca.jnetpcap.PacketReader    Invalid [0,48,48) range.
JMemory: JMemory@2c26704de5aclass org.jnetpcap.protocol.network.Ip4: size=20 bytes
JMemory: owner=nio.JMemoryPool$Block.class(size=32768/offset=23882)
********************************************************************************
0000:*dc a6 32 f8  6a 3c e4 5f  01 96 47 65  08 06 00 01    ..2.j<._..Ge....
0010: 08 00 06 04  00 01 e4 5f  01 96 47 65  c0 a8 00 65    ......._..Ge...e
0020: 00 00 00 00  00 00 c0 a8  00 03                       ..........      


2026-06-28 20:23:45 DEBUG cic.cs.unb.ca.jnetpcap.PacketReader    null
********************************************************************************
0000:*e4 5f 01 96  47 65 dc a6  32 f8 6a 3c  08 06 00 01*   ._..Ge..2.j<....
0010: 08 00 06 04  00 02 dc a6  32 f8 6a 3c  c0 a8 00 03    ........2.j<....
0020: e4 5f 01 96  47 65 c0 a8  00 65*                      ._..Ge...e      


2026-06-28 20:23:45 DEBUG cic.cs.unb.ca.jnetpcap.PacketReader    null
********************************************************************************
0000:*e4 5f 01 96  47 65 dc a6  32 f8 6a 3c  08 06 00 01*   ._..Ge..2.j<....
0010: 08 00 06 04  00 01 dc a6  32 f8 6a 3c  c0 a8 00 03    ........2.j<....
0020: 00 00 00 00  00 00 c0 a8  00 65*                      .........e      


2026-06-28 20:23:45 DEBUG cic.cs.unb.ca.jnetpcap.PacketReader    Invalid [0,48,48) range.
JMemory: JMemory@2c2670669bcclass org.jnetpcap.protocol.network.Ip4: size=16 bytes
JMemory: owner=nio.JMemoryPool$Block.class(size=32768/offset=26748)
********************************************************************************
0000:*dc a6 32 f8  6a 3c e4 5f  01 96 47 65  08 06 00 01    ..2.j<._..Ge....
0010: 08 00 06 04  00 02 e4 5f  01 96 47 65  c0 a8 00 65    ......._..Ge...e
0020: dc a6 32 f8  6a 3c c0 a8  00 03                       ..2.j<....      


2026-06-28 20:23:45 DEBUG cic.cs.unb.ca.jnetpcap.PacketReader    Invalid [0,48,48) range.
JMemory: JMemory@2c26707b30eclass org.jnetpcap.protocol.network.Ip4: size=20 bytes
JMemory: owner=nio.JMemoryPool$Block.class(size=32768/offset=12702)
********************************************************************************
0000:*dc a6 32 f8  6a 3c e4 5f  01 96 47 65  08 06 00 01    ..2.j<._..Ge....
0010: 08 00 06 04  00 01 e4 5f  01 96 47 65  c0 a8 00 65    ......._..Ge...e
0020: 00 00 00 00  00 00 c0 a8  00 03                       ..........      


2026-06-28 20:23:45 DEBUG cic.cs.unb.ca.jnetpcap.PacketReader    null
********************************************************************************
0000:*e4 5f 01 96  47 65 dc a6  32 f8 6a 3c  08 06 00 01*   ._..Ge..2.j<....
0010: 08 00 06 04  00 02 dc a6  32 f8 6a 3c  c0 a8 00 03    ........2.j<....
0020: e4 5f 01 96  47 65 c0 a8  00 65*                      ._..Ge...e      


2026-06-28 20:23:45 DEBUG cic.cs.unb.ca.jnetpcap.PacketReader    null
********************************************************************************
0000:*33 33 00 00  00 01 72 5d  cc cd 13 20* 86 dd 60 00    33....r]... ..`.
0010: 00 00 00 24  00 01 fe 80  00 00 00 00  00 00 70 5d    ...$..........p]
0020: cc ff fe cd  13 20 ff 02  00 00 00 00  00 00 00 00    ..... ..........
0030: 00 00 00 00  00 01 3a 00  05 02 00 00  01 00 82 00    ......:.........
0040: 2c f1 03 e8  00 00 00 00  00 00 00 00  00 00 00 00    ,...............
0050: 00 00 00 00  00 00 00 00  00 00*                      ..........      


2026-06-28 20:23:45 DEBUG cic.cs.unb.ca.jnetpcap.PacketReader    null
********************************************************************************
0000:*33 33 00 00  00 16 e4 5f  01 96 47 65* 86 dd 60 00    33....._..Ge..`.
0010: 00 00 00 38  00 01 fe 80  00 00 00 00  00 00 f8 d0    ...8............
0020: 36 ba 92 4b  e0 c2 ff 02  00 00 00 00  00 00 00 00    6..K............
0030: 00 00 00 00  00 16 3a 00  05 02 00 00  01 00 8f 00    ......:.........
0040: ed 4e 00 00  00 02 02 00  00 00 ff 02  00 00 00 00    .N..............
0050: 00 00 00 00  00 01 ff 4b  e0 c2 02 00  00 00 ff 02    .......K........
0060: 00 00 00 00  00 00 00 00  00 00 00 00  00 fb*         ..............  


2026-06-28 20:23:45 DEBUG cic.cs.unb.ca.jnetpcap.PacketReader    null
********************************************************************************
0000:*e4 5f 01 96  47 65 dc a6  32 f8 6a 3c  08 06 00 01*   ._..Ge..2.j<....
0010: 08 00 06 04  00 01 dc a6  32 f8 6a 3c  c0 a8 00 03    ........2.j<....
0020: 00 00 00 00  00 00 c0 a8  00 65*                      .........e      


2026-06-28 20:23:45 DEBUG cic.cs.unb.ca.jnetpcap.PacketReader    Invalid [0,48,48) range.
JMemory: JMemory@2c26708bd7cclass org.jnetpcap.protocol.network.Ip4: size=16 bytes
JMemory: owner=nio.JMemoryPool$Block.class(size=32768/offset=15340)
********************************************************************************
0000:*dc a6 32 f8  6a 3c e4 5f  01 96 47 65  08 06 00 01    ..2.j<._..Ge....
0010: 08 00 06 04  00 02 e4 5f  01 96 47 65  c0 a8 00 65    ......._..Ge...e
0020: dc a6 32 f8  6a 3c c0 a8  00 03                       ..2.j<....      


2026-06-28 20:23:45 DEBUG cic.cs.unb.ca.jnetpcap.PacketReader    Read All packets on C:\Users\amoha\OneDrive\Desktop\gp\gp\hybrid_ids_share_with_keys\uploads\web_attack(bruteforce).pcap
2026-06-28 20:27:29 DEBUG cic.cs.unb.ca.jnetpcap.worker.ReadPcapFileWorker    Working on... C:\Users\amoha\OneDrive\Desktop\gp\gp\hybrid_ids_share_with_keys\uploads\web_attack(bruteforce).pcap
2026-06-28 20:27:29 DEBUG cic.cs.unb.ca.jnetpcap.PacketReader    Invalid [0,48,48) range.
JMemory: JMemory@268ff58dca6class org.jnetpcap.protocol.network.Ip4: size=20 bytes
JMemory: owner=nio.JMemoryPool$Block.class(size=32768/offset=32086)
********************************************************************************
0000:*dc a6 32 f8  6a 3c e4 5f  01 96 47 65  08 06 00 01    ..2.j<._..Ge....
0010: 08 00 06 04  00 01 e4 5f  01 96 47 65  c0 a8 00 65    ......._..Ge...e
0020: 00 00 00 00  00 00 c0 a8  00 03                       ..........      


2026-06-28 20:27:29 DEBUG cic.cs.unb.ca.jnetpcap.PacketReader    null
********************************************************************************
0000:*e4 5f 01 96  47 65 dc a6  32 f8 6a 3c  08 06 00 01*   ._..Ge..2.j<....
0010: 08 00 06 04  00 02 dc a6  32 f8 6a 3c  c0 a8 00 03    ........2.j<....
0020: e4 5f 01 96  47 65 c0 a8  00 65*                      ._..Ge...e      


2026-06-28 20:27:29 DEBUG cic.cs.unb.ca.jnetpcap.PacketReader    null
********************************************************************************
0000:*33 33 00 00  00 01 72 5d  cc cd 13 20* 86 dd 60 00    33....r]... ..`.
0010: 00 00 00 24  00 01 fe 80  00 00 00 00  00 00 70 5d    ...$..........p]
0020: cc ff fe cd  13 20 ff 02  00 00 00 00  00 00 00 00    ..... ..........
0030: 00 00 00 00  00 01 3a 00  05 02 00 00  01 00 82 00    ......:.........
0040: 2c f1 03 e8  00 00 00 00  00 00 00 00  00 00 00 00    ,...............
0050: 00 00 00 00  00 00 00 00  00 00*                      ..........      


2026-06-28 20:27:29 DEBUG cic.cs.unb.ca.jnetpcap.PacketReader    null
********************************************************************************
0000:*33 33 00 00  00 16 e4 5f  01 96 47 65* 86 dd 60 00    33....._..Ge..`.
0010: 00 00 00 38  00 01 fe 80  00 00 00 00  00 00 f8 d0    ...8............
0020: 36 ba 92 4b  e0 c2 ff 02  00 00 00 00  00 00 00 00    6..K............
0030: 00 00 00 00  00 16 3a 00  05 02 00 00  01 00 8f 00    ......:.........
0040: ed 4e 00 00  00 02 02 00  00 00 ff 02  00 00 00 00    .N..............
0050: 00 00 00 00  00 01 ff 4b  e0 c2 02 00  00 00 ff 02    .......K........
0060: 00 00 00 00  00 00 00 00  00 00 00 00  00 fb*         ..............  


2026-06-28 20:27:29 DEBUG cic.cs.unb.ca.jnetpcap.PacketReader    null
********************************************************************************
0000:*e4 5f 01 96  47 65 dc a6  32 f8 6a 3c  08 06 00 01*   ._..Ge..2.j<....
0010: 08 00 06 04  00 01 dc a6  32 f8 6a 3c  c0 a8 00 03    ........2.j<....
0020: 00 00 00 00  00 00 c0 a8  00 65*                      .........e      


2026-06-28 20:27:29 DEBUG cic.cs.unb.ca.jnetpcap.PacketReader    Invalid [0,48,48) range.
JMemory: JMemory@268ffcf65ecclass org.jnetpcap.protocol.network.Ip4: size=16 bytes
JMemory: owner=nio.JMemoryPool$Block.class(size=32768/offset=25964)
********************************************************************************
0000:*dc a6 32 f8  6a 3c e4 5f  01 96 47 65  08 06 00 01    ..2.j<._..Ge....
0010: 08 00 06 04  00 02 e4 5f  01 96 47 65  c0 a8 00 65    ......._..Ge...e
0020: dc a6 32 f8  6a 3c c0 a8  00 03                       ..2.j<....      


2026-06-28 20:27:29 DEBUG cic.cs.unb.ca.jnetpcap.PacketReader    Invalid [0,48,48) range.
JMemory: JMemory@268ffd0894eclass org.jnetpcap.protocol.network.Ip4: size=20 bytes
JMemory: owner=nio.JMemoryPool$Block.class(size=32768/offset=2206)
********************************************************************************
0000:*dc a6 32 f8  6a 3c e4 5f  01 96 47 65  08 06 00 01    ..2.j<._..Ge....
0010: 08 00 06 04  00 01 e4 5f  01 96 47 65  c0 a8 00 65    ......._..Ge...e
0020: 00 00 00 00  00 00 c0 a8  00 03                       ..........      


2026-06-28 20:27:29 DEBUG cic.cs.unb.ca.jnetpcap.PacketReader    null
********************************************************************************
0000:*e4 5f 01 96  47 65 dc a6  32 f8 6a 3c  08 06 00 01*   ._..Ge..2.j<....
0010: 08 00 06 04  00 02 dc a6  32 f8 6a 3c  c0 a8 00 03    ........2.j<....
0020: e4 5f 01 96  47 65 c0 a8  00 65*                      ._..Ge...e      


2026-06-28 20:27:29 DEBUG cic.cs.unb.ca.jnetpcap.PacketReader    Invalid [0,48,48) range.
JMemory: JMemory@268ffd36e0aclass org.jnetpcap.protocol.network.Ip4: size=20 bytes
JMemory: owner=nio.JMemoryPool$Block.class(size=32768/offset=27914)
********************************************************************************
0000:*dc a6 32 f8  6a 3c e4 5f  01 96 47 65  08 06 00 01    ..2.j<._..Ge....
0010: 08 00 06 04  00 01 e4 5f  01 96 47 65  c0 a8 00 65    ......._..Ge...e
0020: 00 00 00 00  00 00 c0 a8  00 03                       ..........      


2026-06-28 20:27:29 DEBUG cic.cs.unb.ca.jnetpcap.PacketReader    null
********************************************************************************
0000:*e4 5f 01 96  47 65 dc a6  32 f8 6a 3c  08 06 00 01*   ._..Ge..2.j<....
0010: 08 00 06 04  00 02 dc a6  32 f8 6a 3c  c0 a8 00 03    ........2.j<....
0020: e4 5f 01 96  47 65 c0 a8  00 65*                      ._..Ge...e      


2026-06-28 20:27:29 DEBUG cic.cs.unb.ca.jnetpcap.PacketReader    null
********************************************************************************
0000:*e4 5f 01 96  47 65 dc a6  32 f8 6a 3c  08 06 00 01*   ._..Ge..2.j<....
0010: 08 00 06 04  00 01 dc a6  32 f8 6a 3c  c0 a8 00 03    ........2.j<....
0020: 00 00 00 00  00 00 c0 a8  00 65*                      .........e      


2026-06-28 20:27:29 DEBUG cic.cs.unb.ca.jnetpcap.PacketReader    Invalid [0,48,48) range.
JMemory: JMemory@268ffd42938class org.jnetpcap.protocol.network.Ip4: size=16 bytes
JMemory: owner=nio.JMemoryPool$Block.class(size=32768/offset=10264)
********************************************************************************
0000:*dc a6 32 f8  6a 3c e4 5f  01 96 47 65  08 06 00 01    ..2.j<._..Ge....
0010: 08 00 06 04  00 02 e4 5f  01 96 47 65  c0 a8 00 65    ......._..Ge...e
0020: dc a6 32 f8  6a 3c c0 a8  00 03                       ..2.j<....      


2026-06-28 20:27:29 DEBUG cic.cs.unb.ca.jnetpcap.PacketReader    null
********************************************************************************
0000:*33 33 00 00  00 01 72 5d  cc cd 13 20* 86 dd 60 00    33....r]... ..`.
0010: 00 00 00 24  00 01 fe 80  00 00 00 00  00 00 70 5d    ...$..........p]
0020: cc ff fe cd  13 20 ff 02  00 00 00 00  00 00 00 00    ..... ..........
0030: 00 00 00 00  00 01 3a 00  05 02 00 00  01 00 82 00    ......:.........
0040: 2c f1 03 e8  00 00 00 00  00 00 00 00  00 00 00 00    ,...............
0050: 00 00 00 00  00 00 00 00  00 00*                      ..........      


2026-06-28 20:27:29 DEBUG cic.cs.unb.ca.jnetpcap.PacketReader    null
********************************************************************************
0000:*33 33 00 00  00 16 e4 5f  01 96 47 65* 86 dd 60 00    33....._..Ge..`.
0010: 00 00 00 38  00 01 fe 80  00 00 00 00  00 00 f8 d0    ...8............
0020: 36 ba 92 4b  e0 c2 ff 02  00 00 00 00  00 00 00 00    6..K............
0030: 00 00 00 00  00 16 3a 00  05 02 00 00  01 00 8f 00    ......:.........
0040: ed 4e 00 00  00 02 02 00  00 00 ff 02  00 00 00 00    .N..............
0050: 00 00 00 00  00 01 ff 4b  e0 c2 02 00  00 00 ff 02    .......K........
0060: 00 00 00 00  00 00 00 00  00 00 00 00  00 fb*         ..............  


2026-06-28 20:27:29 DEBUG cic.cs.unb.ca.jnetpcap.PacketReader    Invalid [0,48,48) range.
JMemory: JMemory@268ffd6818eclass org.jnetpcap.protocol.network.Ip4: size=20 bytes
JMemory: owner=nio.JMemoryPool$Block.class(size=32768/offset=30)
********************************************************************************
0000:*dc a6 32 f8  6a 3c e4 5f  01 96 47 65  08 06 00 01    ..2.j<._..Ge....
0010: 08 00 06 04  00 01 e4 5f  01 96 47 65  c0 a8 00 65    ......._..Ge...e
0020: 00 00 00 00  00 00 c0 a8  00 03                       ..........      


2026-06-28 20:27:29 DEBUG cic.cs.unb.ca.jnetpcap.PacketReader    null
********************************************************************************
0000:*e4 5f 01 96  47 65 dc a6  32 f8 6a 3c  08 06 00 01*   ._..Ge..2.j<....
0010: 08 00 06 04  00 02 dc a6  32 f8 6a 3c  c0 a8 00 03    ........2.j<....
0020: e4 5f 01 96  47 65 c0 a8  00 65*                      ._..Ge...e      


2026-06-28 20:27:29 DEBUG cic.cs.unb.ca.jnetpcap.PacketReader    null
********************************************************************************
0000:*e4 5f 01 96  47 65 dc a6  32 f8 6a 3c  08 06 00 01*   ._..Ge..2.j<....
0010: 08 00 06 04  00 01 dc a6  32 f8 6a 3c  c0 a8 00 03    ........2.j<....
0020: 00 00 00 00  00 00 c0 a8  00 65*                      .........e      


2026-06-28 20:27:29 DEBUG cic.cs.unb.ca.jnetpcap.PacketReader    Invalid [0,48,48) range.
JMemory: JMemory@268ffd935f4class org.jnetpcap.protocol.network.Ip4: size=16 bytes
JMemory: owner=nio.JMemoryPool$Block.class(size=32768/offset=13364)
********************************************************************************
0000:*dc a6 32 f8  6a 3c e4 5f  01 96 47 65  08 06 00 01    ..2.j<._..Ge....
0010: 08 00 06 04  00 02 e4 5f  01 96 47 65  c0 a8 00 65    ......._..Ge...e
0020: dc a6 32 f8  6a 3c c0 a8  00 03                       ..2.j<....      


2026-06-28 20:27:29 DEBUG cic.cs.unb.ca.jnetpcap.PacketReader    Invalid [0,48,48) range.
JMemory: JMemory@268ffd96842class org.jnetpcap.protocol.network.Ip4: size=20 bytes
JMemory: owner=nio.JMemoryPool$Block.class(size=32768/offset=26242)
********************************************************************************
0000:*dc a6 32 f8  6a 3c e4 5f  01 96 47 65  08 06 00 01    ..2.j<._..Ge....
0010: 08 00 06 04  00 01 e4 5f  01 96 47 65  c0 a8 00 65    ......._..Ge...e
0020: 00 00 00 00  00 00 c0 a8  00 03                       ..........      


2026-06-28 20:27:29 DEBUG cic.cs.unb.ca.jnetpcap.PacketReader    null
********************************************************************************
0000:*e4 5f 01 96  47 65 dc a6  32 f8 6a 3c  08 06 00 01*   ._..Ge..2.j<....
0010: 08 00 06 04  00 02 dc a6  32 f8 6a 3c  c0 a8 00 03    ........2.j<....
0020: e4 5f 01 96  47 65 c0 a8  00 65*                      ._..Ge...e      


2026-06-28 20:27:29 DEBUG cic.cs.unb.ca.jnetpcap.PacketReader    Invalid [0,48,48) range.
JMemory: JMemory@268ffd992a0class org.jnetpcap.protocol.network.Ip4: size=42 bytes
JMemory: owner=nio.JMemoryPool$Block.class(size=32768/offset=4304)
********************************************************************************
0000:*dc a6 32 f8  6a 3c e4 5f  01 96 47 65  08 06 00 01    ..2.j<._..Ge....
0010: 08 00 06 04  00 02 e4 5f  01 96 47 65  c0 a8 00 65    ......._..Ge...e
0020: dc a6 32 f8  6a 3c c0 a8  00 03                       ..2.j<....      


2026-06-28 20:27:29 DEBUG cic.cs.unb.ca.jnetpcap.PacketReader    null
********************************************************************************
0000:*33 33 00 00  00 01 72 5d  cc cd 13 20* 86 dd 60 00    33....r]... ..`.
0010: 00 00 00 24  00 01 fe 80  00 00 00 00  00 00 70 5d    ...$..........p]
0020: cc ff fe cd  13 20 ff 02  00 00 00 00  00 00 00 00    ..... ..........
0030: 00 00 00 00  00 01 3a 00  05 02 00 00  01 00 82 00    ......:.........
0040: 2c f1 03 e8  00 00 00 00  00 00 00 00  00 00 00 00    ,...............
0050: 00 00 00 00  00 00 00 00  00 00*                      ..........      


2026-06-28 20:27:29 DEBUG cic.cs.unb.ca.jnetpcap.PacketReader    null
********************************************************************************
0000:*33 33 00 00  00 16 e4 5f  01 96 47 65* 86 dd 60 00    33....._..Ge..`.
0010: 00 00 00 38  00 01 fe 80  00 00 00 00  00 00 f8 d0    ...8............
0020: 36 ba 92 4b  e0 c2 ff 02  00 00 00 00  00 00 00 00    6..K............
0030: 00 00 00 00  00 16 3a 00  05 02 00 00  01 00 8f 00    ......:.........
0040: ed 4e 00 00  00 02 02 00  00 00 ff 02  00 00 00 00    .N..............
0050: 00 00 00 00  00 01 ff 4b  e0 c2 02 00  00 00 ff 02    .......K........
0060: 00 00 00 00  00 00 00 00  00 00 00 00  00 fb*         ..............  


2026-06-28 20:27:29 DEBUG cic.cs.unb.ca.jnetpcap.PacketReader    Invalid [0,48,48) range.
JMemory: JMemory@268ffdc6dfaclass org.jnetpcap.protocol.network.Ip4: size=20 bytes
JMemory: owner=nio.JMemoryPool$Block.class(size=32768/offset=27610)
********************************************************************************
0000:*dc a6 32 f8  6a 3c e4 5f  01 96 47 65  08 06 00 01    ..2.j<._..Ge....
0010: 08 00 06 04  00 01 e4 5f  01 96 47 65  c0 a8 00 65    ......._..Ge...e
0020: 00 00 00 00  00 00 c0 a8  00 03                       ..........      


2026-06-28 20:27:29 DEBUG cic.cs.unb.ca.jnetpcap.PacketReader    null
********************************************************************************
0000:*e4 5f 01 96  47 65 dc a6  32 f8 6a 3c  08 06 00 01*   ._..Ge..2.j<....
0010: 08 00 06 04  00 02 dc a6  32 f8 6a 3c  c0 a8 00 03    ........2.j<....
0020: e4 5f 01 96  47 65 c0 a8  00 65*                      ._..Ge...e      


2026-06-28 20:27:29 DEBUG cic.cs.unb.ca.jnetpcap.PacketReader    null
********************************************************************************
0000:*e4 5f 01 96  47 65 dc a6  32 f8 6a 3c  08 06 00 01*   ._..Ge..2.j<....
0010: 08 00 06 04  00 01 dc a6  32 f8 6a 3c  c0 a8 00 03    ........2.j<....
0020: 00 00 00 00  00 00 c0 a8  00 65*                      .........e      


2026-06-28 20:27:29 DEBUG cic.cs.unb.ca.jnetpcap.PacketReader    Invalid [0,48,48) range.
JMemory: JMemory@268ffde87e0class org.jnetpcap.protocol.network.Ip4: size=16 bytes
JMemory: owner=nio.JMemoryPool$Block.class(size=32768/offset=1392)
********************************************************************************
0000:*dc a6 32 f8  6a 3c e4 5f  01 96 47 65  08 06 00 01    ..2.j<._..Ge....
0010: 08 00 06 04  00 02 e4 5f  01 96 47 65  c0 a8 00 65    ......._..Ge...e
0020: dc a6 32 f8  6a 3c c0 a8  00 03                       ..2.j<....      


2026-06-28 20:27:29 DEBUG cic.cs.unb.ca.jnetpcap.PacketReader    Invalid [0,48,48) range.
JMemory: JMemory@268ffdf7e92class org.jnetpcap.protocol.network.Ip4: size=20 bytes
JMemory: owner=nio.JMemoryPool$Block.class(size=32768/offset=31762)
********************************************************************************
0000:*dc a6 32 f8  6a 3c e4 5f  01 96 47 65  08 06 00 01    ..2.j<._..Ge....
0010: 08 00 06 04  00 01 e4 5f  01 96 47 65  c0 a8 00 65    ......._..Ge...e
0020: 00 00 00 00  00 00 c0 a8  00 03                       ..........      


2026-06-28 20:27:29 DEBUG cic.cs.unb.ca.jnetpcap.PacketReader    null
********************************************************************************
0000:*e4 5f 01 96  47 65 dc a6  32 f8 6a 3c  08 06 00 01*   ._..Ge..2.j<....
0010: 08 00 06 04  00 02 dc a6  32 f8 6a 3c  c0 a8 00 03    ........2.j<....
0020: e4 5f 01 96  47 65 c0 a8  00 65*                      ._..Ge...e      


2026-06-28 20:27:29 DEBUG cic.cs.unb.ca.jnetpcap.PacketReader    Invalid [0,48,48) range.
JMemory: JMemory@268ffe266e6class org.jnetpcap.protocol.network.Ip4: size=20 bytes
JMemory: owner=nio.JMemoryPool$Block.class(size=32768/offset=25606)
********************************************************************************
0000:*dc a6 32 f8  6a 3c e4 5f  01 96 47 65  08 06 00 01    ..2.j<._..Ge....
0010: 08 00 06 04  00 01 e4 5f  01 96 47 65  c0 a8 00 65    ......._..Ge...e
0020: 00 00 00 00  00 00 c0 a8  00 03                       ..........      


2026-06-28 20:27:29 DEBUG cic.cs.unb.ca.jnetpcap.PacketReader    null
********************************************************************************
0000:*e4 5f 01 96  47 65 dc a6  32 f8 6a 3c  08 06 00 01*   ._..Ge..2.j<....
0010: 08 00 06 04  00 02 dc a6  32 f8 6a 3c  c0 a8 00 03    ........2.j<....
0020: e4 5f 01 96  47 65 c0 a8  00 65*                      ._..Ge...e      


2026-06-28 20:27:29 DEBUG cic.cs.unb.ca.jnetpcap.PacketReader    null
********************************************************************************
0000:*e4 5f 01 96  47 65 dc a6  32 f8 6a 3c  08 06 00 01*   ._..Ge..2.j<....
0010: 08 00 06 04  00 01 dc a6  32 f8 6a 3c  c0 a8 00 03    ........2.j<....
0020: 00 00 00 00  00 00 c0 a8  00 65*                      .........e      


2026-06-28 20:27:29 DEBUG cic.cs.unb.ca.jnetpcap.PacketReader    Invalid [0,48,48) range.
JMemory: JMemory@268ffe34f40class org.jnetpcap.protocol.network.Ip4: size=16 bytes
JMemory: owner=nio.JMemoryPool$Block.class(size=32768/offset=19520)
********************************************************************************
0000:*dc a6 32 f8  6a 3c e4 5f  01 96 47 65  08 06 00 01    ..2.j<._..Ge....
0010: 08 00 06 04  00 02 e4 5f  01 96 47 65  c0 a8 00 65    ......._..Ge...e
0020: dc a6 32 f8  6a 3c c0 a8  00 03                       ..2.j<....      


2026-06-28 20:27:29 DEBUG cic.cs.unb.ca.jnetpcap.PacketReader    null
********************************************************************************
0000:*33 33 00 00  00 01 72 5d  cc cd 13 20* 86 dd 60 00    33....r]... ..`.
0010: 00 00 00 24  00 01 fe 80  00 00 00 00  00 00 70 5d    ...$..........p]
0020: cc ff fe cd  13 20 ff 02  00 00 00 00  00 00 00 00    ..... ..........
0030: 00 00 00 00  00 01 3a 00  05 02 00 00  01 00 82 00    ......:.........
0040: 2c f1 03 e8  00 00 00 00  00 00 00 00  00 00 00 00    ,...............
0050: 00 00 00 00  00 00 00 00  00 00*                      ..........      


2026-06-28 20:27:29 DEBUG cic.cs.unb.ca.jnetpcap.PacketReader    null
********************************************************************************
0000:*33 33 00 00  00 16 e4 5f  01 96 47 65* 86 dd 60 00    33....._..Ge..`.
0010: 00 00 00 38  00 01 fe 80  00 00 00 00  00 00 f8 d0    ...8............
0020: 36 ba 92 4b  e0 c2 ff 02  00 00 00 00  00 00 00 00    6..K............
0030: 00 00 00 00  00 16 3a 00  05 02 00 00  01 00 8f 00    ......:.........
0040: ed 4e 00 00  00 02 02 00  00 00 ff 02  00 00 00 00    .N..............
0050: 00 00 00 00  00 01 ff 4b  e0 c2 02 00  00 00 ff 02    .......K........
0060: 00 00 00 00  00 00 00 00  00 00 00 00  00 fb*         ..............  


2026-06-28 20:27:29 DEBUG cic.cs.unb.ca.jnetpcap.PacketReader    Invalid [0,48,48) range.
JMemory: JMemory@268ffcff4daclass org.jnetpcap.protocol.network.Ip4: size=20 bytes
JMemory: owner=nio.JMemoryPool$Block.class(size=32768/offset=29770)
********************************************************************************
0000:*dc a6 32 f8  6a 3c e4 5f  01 96 47 65  08 06 00 01    ..2.j<._..Ge....
0010: 08 00 06 04  00 01 e4 5f  01 96 47 65  c0 a8 00 65    ......._..Ge...e
0020: 00 00 00 00  00 00 c0 a8  00 03                       ..........      


2026-06-28 20:27:29 DEBUG cic.cs.unb.ca.jnetpcap.PacketReader    null
********************************************************************************
0000:*e4 5f 01 96  47 65 dc a6  32 f8 6a 3c  08 06 00 01*   ._..Ge..2.j<....
0010: 08 00 06 04  00 02 dc a6  32 f8 6a 3c  c0 a8 00 03    ........2.j<....
0020: e4 5f 01 96  47 65 c0 a8  00 65*                      ._..Ge...e      


2026-06-28 20:27:29 DEBUG cic.cs.unb.ca.jnetpcap.PacketReader    null
********************************************************************************
0000:*e4 5f 01 96  47 65 dc a6  32 f8 6a 3c  08 06 00 01*   ._..Ge..2.j<....
0010: 08 00 06 04  00 01 dc a6  32 f8 6a 3c  c0 a8 00 03    ........2.j<....
0020: 00 00 00 00  00 00 c0 a8  00 65*                      .........e      


2026-06-28 20:27:29 DEBUG cic.cs.unb.ca.jnetpcap.PacketReader    Invalid [0,48,48) range.
JMemory: JMemory@268ffd2cc08class org.jnetpcap.protocol.network.Ip4: size=16 bytes
JMemory: owner=nio.JMemoryPool$Block.class(size=32768/offset=19224)
********************************************************************************
0000:*dc a6 32 f8  6a 3c e4 5f  01 96 47 65  08 06 00 01    ..2.j<._..Ge....
0010: 08 00 06 04  00 02 e4 5f  01 96 47 65  c0 a8 00 65    ......._..Ge...e
0020: dc a6 32 f8  6a 3c c0 a8  00 03                       ..2.j<....      


2026-06-28 20:27:29 DEBUG cic.cs.unb.ca.jnetpcap.PacketReader    Invalid [0,48,48) range.
JMemory: JMemory@268ffd2eaeeclass org.jnetpcap.protocol.network.Ip4: size=20 bytes
JMemory: owner=nio.JMemoryPool$Block.class(size=32768/offset=27134)
********************************************************************************
0000:*dc a6 32 f8  6a 3c e4 5f  01 96 47 65  08 06 00 01    ..2.j<._..Ge....
0010: 08 00 06 04  00 01 e4 5f  01 96 47 65  c0 a8 00 65    ......._..Ge...e
0020: 00 00 00 00  00 00 c0 a8  00 03                       ..........      


2026-06-28 20:27:29 DEBUG cic.cs.unb.ca.jnetpcap.PacketReader    null
********************************************************************************
0000:*e4 5f 01 96  47 65 dc a6  32 f8 6a 3c  08 06 00 01*   ._..Ge..2.j<....
0010: 08 00 06 04  00 02 dc a6  32 f8 6a 3c  c0 a8 00 03    ........2.j<....
0020: e4 5f 01 96  47 65 c0 a8  00 65*                      ._..Ge...e      


2026-06-28 20:27:29 DEBUG cic.cs.unb.ca.jnetpcap.PacketReader    Invalid [0,48,48) range.
JMemory: JMemory@268ff56e51cclass org.jnetpcap.protocol.network.Ip4: size=42 bytes
JMemory: owner=nio.JMemoryPool$Block.class(size=32768/offset=1532)
********************************************************************************
0000:*dc a6 32 f8  6a 3c e4 5f  01 96 47 65  08 06 00 01    ..2.j<._..Ge....
0010: 08 00 06 04  00 02 e4 5f  01 96 47 65  c0 a8 00 65    ......._..Ge...e
0020: dc a6 32 f8  6a 3c c0 a8  00 03                       ..2.j<....      


2026-06-28 20:27:29 DEBUG cic.cs.unb.ca.jnetpcap.PacketReader    null
********************************************************************************
0000:*e4 5f 01 96  47 65 70 5d  cc dd 13 23  08 06 00 01*   ._..Gep]...#....
0010: 08 00 06 04  00 01 70 5d  cc dd 13 23  c0 a8 00 01    ......p]...#....
0020: 00 00 00 00  00 00 c0 a8  00 65*                      .........e      


2026-06-28 20:27:29 DEBUG cic.cs.unb.ca.jnetpcap.PacketReader    null
********************************************************************************
0000:*e4 5f 01 96  47 65 70 5d  cc dd 13 23  08 06 00 01*   ._..Gep]...#....
0010: 08 00 06 04  00 02 70 5d  cc dd 13 23  c0 a8 00 01    ......p]...#....
0020: e4 5f 01 96  47 65 c0 a8  00 65*                      ._..Ge...e      


2026-06-28 20:27:29 DEBUG cic.cs.unb.ca.jnetpcap.PacketReader    null
********************************************************************************
0000:*33 33 00 00  00 01 72 5d  cc cd 13 20* 86 dd 60 00    33....r]... ..`.
0010: 00 00 00 24  00 01 fe 80  00 00 00 00  00 00 70 5d    ...$..........p]
0020: cc ff fe cd  13 20 ff 02  00 00 00 00  00 00 00 00    ..... ..........
0030: 00 00 00 00  00 01 3a 00  05 02 00 00  01 00 82 00    ......:.........
0040: 2c f1 03 e8  00 00 00 00  00 00 00 00  00 00 00 00    ,...............
0050: 00 00 00 00  00 00 00 00  00 00*                      ..........      


2026-06-28 20:27:29 DEBUG cic.cs.unb.ca.jnetpcap.PacketReader    null
********************************************************************************
0000:*33 33 00 00  00 16 e4 5f  01 96 47 65* 86 dd 60 00    33....._..Ge..`.
0010: 00 00 00 38  00 01 fe 80  00 00 00 00  00 00 f8 d0    ...8............
0020: 36 ba 92 4b  e0 c2 ff 02  00 00 00 00  00 00 00 00    6..K............
0030: 00 00 00 00  00 16 3a 00  05 02 00 00  01 00 8f 00    ......:.........
0040: ed 4e 00 00  00 02 02 00  00 00 ff 02  00 00 00 00    .N..............
0050: 00 00 00 00  00 01 ff 4b  e0 c2 02 00  00 00 ff 02    .......K........
0060: 00 00 00 00  00 00 00 00  00 00 00 00  00 fb*         ..............  


2026-06-28 20:27:29 DEBUG cic.cs.unb.ca.jnetpcap.PacketReader    Invalid [0,48,48) range.
JMemory: JMemory@268ff5946declass org.jnetpcap.protocol.network.Ip4: size=20 bytes
JMemory: owner=nio.JMemoryPool$Block.class(size=32768/offset=26494)
********************************************************************************
0000:*dc a6 32 f8  6a 3c e4 5f  01 96 47 65  08 06 00 01    ..2.j<._..Ge....
0010: 08 00 06 04  00 01 e4 5f  01 96 47 65  c0 a8 00 65    ......._..Ge...e
0020: 00 00 00 00  00 00 c0 a8  00 03                       ..........      


2026-06-28 20:27:29 DEBUG cic.cs.unb.ca.jnetpcap.PacketReader    null
********************************************************************************
0000:*e4 5f 01 96  47 65 dc a6  32 f8 6a 3c  08 06 00 01*   ._..Ge..2.j<....
0010: 08 00 06 04  00 02 dc a6  32 f8 6a 3c  c0 a8 00 03    ........2.j<....
0020: e4 5f 01 96  47 65 c0 a8  00 65*                      ._..Ge...e      


2026-06-28 20:27:29 DEBUG cic.cs.unb.ca.jnetpcap.PacketReader    null
********************************************************************************
0000:*e4 5f 01 96  47 65 dc a6  32 f8 6a 3c  08 06 00 01*   ._..Ge..2.j<....
0010: 08 00 06 04  00 01 dc a6  32 f8 6a 3c  c0 a8 00 03    ........2.j<....
0020: 00 00 00 00  00 00 c0 a8  00 65*                      .........e      


2026-06-28 20:27:29 DEBUG cic.cs.unb.ca.jnetpcap.PacketReader    Invalid [0,48,48) range.
JMemory: JMemory@268ffe55ee8class org.jnetpcap.protocol.network.Ip4: size=16 bytes
JMemory: owner=nio.JMemoryPool$Block.class(size=32768/offset=23464)
********************************************************************************
0000:*dc a6 32 f8  6a 3c e4 5f  01 96 47 65  08 06 00 01    ..2.j<._..Ge....
0010: 08 00 06 04  00 02 e4 5f  01 96 47 65  c0 a8 00 65    ......._..Ge...e
0020: dc a6 32 f8  6a 3c c0 a8  00 03                       ..2.j<....      


2026-06-28 20:27:29 DEBUG cic.cs.unb.ca.jnetpcap.PacketReader    Invalid [0,48,48) range.
JMemory: JMemory@268ffe5f6b2class org.jnetpcap.protocol.network.Ip4: size=20 bytes
JMemory: owner=nio.JMemoryPool$Block.class(size=32768/offset=29538)
********************************************************************************
0000:*dc a6 32 f8  6a 3c e4 5f  01 96 47 65  08 06 00 01    ..2.j<._..Ge....
0010: 08 00 06 04  00 01 e4 5f  01 96 47 65  c0 a8 00 65    ......._..Ge...e
0020: 00 00 00 00  00 00 c0 a8  00 03                       ..........      


2026-06-28 20:27:29 DEBUG cic.cs.unb.ca.jnetpcap.PacketReader    null
********************************************************************************
0000:*e4 5f 01 96  47 65 dc a6  32 f8 6a 3c  08 06 00 01*   ._..Ge..2.j<....
0010: 08 00 06 04  00 02 dc a6  32 f8 6a 3c  c0 a8 00 03    ........2.j<....
0020: e4 5f 01 96  47 65 c0 a8  00 65*                      ._..Ge...e      


2026-06-28 20:27:29 DEBUG cic.cs.unb.ca.jnetpcap.PacketReader    Invalid [0,48,48) range.
JMemory: JMemory@268ffe8da5eclass org.jnetpcap.protocol.network.Ip4: size=20 bytes
JMemory: owner=nio.JMemoryPool$Block.class(size=32768/offset=22190)
********************************************************************************
0000:*dc a6 32 f8  6a 3c e4 5f  01 96 47 65  08 06 00 01    ..2.j<._..Ge....
0010: 08 00 06 04  00 01 e4 5f  01 96 47 65  c0 a8 00 65    ......._..Ge...e
0020: 00 00 00 00  00 00 c0 a8  00 03                       ..........      


2026-06-28 20:27:29 DEBUG cic.cs.unb.ca.jnetpcap.PacketReader    null
********************************************************************************
0000:*e4 5f 01 96  47 65 dc a6  32 f8 6a 3c  08 06 00 01*   ._..Ge..2.j<....
0010: 08 00 06 04  00 02 dc a6  32 f8 6a 3c  c0 a8 00 03    ........2.j<....
0020: e4 5f 01 96  47 65 c0 a8  00 65*                      ._..Ge...e      


2026-06-28 20:27:29 DEBUG cic.cs.unb.ca.jnetpcap.PacketReader    null
********************************************************************************
0000:*33 33 00 00  00 01 72 5d  cc cd 13 20* 86 dd 60 00    33....r]... ..`.
0010: 00 00 00 24  00 01 fe 80  00 00 00 00  00 00 70 5d    ...$..........p]
0020: cc ff fe cd  13 20 ff 02  00 00 00 00  00 00 00 00    ..... ..........
0030: 00 00 00 00  00 01 3a 00  05 02 00 00  01 00 82 00    ......:.........
0040: 2c f1 03 e8  00 00 00 00  00 00 00 00  00 00 00 00    ,...............
0050: 00 00 00 00  00 00 00 00  00 00*                      ..........      


2026-06-28 20:27:29 DEBUG cic.cs.unb.ca.jnetpcap.PacketReader    null
********************************************************************************
0000:*33 33 00 00  00 16 e4 5f  01 96 47 65* 86 dd 60 00    33....._..Ge..`.
0010: 00 00 00 38  00 01 fe 80  00 00 00 00  00 00 f8 d0    ...8............
0020: 36 ba 92 4b  e0 c2 ff 02  00 00 00 00  00 00 00 00    6..K............
0030: 00 00 00 00  00 16 3a 00  05 02 00 00  01 00 8f 00    ......:.........
0040: ed 4e 00 00  00 02 02 00  00 00 ff 02  00 00 00 00    .N..............
0050: 00 00 00 00  00 01 ff 4b  e0 c2 02 00  00 00 ff 02    .......K........
0060: 00 00 00 00  00 00 00 00  00 00 00 00  00 fb*         ..............  


2026-06-28 20:27:29 DEBUG cic.cs.unb.ca.jnetpcap.PacketReader    null
********************************************************************************
0000:*e4 5f 01 96  47 65 dc a6  32 f8 6a 3c  08 06 00 01*   ._..Ge..2.j<....
0010: 08 00 06 04  00 01 dc a6  32 f8 6a 3c  c0 a8 00 03    ........2.j<....
0020: 00 00 00 00  00 00 c0 a8  00 65*                      .........e      


2026-06-28 20:27:29 DEBUG cic.cs.unb.ca.jnetpcap.PacketReader    Invalid [0,48,48) range.
JMemory: JMemory@268ffea24e8class org.jnetpcap.protocol.network.Ip4: size=16 bytes
JMemory: owner=nio.JMemoryPool$Block.class(size=32768/offset=8456)
********************************************************************************
0000:*dc a6 32 f8  6a 3c e4 5f  01 96 47 65  08 06 00 01    ..2.j<._..Ge....
0010: 08 00 06 04  00 02 e4 5f  01 96 47 65  c0 a8 00 65    ......._..Ge...e
0020: dc a6 32 f8  6a 3c c0 a8  00 03                       ..2.j<....      


2026-06-28 20:27:29 DEBUG cic.cs.unb.ca.jnetpcap.PacketReader    null
********************************************************************************
0000:*33 33 00 00  00 fb 8c 88  2b 40 07 be* 86 dd 60 0a    33......+@....`.
0010: 8e 35 00 24  11 01 fe 80  00 00 00 00  00 00 67 bd    .5.$..........g.
0020: 69 35 c9 5b  bf cb ff 02  00 00 00 00  00 00 00 00    i5.[............
0030: 00 00 00 00  00 fb 14 e9  14 e9 00 24  68 89 00 00    ...........$h...
0040: 00 00 00 01  00 00 00 00  00 00 04 77  70 61 64 05    ...........wpad.
0050: 6c 6f 63 61  6c 00 00 01  00 01*                      local.....      


2026-06-28 20:27:29 DEBUG cic.cs.unb.ca.jnetpcap.PacketReader    null
********************************************************************************
0000:*33 33 00 00  00 fb 8c 88  2b 40 07 be* 86 dd 60 0a    33......+@....`.
0010: 8e 35 00 24  11 01 fe 80  00 00 00 00  00 00 67 bd    .5.$..........g.
0020: 69 35 c9 5b  bf cb ff 02  00 00 00 00  00 00 00 00    i5.[............
0030: 00 00 00 00  00 fb 14 e9  14 e9 00 24  68 6e 00 00    ...........$hn..
0040: 00 00 00 01  00 00 00 00  00 00 04 77  70 61 64 05    ...........wpad.
0050: 6c 6f 63 61  6c 00 00 1c  00 01*                      local.....      


2026-06-28 20:27:29 DEBUG cic.cs.unb.ca.jnetpcap.PacketReader    null
********************************************************************************
0000:*33 33 00 00  00 fb 8c 88  2b 40 07 be* 86 dd 60 0a    33......+@....`.
0010: 8e 35 00 24  11 01 fe 80  00 00 00 00  00 00 67 bd    .5.$..........g.
0020: 69 35 c9 5b  bf cb ff 02  00 00 00 00  00 00 00 00    i5.[............
0030: 00 00 00 00  00 fb 14 e9  14 e9 00 24  68 89 00 00    ...........$h...
0040: 00 00 00 01  00 00 00 00  00 00 04 77  70 61 64 05    ...........wpad.
0050: 6c 6f 63 61  6c 00 00 01  00 01*                      local.....      


2026-06-28 20:27:29 DEBUG cic.cs.unb.ca.jnetpcap.PacketReader    null
********************************************************************************
0000:*33 33 00 00  00 fb 8c 88  2b 40 07 be* 86 dd 60 0a    33......+@....`.
0010: 8e 35 00 24  11 01 fe 80  00 00 00 00  00 00 67 bd    .5.$..........g.
0020: 69 35 c9 5b  bf cb ff 02  00 00 00 00  00 00 00 00    i5.[............
0030: 00 00 00 00  00 fb 14 e9  14 e9 00 24  68 6e 00 00    ...........$hn..
0040: 00 00 00 01  00 00 00 00  00 00 04 77  70 61 64 05    ...........wpad.
0050: 6c 6f 63 61  6c 00 00 1c  00 01*                      local.....      


2026-06-28 20:27:29 DEBUG cic.cs.unb.ca.jnetpcap.PacketReader    null
********************************************************************************
0000:*33 33 00 00  00 fb 8c 88  2b 40 07 be* 86 dd 60 0a    33......+@....`.
0010: 8e 35 00 24  11 01 fe 80  00 00 00 00  00 00 67 bd    .5.$..........g.
0020: 69 35 c9 5b  bf cb ff 02  00 00 00 00  00 00 00 00    i5.[............
0030: 00 00 00 00  00 fb 14 e9  14 e9 00 24  68 89 00 00    ...........$h...
0040: 00 00 00 01  00 00 00 00  00 00 04 77  70 61 64 05    ...........wpad.
0050: 6c 6f 63 61  6c 00 00 01  00 01*                      local.....      


2026-06-28 20:27:29 DEBUG cic.cs.unb.ca.jnetpcap.PacketReader    null
********************************************************************************
0000:*33 33 00 00  00 fb 8c 88  2b 40 07 be* 86 dd 60 0a    33......+@....`.
0010: 8e 35 00 24  11 01 fe 80  00 00 00 00  00 00 67 bd    .5.$..........g.
0020: 69 35 c9 5b  bf cb ff 02  00 00 00 00  00 00 00 00    i5.[............
0030: 00 00 00 00  00 fb 14 e9  14 e9 00 24  68 89 00 00    ...........$h...
0040: 00 00 00 01  00 00 00 00  00 00 04 77  70 61 64 05    ...........wpad.
0050: 6c 6f 63 61  6c 00 00 01  00 01*                      local.....      


2026-06-28 20:27:29 DEBUG cic.cs.unb.ca.jnetpcap.PacketReader    null
********************************************************************************
0000:*33 33 00 00  00 fb 8c 88  2b 40 07 be* 86 dd 60 0a    33......+@....`.
0010: 8e 35 00 24  11 01 fe 80  00 00 00 00  00 00 67 bd    .5.$..........g.
0020: 69 35 c9 5b  bf cb ff 02  00 00 00 00  00 00 00 00    i5.[............
0030: 00 00 00 00  00 fb 14 e9  14 e9 00 24  68 6e 00 00    ...........$hn..
0040: 00 00 00 01  00 00 00 00  00 00 04 77  70 61 64 05    ...........wpad.
0050: 6c 6f 63 61  6c 00 00 1c  00 01*                      local.....      


2026-06-28 20:27:29 DEBUG cic.cs.unb.ca.jnetpcap.PacketReader    null
********************************************************************************
0000:*33 33 00 00  00 fb 8c 88  2b 40 07 be* 86 dd 60 0a    33......+@....`.
0010: 8e 35 00 24  11 01 fe 80  00 00 00 00  00 00 67 bd    .5.$..........g.
0020: 69 35 c9 5b  bf cb ff 02  00 00 00 00  00 00 00 00    i5.[............
0030: 00 00 00 00  00 fb 14 e9  14 e9 00 24  68 6e 00 00    ...........$hn..
0040: 00 00 00 01  00 00 00 00  00 00 04 77  70 61 64 05    ...........wpad.
0050: 6c 6f 63 61  6c 00 00 1c  00 01*                      local.....      


2026-06-28 20:27:29 DEBUG cic.cs.unb.ca.jnetpcap.PacketReader    null
********************************************************************************
0000:*33 33 00 00  00 fb e4 5f  01 96 47 65* 86 dd 60 08    33....._..Ge..`.
0010: 6f c5 00 35  11 ff fe 80  00 00 00 00  00 00 f8 d0    o..5............
0020: 36 ba 92 4b  e0 c2 ff 02  00 00 00 00  00 00 00 00    6..K............
0030: 00 00 00 00  00 fb 14 e9  14 e9 00 35  33 1f 00 00    ...........53..
0040: 00 00 00 02  00 00 00 00  00 00 05 5f  69 70 70 73    ..........._ipps
0050: 04 5f 74 63  70 05 6c 6f  63 61 6c 00  00 0c 00 01    ._tcp.local.....
0060: 04 5f 69 70  70 c0 12 00  0c 00 01*                   ._ipp......     


2026-06-28 20:27:29 DEBUG cic.cs.unb.ca.jnetpcap.PacketReader    Invalid [0,48,48) range.
JMemory: JMemory@268ffebf008class org.jnetpcap.protocol.network.Ip4: size=20 bytes
JMemory: owner=nio.JMemoryPool$Block.class(size=32768/offset=27640)
********************************************************************************
0000:*dc a6 32 f8  6a 3c e4 5f  01 96 47 65  08 06 00 01    ..2.j<._..Ge....
0010: 08 00 06 04  00 01 e4 5f  01 96 47 65  c0 a8 00 65    ......._..Ge...e
0020: 00 00 00 00  00 00 c0 a8  00 03                       ..........      


2026-06-28 20:27:29 DEBUG cic.cs.unb.ca.jnetpcap.PacketReader    null
********************************************************************************
0000:*e4 5f 01 96  47 65 dc a6  32 f8 6a 3c  08 06 00 01*   ._..Ge..2.j<....
0010: 08 00 06 04  00 02 dc a6  32 f8 6a 3c  c0 a8 00 03    ........2.j<....
0020: e4 5f 01 96  47 65 c0 a8  00 65*                      ._..Ge...e      


2026-06-28 20:27:29 DEBUG cic.cs.unb.ca.jnetpcap.PacketReader    Invalid [0,48,48) range.
JMemory: JMemory@268ffd3615aclass org.jnetpcap.protocol.network.Ip4: size=20 bytes
JMemory: owner=nio.JMemoryPool$Block.class(size=32768/offset=24666)
********************************************************************************
0000:*dc a6 32 f8  6a 3c e4 5f  01 96 47 65  08 06 00 01    ..2.j<._..Ge....
0010: 08 00 06 04  00 01 e4 5f  01 96 47 65  c0 a8 00 65    ......._..Ge...e
0020: 00 00 00 00  00 00 c0 a8  00 03                       ..........      


2026-06-28 20:27:29 DEBUG cic.cs.unb.ca.jnetpcap.PacketReader    null
********************************************************************************
0000:*e4 5f 01 96  47 65 dc a6  32 f8 6a 3c  08 06 00 01*   ._..Ge..2.j<....
0010: 08 00 06 04  00 02 dc a6  32 f8 6a 3c  c0 a8 00 03    ........2.j<....
0020: e4 5f 01 96  47 65 c0 a8  00 65*                      ._..Ge...e      


2026-06-28 20:27:29 DEBUG cic.cs.unb.ca.jnetpcap.PacketReader    null
********************************************************************************
0000:*e4 5f 01 96  47 65 dc a6  32 f8 6a 3c  08 06 00 01*   ._..Ge..2.j<....
0010: 08 00 06 04  00 01 dc a6  32 f8 6a 3c  c0 a8 00 03    ........2.j<....
0020: 00 00 00 00  00 00 c0 a8  00 65*                      .........e      


2026-06-28 20:27:29 DEBUG cic.cs.unb.ca.jnetpcap.PacketReader    Invalid [0,48,48) range.
JMemory: JMemory@268ffd36fa4class org.jnetpcap.protocol.network.Ip4: size=16 bytes
JMemory: owner=nio.JMemoryPool$Block.class(size=32768/offset=28324)
********************************************************************************
0000:*dc a6 32 f8  6a 3c e4 5f  01 96 47 65  08 06 00 01    ..2.j<._..Ge....
0010: 08 00 06 04  00 02 e4 5f  01 96 47 65  c0 a8 00 65    ......._..Ge...e
0020: dc a6 32 f8  6a 3c c0 a8  00 03                       ..2.j<....      


2026-06-28 20:27:29 DEBUG cic.cs.unb.ca.jnetpcap.PacketReader    Invalid [0,48,48) range.
JMemory: JMemory@268ffd41008class org.jnetpcap.protocol.network.Ip4: size=42 bytes
JMemory: owner=nio.JMemoryPool$Block.class(size=32768/offset=3816)
********************************************************************************
0000:*dc a6 32 f8  6a 3c e4 5f  01 96 47 65  08 06 00 01    ..2.j<._..Ge....
0010: 08 00 06 04  00 02 e4 5f  01 96 47 65  c0 a8 00 65    ......._..Ge...e
0020: dc a6 32 f8  6a 3c c0 a8  00 03                       ..2.j<....      


2026-06-28 20:27:29 DEBUG cic.cs.unb.ca.jnetpcap.PacketReader    null
********************************************************************************
0000:*33 33 00 00  00 01 72 5d  cc cd 13 20* 86 dd 60 00    33....r]... ..`.
0010: 00 00 00 24  00 01 fe 80  00 00 00 00  00 00 70 5d    ...$..........p]
0020: cc ff fe cd  13 20 ff 02  00 00 00 00  00 00 00 00    ..... ..........
0030: 00 00 00 00  00 01 3a 00  05 02 00 00  01 00 82 00    ......:.........
0040: 2c f1 03 e8  00 00 00 00  00 00 00 00  00 00 00 00    ,...............
0050: 00 00 00 00  00 00 00 00  00 00*                      ..........      


2026-06-28 20:27:29 DEBUG cic.cs.unb.ca.jnetpcap.PacketReader    null
********************************************************************************
0000:*33 33 00 00  00 16 e4 5f  01 96 47 65* 86 dd 60 00    33....._..Ge..`.
0010: 00 00 00 38  00 01 fe 80  00 00 00 00  00 00 f8 d0    ...8............
0020: 36 ba 92 4b  e0 c2 ff 02  00 00 00 00  00 00 00 00    6..K............
0030: 00 00 00 00  00 16 3a 00  05 02 00 00  01 00 8f 00    ......:.........
0040: ed 4e 00 00  00 02 02 00  00 00 ff 02  00 00 00 00    .N..............
0050: 00 00 00 00  00 01 ff 4b  e0 c2 02 00  00 00 ff 02    .......K........
0060: 00 00 00 00  00 00 00 00  00 00 00 00  00 fb*         ..............  


2026-06-28 20:27:29 DEBUG cic.cs.unb.ca.jnetpcap.PacketReader    Invalid [0,48,48) range.
JMemory: JMemory@268ffd65622class org.jnetpcap.protocol.network.Ip4: size=20 bytes
JMemory: owner=nio.JMemoryPool$Block.class(size=32768/offset=21698)
********************************************************************************
0000:*dc a6 32 f8  6a 3c e4 5f  01 96 47 65  08 06 00 01    ..2.j<._..Ge....
0010: 08 00 06 04  00 01 e4 5f  01 96 47 65  c0 a8 00 65    ......._..Ge...e
0020: 00 00 00 00  00 00 c0 a8  00 03                       ..........      


2026-06-28 20:27:29 DEBUG cic.cs.unb.ca.jnetpcap.PacketReader    null
********************************************************************************
0000:*e4 5f 01 96  47 65 dc a6  32 f8 6a 3c  08 06 00 01*   ._..Ge..2.j<....
0010: 08 00 06 04  00 02 dc a6  32 f8 6a 3c  c0 a8 00 03    ........2.j<....
0020: e4 5f 01 96  47 65 c0 a8  00 65*                      ._..Ge...e      


2026-06-28 20:27:29 DEBUG cic.cs.unb.ca.jnetpcap.PacketReader    null
********************************************************************************
0000:*e4 5f 01 96  47 65 dc a6  32 f8 6a 3c  08 06 00 01*   ._..Ge..2.j<....
0010: 08 00 06 04  00 01 dc a6  32 f8 6a 3c  c0 a8 00 03    ........2.j<....
0020: 00 00 00 00  00 00 c0 a8  00 65*                      .........e      


2026-06-28 20:27:29 DEBUG cic.cs.unb.ca.jnetpcap.PacketReader    Invalid [0,48,48) range.
JMemory: JMemory@268ffd8e1e0class org.jnetpcap.protocol.network.Ip4: size=16 bytes
JMemory: owner=nio.JMemoryPool$Block.class(size=32768/offset=24624)
********************************************************************************
0000:*dc a6 32 f8  6a 3c e4 5f  01 96 47 65  08 06 00 01    ..2.j<._..Ge....
0010: 08 00 06 04  00 02 e4 5f  01 96 47 65  c0 a8 00 65    ......._..Ge...e
0020: dc a6 32 f8  6a 3c c0 a8  00 03                       ..2.j<....      


2026-06-28 20:27:29 DEBUG cic.cs.unb.ca.jnetpcap.PacketReader    Invalid [0,48,48) range.
JMemory: JMemory@268ffd960baclass org.jnetpcap.protocol.network.Ip4: size=20 bytes
JMemory: owner=nio.JMemoryPool$Block.class(size=32768/offset=24314)
********************************************************************************
0000:*dc a6 32 f8  6a 3c e4 5f  01 96 47 65  08 06 00 01    ..2.j<._..Ge....
0010: 08 00 06 04  00 01 e4 5f  01 96 47 65  c0 a8 00 65    ......._..Ge...e
0020: 00 00 00 00  00 00 c0 a8  00 03                       ..........      


2026-06-28 20:27:29 DEBUG cic.cs.unb.ca.jnetpcap.PacketReader    null
********************************************************************************
0000:*e4 5f 01 96  47 65 dc a6  32 f8 6a 3c  08 06 00 01*   ._..Ge..2.j<....
0010: 08 00 06 04  00 02 dc a6  32 f8 6a 3c  c0 a8 00 03    ........2.j<....
0020: e4 5f 01 96  47 65 c0 a8  00 65*                      ._..Ge...e      


2026-06-28 20:27:29 DEBUG cic.cs.unb.ca.jnetpcap.PacketReader    Invalid [0,48,48) range.
JMemory: JMemory@268ffdc4d7aclass org.jnetpcap.protocol.network.Ip4: size=20 bytes
JMemory: owner=nio.JMemoryPool$Block.class(size=32768/offset=19290)
********************************************************************************
0000:*dc a6 32 f8  6a 3c e4 5f  01 96 47 65  08 06 00 01    ..2.j<._..Ge....
0010: 08 00 06 04  00 01 e4 5f  01 96 47 65  c0 a8 00 65    ......._..Ge...e
0020: 00 00 00 00  00 00 c0 a8  00 03                       ..........      


2026-06-28 20:27:29 DEBUG cic.cs.unb.ca.jnetpcap.PacketReader    null
********************************************************************************
0000:*e4 5f 01 96  47 65 dc a6  32 f8 6a 3c  08 06 00 01*   ._..Ge..2.j<....
0010: 08 00 06 04  00 02 dc a6  32 f8 6a 3c  c0 a8 00 03    ........2.j<....
0020: e4 5f 01 96  47 65 c0 a8  00 65*                      ._..Ge...e      


2026-06-28 20:27:29 DEBUG cic.cs.unb.ca.jnetpcap.PacketReader    null
********************************************************************************
0000:*33 33 00 00  00 01 72 5d  cc cd 13 20* 86 dd 60 00    33....r]... ..`.
0010: 00 00 00 24  00 01 fe 80  00 00 00 00  00 00 70 5d    ...$..........p]
0020: cc ff fe cd  13 20 ff 02  00 00 00 00  00 00 00 00    ..... ..........
0030: 00 00 00 00  00 01 3a 00  05 02 00 00  01 00 82 00    ......:.........
0040: 2c f1 03 e8  00 00 00 00  00 00 00 00  00 00 00 00    ,...............
0050: 00 00 00 00  00 00 00 00  00 00*                      ..........      


2026-06-28 20:27:29 DEBUG cic.cs.unb.ca.jnetpcap.PacketReader    null
********************************************************************************
0000:*33 33 00 00  00 16 e4 5f  01 96 47 65* 86 dd 60 00    33....._..Ge..`.
0010: 00 00 00 38  00 01 fe 80  00 00 00 00  00 00 f8 d0    ...8............
0020: 36 ba 92 4b  e0 c2 ff 02  00 00 00 00  00 00 00 00    6..K............
0030: 00 00 00 00  00 16 3a 00  05 02 00 00  01 00 8f 00    ......:.........
0040: ed 4e 00 00  00 02 02 00  00 00 ff 02  00 00 00 00    .N..............
0050: 00 00 00 00  00 01 ff 4b  e0 c2 02 00  00 00 ff 02    .......K........
0060: 00 00 00 00  00 00 00 00  00 00 00 00  00 fb*         ..............  


2026-06-28 20:27:29 DEBUG cic.cs.unb.ca.jnetpcap.PacketReader    null
********************************************************************************
0000:*e4 5f 01 96  47 65 dc a6  32 f8 6a 3c  08 06 00 01*   ._..Ge..2.j<....
0010: 08 00 06 04  00 01 dc a6  32 f8 6a 3c  c0 a8 00 03    ........2.j<....
0020: 00 00 00 00  00 00 c0 a8  00 65*                      .........e      


2026-06-28 20:27:29 DEBUG cic.cs.unb.ca.jnetpcap.PacketReader    Invalid [0,48,48) range.
JMemory: JMemory@268ffddbc08class org.jnetpcap.protocol.network.Ip4: size=16 bytes
JMemory: owner=nio.JMemoryPool$Block.class(size=32768/offset=14776)
********************************************************************************
0000:*dc a6 32 f8  6a 3c e4 5f  01 96 47 65  08 06 00 01    ..2.j<._..Ge....
0010: 08 00 06 04  00 02 e4 5f  01 96 47 65  c0 a8 00 65    ......._..Ge...e
0020: dc a6 32 f8  6a 3c c0 a8  00 03                       ..2.j<....      


2026-06-28 20:27:29 DEBUG cic.cs.unb.ca.jnetpcap.PacketReader    Invalid [0,48,48) range.
JMemory: JMemory@268ffdf5af6class org.jnetpcap.protocol.network.Ip4: size=20 bytes
JMemory: owner=nio.JMemoryPool$Block.class(size=32768/offset=22646)
********************************************************************************
0000:*dc a6 32 f8  6a 3c e4 5f  01 96 47 65  08 06 00 01    ..2.j<._..Ge....
0010: 08 00 06 04  00 01 e4 5f  01 96 47 65  c0 a8 00 65    ......._..Ge...e
0020: 00 00 00 00  00 00 c0 a8  00 03                       ..........      


2026-06-28 20:27:29 DEBUG cic.cs.unb.ca.jnetpcap.PacketReader    null
********************************************************************************
0000:*e4 5f 01 96  47 65 dc a6  32 f8 6a 3c  08 06 00 01*   ._..Ge..2.j<....
0010: 08 00 06 04  00 02 dc a6  32 f8 6a 3c  c0 a8 00 03    ........2.j<....
0020: e4 5f 01 96  47 65 c0 a8  00 65*                      ._..Ge...e      


2026-06-28 20:27:29 DEBUG cic.cs.unb.ca.jnetpcap.PacketReader    Invalid [0,48,48) range.
JMemory: JMemory@268ffe25ececlass org.jnetpcap.protocol.network.Ip4: size=20 bytes
JMemory: owner=nio.JMemoryPool$Block.class(size=32768/offset=23534)
********************************************************************************
0000:*dc a6 32 f8  6a 3c e4 5f  01 96 47 65  08 06 00 01    ..2.j<._..Ge....
0010: 08 00 06 04  00 01 e4 5f  01 96 47 65  c0 a8 00 65    ......._..Ge...e
0020: 00 00 00 00  00 00 c0 a8  00 03                       ..........      


2026-06-28 20:27:29 DEBUG cic.cs.unb.ca.jnetpcap.PacketReader    null
********************************************************************************
0000:*e4 5f 01 96  47 65 dc a6  32 f8 6a 3c  08 06 00 01*   ._..Ge..2.j<....
0010: 08 00 06 04  00 02 dc a6  32 f8 6a 3c  c0 a8 00 03    ........2.j<....
0020: e4 5f 01 96  47 65 c0 a8  00 65*                      ._..Ge...e      


2026-06-28 20:27:29 DEBUG cic.cs.unb.ca.jnetpcap.PacketReader    null
********************************************************************************
0000:*e4 5f 01 96  47 65 dc a6  32 f8 6a 3c  08 06 00 01*   ._..Ge..2.j<....
0010: 08 00 06 04  00 01 dc a6  32 f8 6a 3c  c0 a8 00 03    ........2.j<....
0020: 00 00 00 00  00 00 c0 a8  00 65*                      .........e      


2026-06-28 20:27:29 DEBUG cic.cs.unb.ca.jnetpcap.PacketReader    Invalid [0,48,48) range.
JMemory: JMemory@268ffe289f4class org.jnetpcap.protocol.network.Ip4: size=16 bytes
JMemory: owner=nio.JMemoryPool$Block.class(size=32768/offset=1796)
********************************************************************************
0000:*dc a6 32 f8  6a 3c e4 5f  01 96 47 65  08 06 00 01    ..2.j<._..Ge....
0010: 08 00 06 04  00 02 e4 5f  01 96 47 65  c0 a8 00 65    ......._..Ge...e
0020: dc a6 32 f8  6a 3c c0 a8  00 03                       ..2.j<....      


2026-06-28 20:27:29 DEBUG cic.cs.unb.ca.jnetpcap.PacketReader    Invalid [0,48,48) range.
JMemory: JMemory@268ffe32048class org.jnetpcap.protocol.network.Ip4: size=42 bytes
JMemory: owner=nio.JMemoryPool$Block.class(size=32768/offset=7496)
********************************************************************************
0000:*dc a6 32 f8  6a 3c e4 5f  01 96 47 65  08 06 00 01    ..2.j<._..Ge....
0010: 08 00 06 04  00 02 e4 5f  01 96 47 65  c0 a8 00 65    ......._..Ge...e
0020: dc a6 32 f8  6a 3c c0 a8  00 03                       ..2.j<....      


2026-06-28 20:27:29 DEBUG cic.cs.unb.ca.jnetpcap.PacketReader    null
********************************************************************************
0000:*33 33 00 00  00 01 72 5d  cc cd 13 20* 86 dd 60 00    33....r]... ..`.
0010: 00 00 00 24  00 01 fe 80  00 00 00 00  00 00 70 5d    ...$..........p]
0020: cc ff fe cd  13 20 ff 02  00 00 00 00  00 00 00 00    ..... ..........
0030: 00 00 00 00  00 01 3a 00  05 02 00 00  01 00 82 00    ......:.........
0040: 2c f1 03 e8  00 00 00 00  00 00 00 00  00 00 00 00    ,...............
0050: 00 00 00 00  00 00 00 00  00 00*                      ..........      


2026-06-28 20:27:29 DEBUG cic.cs.unb.ca.jnetpcap.PacketReader    null
********************************************************************************
0000:*33 33 00 00  00 16 e4 5f  01 96 47 65* 86 dd 60 00    33....._..Ge..`.
0010: 00 00 00 38  00 01 fe 80  00 00 00 00  00 00 f8 d0    ...8............
0020: 36 ba 92 4b  e0 c2 ff 02  00 00 00 00  00 00 00 00    6..K............
0030: 00 00 00 00  00 16 3a 00  05 02 00 00  01 00 8f 00    ......:.........
0040: ed 4e 00 00  00 02 02 00  00 00 ff 02  00 00 00 00    .N..............
0050: 00 00 00 00  00 01 ff 4b  e0 c2 02 00  00 00 ff 02    .......K........
0060: 00 00 00 00  00 00 00 00  00 00 00 00  00 fb*         ..............  


2026-06-28 20:27:29 DEBUG cic.cs.unb.ca.jnetpcap.PacketReader    Invalid [0,48,48) range.
JMemory: JMemory@26888dccf8eclass org.jnetpcap.protocol.network.Ip4: size=20 bytes
JMemory: owner=nio.JMemoryPool$Block.class(size=32768/offset=20190)
********************************************************************************
0000:*dc a6 32 f8  6a 3c e4 5f  01 96 47 65  08 06 00 01    ..2.j<._..Ge....
0010: 08 00 06 04  00 01 e4 5f  01 96 47 65  c0 a8 00 65    ......._..Ge...e
0020: 00 00 00 00  00 00 c0 a8  00 03                       ..........      


2026-06-28 20:27:29 DEBUG cic.cs.unb.ca.jnetpcap.PacketReader    null
********************************************************************************
0000:*e4 5f 01 96  47 65 dc a6  32 f8 6a 3c  08 06 00 01*   ._..Ge..2.j<....
0010: 08 00 06 04  00 02 dc a6  32 f8 6a 3c  c0 a8 00 03    ........2.j<....
0020: e4 5f 01 96  47 65 c0 a8  00 65*                      ._..Ge...e      


2026-06-28 20:27:29 DEBUG cic.cs.unb.ca.jnetpcap.PacketReader    null
********************************************************************************
0000:*e4 5f 01 96  47 65 dc a6  32 f8 6a 3c  08 06 00 01*   ._..Ge..2.j<....
0010: 08 00 06 04  00 01 dc a6  32 f8 6a 3c  c0 a8 00 03    ........2.j<....
0020: 00 00 00 00  00 00 c0 a8  00 65*                      .........e      


2026-06-28 20:27:29 DEBUG cic.cs.unb.ca.jnetpcap.PacketReader    Invalid [0,48,48) range.
JMemory: JMemory@26888dedd20class org.jnetpcap.protocol.network.Ip4: size=16 bytes
JMemory: owner=nio.JMemoryPool$Block.class(size=32768/offset=23600)
********************************************************************************
0000:*dc a6 32 f8  6a 3c e4 5f  01 96 47 65  08 06 00 01    ..2.j<._..Ge....
0010: 08 00 06 04  00 02 e4 5f  01 96 47 65  c0 a8 00 65    ......._..Ge...e
0020: dc a6 32 f8  6a 3c c0 a8  00 03                       ..2.j<....      


2026-06-28 20:27:29 DEBUG cic.cs.unb.ca.jnetpcap.PacketReader    Invalid [0,48,48) range.
JMemory: JMemory@26888dfde5aclass org.jnetpcap.protocol.network.Ip4: size=20 bytes
JMemory: owner=nio.JMemoryPool$Block.class(size=32768/offset=23882)
********************************************************************************
0000:*dc a6 32 f8  6a 3c e4 5f  01 96 47 65  08 06 00 01    ..2.j<._..Ge....
0010: 08 00 06 04  00 01 e4 5f  01 96 47 65  c0 a8 00 65    ......._..Ge...e
0020: 00 00 00 00  00 00 c0 a8  00 03                       ..........      


2026-06-28 20:27:29 DEBUG cic.cs.unb.ca.jnetpcap.PacketReader    null
********************************************************************************
0000:*e4 5f 01 96  47 65 dc a6  32 f8 6a 3c  08 06 00 01*   ._..Ge..2.j<....
0010: 08 00 06 04  00 02 dc a6  32 f8 6a 3c  c0 a8 00 03    ........2.j<....
0020: e4 5f 01 96  47 65 c0 a8  00 65*                      ._..Ge...e      


2026-06-28 20:27:29 DEBUG cic.cs.unb.ca.jnetpcap.PacketReader    null
********************************************************************************
0000:*e4 5f 01 96  47 65 dc a6  32 f8 6a 3c  08 06 00 01*   ._..Ge..2.j<....
0010: 08 00 06 04  00 01 dc a6  32 f8 6a 3c  c0 a8 00 03    ........2.j<....
0020: 00 00 00 00  00 00 c0 a8  00 65*                      .........e      


2026-06-28 20:27:29 DEBUG cic.cs.unb.ca.jnetpcap.PacketReader    Invalid [0,48,48) range.
JMemory: JMemory@26888e169bcclass org.jnetpcap.protocol.network.Ip4: size=16 bytes
JMemory: owner=nio.JMemoryPool$Block.class(size=32768/offset=26748)
********************************************************************************
0000:*dc a6 32 f8  6a 3c e4 5f  01 96 47 65  08 06 00 01    ..2.j<._..Ge....
0010: 08 00 06 04  00 02 e4 5f  01 96 47 65  c0 a8 00 65    ......._..Ge...e
0020: dc a6 32 f8  6a 3c c0 a8  00 03                       ..2.j<....      


2026-06-28 20:27:29 DEBUG cic.cs.unb.ca.jnetpcap.PacketReader    Invalid [0,48,48) range.
JMemory: JMemory@26888e2b30eclass org.jnetpcap.protocol.network.Ip4: size=20 bytes
JMemory: owner=nio.JMemoryPool$Block.class(size=32768/offset=12702)
********************************************************************************
0000:*dc a6 32 f8  6a 3c e4 5f  01 96 47 65  08 06 00 01    ..2.j<._..Ge....
0010: 08 00 06 04  00 01 e4 5f  01 96 47 65  c0 a8 00 65    ......._..Ge...e
0020: 00 00 00 00  00 00 c0 a8  00 03                       ..........      


2026-06-28 20:27:29 DEBUG cic.cs.unb.ca.jnetpcap.PacketReader    null
********************************************************************************
0000:*e4 5f 01 96  47 65 dc a6  32 f8 6a 3c  08 06 00 01*   ._..Ge..2.j<....
0010: 08 00 06 04  00 02 dc a6  32 f8 6a 3c  c0 a8 00 03    ........2.j<....
0020: e4 5f 01 96  47 65 c0 a8  00 65*                      ._..Ge...e      


2026-06-28 20:27:29 DEBUG cic.cs.unb.ca.jnetpcap.PacketReader    null
********************************************************************************
0000:*33 33 00 00  00 01 72 5d  cc cd 13 20* 86 dd 60 00    33....r]... ..`.
0010: 00 00 00 24  00 01 fe 80  00 00 00 00  00 00 70 5d    ...$..........p]
0020: cc ff fe cd  13 20 ff 02  00 00 00 00  00 00 00 00    ..... ..........
0030: 00 00 00 00  00 01 3a 00  05 02 00 00  01 00 82 00    ......:.........
0040: 2c f1 03 e8  00 00 00 00  00 00 00 00  00 00 00 00    ,...............
0050: 00 00 00 00  00 00 00 00  00 00*                      ..........      


2026-06-28 20:27:29 DEBUG cic.cs.unb.ca.jnetpcap.PacketReader    null
********************************************************************************
0000:*33 33 00 00  00 16 e4 5f  01 96 47 65* 86 dd 60 00    33....._..Ge..`.
0010: 00 00 00 38  00 01 fe 80  00 00 00 00  00 00 f8 d0    ...8............
0020: 36 ba 92 4b  e0 c2 ff 02  00 00 00 00  00 00 00 00    6..K............
0030: 00 00 00 00  00 16 3a 00  05 02 00 00  01 00 8f 00    ......:.........
0040: ed 4e 00 00  00 02 02 00  00 00 ff 02  00 00 00 00    .N..............
0050: 00 00 00 00  00 01 ff 4b  e0 c2 02 00  00 00 ff 02    .......K........
0060: 00 00 00 00  00 00 00 00  00 00 00 00  00 fb*         ..............  


2026-06-28 20:27:29 DEBUG cic.cs.unb.ca.jnetpcap.PacketReader    null
********************************************************************************
0000:*e4 5f 01 96  47 65 dc a6  32 f8 6a 3c  08 06 00 01*   ._..Ge..2.j<....
0010: 08 00 06 04  00 01 dc a6  32 f8 6a 3c  c0 a8 00 03    ........2.j<....
0020: 00 00 00 00  00 00 c0 a8  00 65*                      .........e      


2026-06-28 20:27:29 DEBUG cic.cs.unb.ca.jnetpcap.PacketReader    Invalid [0,48,48) range.
JMemory: JMemory@26888e3bd7cclass org.jnetpcap.protocol.network.Ip4: size=16 bytes
JMemory: owner=nio.JMemoryPool$Block.class(size=32768/offset=15340)
********************************************************************************
0000:*dc a6 32 f8  6a 3c e4 5f  01 96 47 65  08 06 00 01    ..2.j<._..Ge....
0010: 08 00 06 04  00 02 e4 5f  01 96 47 65  c0 a8 00 65    ......._..Ge...e
0020: dc a6 32 f8  6a 3c c0 a8  00 03                       ..2.j<....      


2026-06-28 20:27:29 DEBUG cic.cs.unb.ca.jnetpcap.PacketReader    Read All packets on C:\Users\amoha\OneDrive\Desktop\gp\gp\hybrid_ids_share_with_keys\uploads\web_attack(bruteforce).pcap
